2017 CAI View: Medicare Report Card Master Table,,,,,,,,,,,,,,,,,,,,,,,,,,,,,,,,,,,,,,,,,,,,,,,,,,,
Contract Number,Organization Marketing Name,Contract Name,Parent Organization,Puerto Rico Only,Part C FAC,Part D MA-PD FAC,Part D PDP FAC,Overall FAC,,,,,,,,,,,,,,,,,,,,,,,,,,,,,,,,,,,,,,,,,,,
E0654,TEAMStar Medicare Part D Prescription Drug Program,IBT VOLUNTARY EMPLOYEE BENEFITS TRUST,IBT Voluntary Employee Benefits Trust,No,N/A,N/A,A,N/A,,,,,,,,,,,,,,,,,,,,,,,,,,,,,,,,,,,,,,,,,,,
E2630,C and O Employees Hospital Association,C AND O EMPLOYEES' HOSPITAL ASSOCIATION,C & O Employees' Hospital Association,No,N/A,N/A,A,N/A,,,,,,,,,,,,,,,,,,,,,,,,,,,,,,,,,,,,,,,,,,,
E3014,Pennsylvania Public School Employees Retirement Sy,PSERS HOP PROGRAM,Commonwealth of PA Pub Schools Retirement System,No,N/A,N/A,A,N/A,,,,,,,,,,,,,,,,,,,,,,,,,,,,,,,,,,,,,,,,,,,
E4744,MISSOURI DEPARTMENT OF TRANSPORTATION,MODOT/MSHP MEDICAL AND LIFE INSURANCE PLAN,Missouri Highways and Transportation Commission,No,N/A,N/A,A,N/A,,,,,,,,,,,,,,,,,,,,,,,,,,,,,,,,,,,,,,,,,,,
E7316,Union Pacific Railroad  Employes Health Systems,UNION PACIFIC RAILROAD EMPLOYES HEALTH SYSTEMS,Union Pacific Railroad Employes Health Systems,No,N/A,N/A,A,N/A,,,,,,,,,,,,,,,,,,,,,,,,,,,,,,,,,,,,,,,,,,,
H0028,"CHA HMO, Inc.","CHA HMO, INC.",Humana Inc.,No,D,B,N/A,D,,,,,,,,,,,,,,,,,,,,,,,,,,,,,,,,,,,,,,,,,,,
H0062,Superior HealthPlan Medicare Advantage,"SUPERIOR HEALTHPLAN COMMUNITY SOLUTIONS, INC.",Centene Corporation,No,N/A,N/A,N/A,N/A,,,,,,,,,,,,,,,,,,,,,,,,,,,,,,,,,,,,,,,,,,,
H0104,Blue Advantage (PPO),BLUE CROSS AND BLUE SHIELD OF ALABAMA,BlueCross BlueShield of Alabama,No,D,B,N/A,D,,,,,,,,,,,,,,,,,,,,,,,,,,,,,,,,,,,,,,,,,,,
H0107,Blue Cross and Blue Shield of Montana,HEALTH CARE SERVICE CORPORATION,Health Care Service Corporation,No,D,B,N/A,D,,,,,,,,,,,,,,,,,,,,,,,,,,,,,,,,,,,,,,,,,,,
H0141,McLaren Advantage (HMO),"MCLAREN HEALTH PLAN, INC.",McLaren Health Care Corporation,No,D,B,N/A,D,,,,,,,,,,,,,,,,,,,,,,,,,,,,,,,,,,,,,,,,,,,
H0150,Cigna-HealthSpring,"HEALTHSPRING OF ALABAMA, INC.",CIGNA,No,I,E,N/A,J,,,,,,,,,,,,,,,,,,,,,,,,,,,,,,,,,,,,,,,,,,,
H0154,VIVA Medicare,"VIVA HEALTH, INC.",UAB Health System,No,I,E,N/A,J,,,,,,,,,,,,,,,,,,,,,,,,,,,,,,,,,,,,,,,,,,,
H0174,Universal American Corp.,"TODAY'S OPTIONS OF TEXAS, INC.",Universal American Corp.,No,N/A,N/A,N/A,N/A,,,,,,,,,,,,,,,,,,,,,,,,,,,,,,,,,,,,,,,,,,,
H0251,UnitedHealthcare,"UNITEDHEALTHCARE PLAN OF THE RIVER VALLEY, INC.","UnitedHealth Group, Inc.",No,K,G,N/A,L,,,,,,,,,,,,,,,,,,,,,,,,,,,,,,,,,,,,,,,,,,,
H0294,UnitedHealthcare,CARE IMPROVEMENT PLUS WISCONSIN INSURANCE COMPANY,"UnitedHealth Group, Inc.",No,D,B,N/A,D,,,,,,,,,,,,,,,,,,,,,,,,,,,,,,,,,,,,,,,,,,,
H0302,Blue Cross Blue Shield of Arizona Advantage,"MEDISUN, INC.","Veritage, LLC",No,D,B,N/A,D,,,,,,,,,,,,,,,,,,,,,,,,,,,,,,,,,,,,,,,,,,,
H0321,UnitedHealthcare,"ARIZONA PHYSICIANS IPA, INC.","UnitedHealth Group, Inc.",No,K,G,N/A,L,,,,,,,,,,,,,,,,,,,,,,,,,,,,,,,,,,,,,,,,,,,
H0332,KelseyCare Advantage,"KS PLAN ADMINISTRATORS, LLC","Kelsey-Seybold Medical Group, PLLC",No,C,A,N/A,C,,,,,,,,,,,,,,,,,,,,,,,,,,,,,,,,,,,,,,,,,,,
H0351,"Health Net of Arizona, Inc.","HEALTH NET OF ARIZONA, INC.",Centene Corporation,No,H,B,N/A,D,,,,,,,,,,,,,,,,,,,,,,,,,,,,,,,,,,,,,,,,,,,
H0354,Cigna,"CIGNA HEALTHCARE OF ARIZONA, INC.",CIGNA,No,D,B,N/A,D,,,,,,,,,,,,,,,,,,,,,,,,,,,,,,,,,,,,,,,,,,,
H0423,MetroPlus Health Plan,"METROPLUS HEALTH PLAN, INC.",New York City Health and Hospitals Corporation,No,J,F,N/A,K,,,,,,,,,,,,,,,,,,,,,,,,,,,,,,,,,,,,,,,,,,,
H0439,Cigna-HealthSpring,"CIGNA HEALTHCARE OF GEORGIA, INC.",CIGNA,No,I,E,N/A,J,,,,,,,,,,,,,,,,,,,,,,,,,,,,,,,,,,,,,,,,,,,
H0490,Molina Healthcare of Ohio,"MOLINA HEALTHCARE OF OHIO, INC.","Molina Healthcare, Inc.,",No,J,F,N/A,K,,,,,,,,,,,,,,,,,,,,,,,,,,,,,,,,,,,,,,,,,,,
H0502,Contra Costa Health Plan,THE CONTRA COSTA HEALTH PLAN,Contra Costa Health Services,No,I,N/A,N/A,N/A,,,,,,,,,,,,,,,,,,,,,,,,,,,,,,,,,,,,,,,,,,,
H0504,Blue Shield of California,CALIFORNIA PHYSICIANS' SERVICE,California Physicians' Service,No,D,A,N/A,D,,,,,,,,,,,,,,,,,,,,,,,,,,,,,,,,,,,,,,,,,,,
H0523,Aetna Medicare,AETNA HEALTH OF CALIFORNIA INC.,Aetna Inc.,No,D,B,N/A,D,,,,,,,,,,,,,,,,,,,,,,,,,,,,,,,,,,,,,,,,,,,
H0524,Kaiser Permanente,"KAISER FOUNDATION HP, INC.","Kaiser Foundation Health Plan, Inc.",No,D,A,N/A,D,,,,,,,,,,,,,,,,,,,,,,,,,,,,,,,,,,,,,,,,,,,
H0543,UnitedHealthcare,UHC OF CALIFORNIA,"UnitedHealth Group, Inc.",No,D,B,N/A,D,,,,,,,,,,,,,,,,,,,,,,,,,,,,,,,,,,,,,,,,,,,
H0544,CareMore Health Plan,CAREMORE HEALTH PLAN,Anthem Inc.,No,H,B,N/A,I,,,,,,,,,,,,,,,,,,,,,,,,,,,,,,,,,,,,,,,,,,,
H0545,Inter Valley Health Plan,"INTER VALLEY HEALTH PLAN, INC.",InterValley Health Plan,No,D,B,N/A,D,,,,,,,,,,,,,,,,,,,,,,,,,,,,,,,,,,,,,,,,,,,
H0562,Health Net of California,"HEALTH NET OF CALIFORNIA,INC.",Centene Corporation,No,H,D,N/A,I,,,,,,,,,,,,,,,,,,,,,,,,,,,,,,,,,,,,,,,,,,,
H0564,Anthem Blue Cross,BLUE CROSS OF CALIFORNIA,Anthem Inc.,No,D,B,N/A,D,,,,,,,,,,,,,,,,,,,,,,,,,,,,,,,,,,,,,,,,,,,
H0571,Chinese Community Health Plan,CHINESE COMMUNITY HEALTH PLAN,Chinese Hospital Association,No,B,C,N/A,B,,,,,,,,,,,,,,,,,,,,,,,,,,,,,,,,,,,,,,,,,,,
H0602,Rocky Mountain Health Plans,ROCKY MOUNTAIN HEALTH MAINTENANCE ORGANIZATION,"Rocky Mountain HMO, Inc.",No,D,B,N/A,D,,,,,,,,,,,,,,,,,,,,,,,,,,,,,,,,,,,,,,,,,,,
H0609,UnitedHealthcare,"PACIFICARE OF COLORADO, INC","UnitedHealth Group, Inc.",No,D,B,N/A,D,,,,,,,,,,,,,,,,,,,,,,,,,,,,,,,,,,,,,,,,,,,
H0624,UnitedHealthcare,UNITEDHEALTHCARE INSURANCE COMPANY,"UnitedHealth Group, Inc.",No,J,F,N/A,K,,,,,,,,,,,,,,,,,,,,,,,,,,,,,,,,,,,,,,,,,,,
H0630,Kaiser Permanente,KAISER FOUNDATION HP OF CO,"Kaiser Foundation Health Plan, Inc.",No,C,A,N/A,C,,,,,,,,,,,,,,,,,,,,,,,,,,,,,,,,,,,,,,,,,,,
H0657,Colorado Choice Health Plans,COLORADO CHOICE HEALTH PLANS,Colorado Choice Health Plans,No,D,N/A,N/A,N/A,,,,,,,,,,,,,,,,,,,,,,,,,,,,,,,,,,,,,,,,,,,
H0710,UnitedHealthcare,UNITEDHEALTHCARE INSURANCE COMPANY,"UnitedHealth Group, Inc.",No,J,D,N/A,K,,,,,,,,,,,,,,,,,,,,,,,,,,,,,,,,,,,,,,,,,,,
H0712,WellCare,"WELLCARE OF CONNECTICUT, INC.","WellCare Health Plans, Inc.",No,J,F,N/A,K,,,,,,,,,,,,,,,,,,,,,,,,,,,,,,,,,,,,,,,,,,,
H0735,EssentiaCare,UCARE MINNESOTA,UCare Minnesota,No,N/A,N/A,N/A,N/A,,,,,,,,,,,,,,,,,,,,,,,,,,,,,,,,,,,,,,,,,,,
H0755,UnitedHealthcare,"OXFORD HEALTH PLANS (CT), INC.","UnitedHealth Group, Inc.",No,F,C,N/A,F,,,,,,,,,,,,,,,,,,,,,,,,,,,,,,,,,,,,,,,,,,,
H0838,Brand New Day,"UNIVERSAL CARE, INC.","Universal Care, Inc",No,J,F,N/A,K,,,,,,,,,,,,,,,,,,,,,,,,,,,,,,,,,,,,,,,,,,,
H0908,Buckeye Health Plan,"BUCKEYE COMMUNITY HEALTH PLAN, INC.",Centene Corporation,No,J,F,N/A,K,,,,,,,,,,,,,,,,,,,,,,,,,,,,,,,,,,,,,,,,,,,
H0913,WellCare,"WELLCARE HEALTH PLANS OF NEW JERSEY, INC.","WellCare Health Plans, Inc.",No,I,E,N/A,J,,,,,,,,,,,,,,,,,,,,,,,,,,,,,,,,,,,,,,,,,,,
H1016,AvMed Medicare,"AVMED, INC.","AvMed, Inc.",No,D,A,N/A,D,,,,,,,,,,,,,,,,,,,,,,,,,,,,,,,,,,,,,,,,,,,
H1019,"CarePlus Health Plans, Inc.","CAREPLUS HEALTH PLANS, INC.",Humana Inc.,No,I,D,N/A,J,,,,,,,,,,,,,,,,,,,,,,,,,,,,,,,,,,,,,,,,,,,
H1026,Florida Blue HMO,"HEALTH OPTIONS, INC.",Guidewell Mutual Holding Corporation,No,D,B,N/A,D,,,,,,,,,,,,,,,,,,,,,,,,,,,,,,,,,,,,,,,,,,,
H1032,WellCare,"WELLCARE OF FLORIDA, INC.","WellCare Health Plans, Inc.",No,I,E,N/A,J,,,,,,,,,,,,,,,,,,,,,,,,,,,,,,,,,,,,,,,,,,,
H1035,Florida Health Care Plans,"FLORIDA HEALTH CARE PLAN, INC.",Guidewell Mutual Holding Corporation,No,D,B,N/A,D,,,,,,,,,,,,,,,,,,,,,,,,,,,,,,,,,,,,,,,,,,,
H1036,"Humana Medical Plan, Inc.","HUMANA MEDICAL PLAN, INC.",Humana Inc.,No,H,D,N/A,I,,,,,,,,,,,,,,,,,,,,,,,,,,,,,,,,,,,,,,,,,,,
H1045,UnitedHealthcare,"PREFERRED CARE PARTNERS, INC.","UnitedHealth Group, Inc.",No,E,C,N/A,E,,,,,,,,,,,,,,,,,,,,,,,,,,,,,,,,,,,,,,,,,,,
H1099,"Health First Health Plans, Inc.",HEALTH FIRST HEALTH PLANS,"Health First, Inc.",No,D,B,N/A,D,,,,,,,,,,,,,,,,,,,,,,,,,,,,,,,,,,,,,,,,,,,
H1109,Aetna Medicare,AETNA HEALTH INC.(GA),Aetna Inc.,No,D,B,N/A,D,,,,,,,,,,,,,,,,,,,,,,,,,,,,,,,,,,,,,,,,,,,
H1111,UnitedHealthcare,"UNITEDHEALTHCARE OF GEORGIA, INC.","UnitedHealth Group, Inc.",No,I,B,N/A,J,,,,,,,,,,,,,,,,,,,,,,,,,,,,,,,,,,,,,,,,,,,
H1112,WellCare,"WELLCARE OF GEORGIA, INC.","WellCare Health Plans, Inc.",No,J,E,N/A,J,,,,,,,,,,,,,,,,,,,,,,,,,,,,,,,,,,,,,,,,,,,
H1170,Kaiser Permanente,"KAISER FOUNDATION HP OF GA, INC.","Kaiser Foundation Health Plan, Inc.",No,D,B,N/A,D,,,,,,,,,,,,,,,,,,,,,,,,,,,,,,,,,,,,,,,,,,,
H1181,Network Health Medicare Advantage Plans,NETWORK HEALTH INSURANCE CORPORATION,"Ministry Health Care, Inc.",No,A,N/A,N/A,N/A,,,,,,,,,,,,,,,,,,,,,,,,,,,,,,,,,,,,,,,,,,,
H1189,CHRISTUS Health Plan Generations,CHRISTUS HEALTH PLAN,CHRISTUS Health Plan,No,I,E,N/A,J,,,,,,,,,,,,,,,,,,,,,,,,,,,,,,,,,,,,,,,,,,,
H1230,Kaiser Permanente,"KAISER FOUNDATION HP, INC.","Kaiser Foundation Health Plan, Inc.",No,A,A,N/A,A,,,,,,,,,,,,,,,,,,,,,,,,,,,,,,,,,,,,,,,,,,,
H1264,WellCare,"WELLCARE OF TEXAS, INC.","WellCare Health Plans, Inc.",No,I,E,N/A,J,,,,,,,,,,,,,,,,,,,,,,,,,,,,,,,,,,,,,,,,,,,
H1286,UnitedHealthcare,UNITEDHEALTHCARE INSURANCE COMPANY,"UnitedHealth Group, Inc.",No,D,B,N/A,D,,,,,,,,,,,,,,,,,,,,,,,,,,,,,,,,,,,,,,,,,,,
H1302,Blue Cross of Idaho,"BLUE CROSS OF IDAHO CARE PLUS, INC.","Blue Cross of Idaho Health Services, Inc.",No,D,B,N/A,D,,,,,,,,,,,,,,,,,,,,,,,,,,,,,,,,,,,,,,,,,,,
H1304,Regence BlueShield Of Idaho,REGENCE BLUE SHIELD OF IDAHO,"Cambia Health Solutions, Inc.",No,D,B,N/A,D,,,,,,,,,,,,,,,,,,,,,,,,,,,,,,,,,,,,,,,,,,,
H1343,Fresenius Health Plans,"FRESENIUS HEALTH PLANS OF TEXAS, INC.",Fresenius Medicare Care AG & Co. KGaA,No,N/A,N/A,N/A,N/A,,,,,,,,,,,,,,,,,,,,,,,,,,,,,,,,,,,,,,,,,,,
H1350,Blue Cross of Idaho,"BLUE CROSS OF IDAHO CARE PLUS, INC.","Blue Cross of Idaho Health Services, Inc.",No,D,B,N/A,D,,,,,,,,,,,,,,,,,,,,,,,,,,,,,,,,,,,,,,,,,,,
H1352,Blue Cross and Blue Shield of Kansas City (Blue KC,"BLUE-ADVANTAGE PLUS OF KANSAS CITY, INC.",Blue Cross and Blue Shield of Kansas City,No,N/A,N/A,N/A,N/A,,,,,,,,,,,,,,,,,,,,,,,,,,,,,,,,,,,,,,,,,,,
H1365,Martin's Point Generations Advantage,"MARTIN'S POINT GENERATIONS ADVANTAGE, INC.","Martin's Point Health Care, Inc.",No,C,A,N/A,C,,,,,,,,,,,,,,,,,,,,,,,,,,,,,,,,,,,,,,,,,,,
H1372,AgeRight Advantage Health Plan (HMO SNP),"MARQUIS ADVANTAGE, INC.","Marquis Companies I, Inc.",No,N/A,N/A,N/A,N/A,,,,,,,,,,,,,,,,,,,,,,,,,,,,,,,,,,,,,,,,,,,
H1394,Anthem Blue Cross and Blue Shield,"HMO COLORADO, INC.",Anthem Inc.,No,N/A,N/A,N/A,N/A,,,,,,,,,,,,,,,,,,,,,,,,,,,,,,,,,,,,,,,,,,,
H1406,"Humana Health Plan, Inc.","HUMANA HEALTH PLAN, INC.",Humana Inc.,No,D,B,N/A,D,,,,,,,,,,,,,,,,,,,,,,,,,,,,,,,,,,,,,,,,,,,
H1415,Cigna-HealthSpring,"HEALTHSPRING OF TENNESSEE, INC.",CIGNA,No,I,E,N/A,J,,,,,,,,,,,,,,,,,,,,,,,,,,,,,,,,,,,,,,,,,,,
H1416,WellCare,"HARMONY HEALTH PLAN,  INC. (IL)","WellCare Health Plans, Inc.",No,I,E,N/A,J,,,,,,,,,,,,,,,,,,,,,,,,,,,,,,,,,,,,,,,,,,,
H1463,Health Alliance Medicare,"HEALTH ALLIANCE CONNECT, INC.",The Carle Foundation,No,D,B,N/A,D,,,,,,,,,,,,,,,,,,,,,,,,,,,,,,,,,,,,,,,,,,,
H1468,"Humana Benefit Plan of Illinois, Inc.","HUMANA BENEFIT PLAN OF ILLINOIS, INC.",Humana Inc.,No,D,B,N/A,D,,,,,,,,,,,,,,,,,,,,,,,,,,,,,,,,,,,,,,,,,,,
H1493,CareSource,CARESOURCE KENTUCKY CO.,CareSource Management Group Co.,No,N/A,N/A,N/A,N/A,,,,,,,,,,,,,,,,,,,,,,,,,,,,,,,,,,,,,,,,,,,
H1510,Humana Insurance Company,HUMANA INSURANCE COMPANY,Humana Inc.,No,D,B,N/A,D,,,,,,,,,,,,,,,,,,,,,,,,,,,,,,,,,,,,,,,,,,,
H1517,Anthem Blue Cross and Blue Shield,"ANTHEM INSURANCE COMPANIES, INC.",Anthem Inc.,No,D,B,N/A,D,,,,,,,,,,,,,,,,,,,,,,,,,,,,,,,,,,,,,,,,,,,
H1537,UnitedHealthcare,UNITEDHEALTHCARE INSURANCE COMPANY OF NEW YORK,"UnitedHealth Group, Inc.",No,D,B,N/A,D,,,,,,,,,,,,,,,,,,,,,,,,,,,,,,,,,,,,,,,,,,,
H1587,Tribute Health Plan of Arkansas,"ARKANSAS SUPERIOR SELECT, INC.","Select Founders, LLC",No,K,F,N/A,L,,,,,,,,,,,,,,,,,,,,,,,,,,,,,,,,,,,,,,,,,,,
H1607,Anthem Blue Cross and Blue Shield,"ANTHEM INSURANCE COMPANIES, INC.",Anthem Inc.,No,D,A,N/A,C,,,,,,,,,,,,,,,,,,,,,,,,,,,,,,,,,,,,,,,,,,,
H1608,Coventry Health Care,COVENTRY HEALTH AND LIFE INSURANCE COMPANY,Aetna Inc.,No,D,B,N/A,D,,,,,,,,,,,,,,,,,,,,,,,,,,,,,,,,,,,,,,,,,,,
H1609,Coventry Health Care,AETNA HEALTH INC. (FL),Aetna Inc.,No,D,B,N/A,D,,,,,,,,,,,,,,,,,,,,,,,,,,,,,,,,,,,,,,,,,,,
H1651,"Medical Associates Health Plan, Inc.","MEDICAL ASSOCIATES HEALTH PLAN, INC.","Medical Associates Clinic, P.C.",No,C,N/A,N/A,N/A,,,,,,,,,,,,,,,,,,,,,,,,,,,,,,,,,,,,,,,,,,,
H1659,Piedmont Medicare Advantage,"PIEDMONT COMMUNITY HEALTHCARE, INC.",Piedmont Community Health Plan,No,D,B,N/A,D,,,,,,,,,,,,,,,,,,,,,,,,,,,,,,,,,,,,,,,,,,,
H1660,"Harvard Pilgrim Health Care, Inc.",HARVARD PILGRIM HEALTH CARE INC.,"Harvard Pilgrim Health Care, Inc.",No,D,B,N/A,D,,,,,,,,,,,,,,,,,,,,,,,,,,,,,,,,,,,,,,,,,,,
H1666,Blue Cross Blue Shield of Texas,HCSC INSURANCE SERVICES COMPANY,Health Care Service Corporation,No,D,B,N/A,D,,,,,,,,,,,,,,,,,,,,,,,,,,,,,,,,,,,,,,,,,,,
H1692,Coventry Health Care,"COVENTRY HEALTH CARE OF WEST VIRGINIA, INC.",Aetna Inc.,No,I,E,N/A,J,,,,,,,,,,,,,,,,,,,,,,,,,,,,,,,,,,,,,,,,,,,
H1716,Humana Insurance Company,HUMANA INSURANCE COMPANY,Humana Inc.,No,D,B,N/A,D,,,,,,,,,,,,,,,,,,,,,,,,,,,,,,,,,,,,,,,,,,,
H1737,Health Alliance Medicare,"HEALTH ALLIANCE - MIDWEST, INC.",The Carle Foundation,No,D,B,N/A,D,,,,,,,,,,,,,,,,,,,,,,,,,,,,,,,,,,,,,,,,,,,
H1777,ArchCare Advantage,"CATHOLIC SPECIAL NEEDS PLAN, LLC",Catholic Health Care System,No,H,D,N/A,H,,,,,,,,,,,,,,,,,,,,,,,,,,,,,,,,,,,,,,,,,,,
H1846,MediGold,MOUNT CARMEL HEALTH INSURANCE COMPANY,Trinity Health,No,D,B,N/A,D,,,,,,,,,,,,,,,,,,,,,,,,,,,,,,,,,,,,,,,,,,,
H1849,Anthem Blue Cross and Blue Shield,"ANTHEM HEALTH PLANS OF KENTUCKY, INC.",Anthem Inc.,No,I,B,N/A,J,,,,,,,,,,,,,,,,,,,,,,,,,,,,,,,,,,,,,,,,,,,
H1894,AMERIGROUP,"AMERIGROUP WASHINGTON, INC.",Anthem Inc.,No,I,E,N/A,J,,,,,,,,,,,,,,,,,,,,,,,,,,,,,,,,,,,,,,,,,,,
H1944,UnitedHealthcare,"UNITEDHEALTHCARE OF NEW ENGLAND, INC.","UnitedHealth Group, Inc.",No,D,B,N/A,D,,,,,,,,,,,,,,,,,,,,,,,,,,,,,,,,,,,,,,,,,,,
H1951,"Humana Health Benefit Plan of Louisiana, Inc.","HUMANA HEALTH BENEFIT PLAN OF LOUISIANA, INC.",Humana Inc.,No,D,B,N/A,D,,,,,,,,,,,,,,,,,,,,,,,,,,,,,,,,,,,,,,,,,,,
H1961,Peoples Health,"PEOPLES HEALTH, INC.","PH Holdings, LLC",No,I,E,N/A,J,,,,,,,,,,,,,,,,,,,,,,,,,,,,,,,,,,,,,,,,,,,
H1969,Regence BlueShield of Idaho,REGENCE BLUE SHIELD OF IDAHO,"Cambia Health Solutions, Inc.",No,D,B,N/A,D,,,,,,,,,,,,,,,,,,,,,,,,,,,,,,,,,,,,,,,,,,,
H1994,SelectHealth,"SELECTHEALTH, INC.","Intermountain Health Care, Inc.",No,D,B,N/A,D,,,,,,,,,,,,,,,,,,,,,,,,,,,,,,,,,,,,,,,,,,,
H1997,Regence BlueShield,REGENCE BLUESHIELD,"Cambia Health Solutions, Inc.",No,D,B,N/A,D,,,,,,,,,,,,,,,,,,,,,,,,,,,,,,,,,,,,,,,,,,,
H2001,UnitedHealthcare,"SIERRA HEALTH AND LIFE INSURANCE COMPANY, INC.","UnitedHealth Group, Inc.",No,A,A,N/A,A,,,,,,,,,,,,,,,,,,,,,,,,,,,,,,,,,,,,,,,,,,,
H2012,"Humana Health Plan, Inc.","HUMANA HEALTH PLAN, INC.",Humana Inc.,No,I,B,N/A,J,,,,,,,,,,,,,,,,,,,,,,,,,,,,,,,,,,,,,,,,,,,
H2029,"Humana Insurance of Puerto Rico, Inc.","HUMANA INSURANCE OF PUERTO RICO, INC.",Humana Inc.,Yes,H,D,N/A,I,,,,,,,,,,,,,,,,,,,,,,,,,,,,,,,,,,,,,,,,,,,
H2034,Community Care,"COMMUNITY CARE HEALTH PLAN, INC.","Community Care, Inc.",No,K,G,N/A,L,,,,,,,,,,,,,,,,,,,,,,,,,,,,,,,,,,,,,,,,,,,
H2108,Cigna-HealthSpring,"BRAVO HEALTH MID-ATLANTIC, INC.",CIGNA,No,I,E,N/A,J,,,,,,,,,,,,,,,,,,,,,,,,,,,,,,,,,,,,,,,,,,,
H2150,Kaiser Permanente,KAISER FNDN HP OF THE MID-ATLANTIC STS,"Kaiser Foundation Health Plan, Inc.",No,C,A,N/A,C,,,,,,,,,,,,,,,,,,,,,,,,,,,,,,,,,,,,,,,,,,,
H2161,Upper Peninsula Health Plan,"UPPER PENINSULA HEALTH PLAN, LLC","DLP Marquette General Hospital, LLC",No,I,E,N/A,J,,,,,,,,,,,,,,,,,,,,,,,,,,,,,,,,,,,,,,,,,,,
H2165,Cigna-HealthSpring,"HEALTHSPRING LIFE & HEALTH INSURANCE COMPANY, INC.",CIGNA,No,I,E,N/A,J,,,,,,,,,,,,,,,,,,,,,,,,,,,,,,,,,,,,,,,,,,,
H2168,VillageCareMAX,VILLAGE SENIOR SERVICES CORPORATION,"Village Care of New York, Inc.",No,N/A,N/A,N/A,N/A,,,,,,,,,,,,,,,,,,,,,,,,,,,,,,,,,,,,,,,,,,,
H2171,Care N' Care Insurance Company,"CARE N' CARE INSURANCE COMPANY, INC.",North Texas Specialty Physicians,No,I,E,N/A,J,,,,,,,,,,,,,,,,,,,,,,,,,,,,,,,,,,,,,,,,,,,
H2174,Trillium Medicare Advantage,TRILLIUM COMMUNITY HEALTH PLAN,Centene Corporation,No,J,F,N/A,K,,,,,,,,,,,,,,,,,,,,,,,,,,,,,,,,,,,,,,,,,,,
H2185,LifeWorks Advantage (HMO SNP),"LIFEWORKS ADVANTAGE, LLC","MFA Lifeworks, LLC",No,N/A,N/A,N/A,N/A,,,,,,,,,,,,,,,,,,,,,,,,,,,,,,,,,,,,,,,,,,,
H2224,Senior Whole Health,"SENIOR WHOLE HEALTH, LLC","SWH Holdings, Inc.",No,H,C,N/A,G,,,,,,,,,,,,,,,,,,,,,,,,,,,,,,,,,,,,,,,,,,,
H2225,"Commonwealth Care Alliance, Inc.","COMMONWEALTH CARE ALLIANCE, INC.","Commonwealth Care Alliance, Inc.",No,H,D,N/A,G,,,,,,,,,,,,,,,,,,,,,,,,,,,,,,,,,,,,,,,,,,,
H2226,UnitedHealthcare,UNITEDHEALTHCARE INSURANCE COMPANY,"UnitedHealth Group, Inc.",No,G,C,N/A,G,,,,,,,,,,,,,,,,,,,,,,,,,,,,,,,,,,,,,,,,,,,
H2228,UnitedHealthcare,UNITEDHEALTHCARE INSURANCE COMPANY,"UnitedHealth Group, Inc.",No,J,D,N/A,K,,,,,,,,,,,,,,,,,,,,,,,,,,,,,,,,,,,,,,,,,,,
H2230,Blue Cross Blue Shield of Massachusetts,"BCBS  OF MASSACHUSETTS HMO BLUE, INC.","Blue Cross and Blue Shield of Massachusetts, Inc.",No,C,A,N/A,C,,,,,,,,,,,,,,,,,,,,,,,,,,,,,,,,,,,,,,,,,,,
H2237,iCare,"INDEPENDENT CARE HEALTH PLAN, INC.",Independent Care Health Plan Inc.,No,K,G,N/A,L,,,,,,,,,,,,,,,,,,,,,,,,,,,,,,,,,,,,,,,,,,,
H2241,Golden State Medicare Health Plan,GOLDEN STATE MEDICARE HEALTH PLAN,Golden State Medicare Health Plan,No,D,B,N/A,D,,,,,,,,,,,,,,,,,,,,,,,,,,,,,,,,,,,,,,,,,,,
H2256,Tufts Health Plan,TUFTS ASSOCIATED HEALTH MAINTENANCE ORGANIZATION,"Tufts Associated HMO, Inc.",No,C,A,N/A,C,,,,,,,,,,,,,,,,,,,,,,,,,,,,,,,,,,,,,,,,,,,
H2261,Blue Cross Blue Shield of Massachusetts,"BCBS  OF MASSACHUSETTS HMO BLUE, INC.","Blue Cross and Blue Shield of Massachusetts, Inc.",No,C,A,N/A,C,,,,,,,,,,,,,,,,,,,,,,,,,,,,,,,,,,,,,,,,,,,
H2320,Priority Health Medicare,PRIORITY HEALTH,Spectrum Health System,No,D,B,N/A,D,,,,,,,,,,,,,,,,,,,,,,,,,,,,,,,,,,,,,,,,,,,
H2322,HAP Senior Plus (PPO),ALLIANCE HEALTH AND LIFE INSURANCE COMPANY,Henry Ford Health System,No,D,B,N/A,D,,,,,,,,,,,,,,,,,,,,,,,,,,,,,,,,,,,,,,,,,,,
H2334,Eon Health,"EON HEALTH, INC. (SC)","Eon Health Plan, LLC",No,N/A,N/A,N/A,N/A,,,,,,,,,,,,,,,,,,,,,,,,,,,,,,,,,,,,,,,,,,,
H2354,HAP Senior Plus,HEALTH ALLIANCE PLAN OF MICHIGAN,Henry Ford Health System,No,D,B,N/A,D,,,,,,,,,,,,,,,,,,,,,,,,,,,,,,,,,,,,,,,,,,,
H2400,Signature Advantage (HMO SNP),"SIGNATURE ADVANTAGE, LLC","SA Plan, LLC",No,N/A,N/A,N/A,N/A,,,,,,,,,,,,,,,,,,,,,,,,,,,,,,,,,,,,,,,,,,,
H2406,UnitedHealthcare,"SIERRA HEALTH AND LIFE INSURANCE COMPANY, INC.","UnitedHealth Group, Inc.",No,J,F,N/A,K,,,,,,,,,,,,,,,,,,,,,,,,,,,,,,,,,,,,,,,,,,,
H2411,Fallon Health,FALLON COMMUNITY HEALTH PLAN,Fallon Community Health Plan,No,A,A,N/A,A,,,,,,,,,,,,,,,,,,,,,,,,,,,,,,,,,,,,,,,,,,,
H2416,PrimeWest Health,PRIMEWEST RURAL MN HEALTH CARE ACCESS INITIATIVE,PrimeWest Rural MN Health Care Access Initiative,No,H,C,N/A,G,,,,,,,,,,,,,,,,,,,,,,,,,,,,,,,,,,,,,,,,,,,
H2417,Itasca Medical Care/IMCare Classic,ITASCA MEDICAL CARE,Itasca County Health & Human Services,No,H,D,N/A,G,,,,,,,,,,,,,,,,,,,,,,,,,,,,,,,,,,,,,,,,,,,
H2419,South Country Health Alliance,SOUTH COUNTRY HEALTH ALLIANCE,South Country Health Alliance,No,H,D,N/A,G,,,,,,,,,,,,,,,,,,,,,,,,,,,,,,,,,,,,,,,,,,,
H2422,HealthPartners,"HEALTHPARTNERS, INC.","HealthPartners, Inc.",No,G,C,N/A,G,,,,,,,,,,,,,,,,,,,,,,,,,,,,,,,,,,,,,,,,,,,
H2425,Blue Plus,BLUE PLUS,"Aware Integrated, Inc.",No,H,C,N/A,G,,,,,,,,,,,,,,,,,,,,,,,,,,,,,,,,,,,,,,,,,,,
H2450,Medica Insurance Company,MEDICA INSURANCE COMPANY,Medica Holding Company,No,C,A,N/A,C,,,,,,,,,,,,,,,,,,,,,,,,,,,,,,,,,,,,,,,,,,,
H2456,UCare's MSHO,UCARE MINNESOTA,UCare Minnesota,No,G,C,N/A,G,,,,,,,,,,,,,,,,,,,,,,,,,,,,,,,,,,,,,,,,,,,
H2458,Medica Health Plans,MEDICA HEALTH PLANS,Medica Holding Company,No,H,D,N/A,G,,,,,,,,,,,,,,,,,,,,,,,,,,,,,,,,,,,,,,,,,,,
H2459,UCare,UCARE MINNESOTA,UCare Minnesota,No,A,A,N/A,A,,,,,,,,,,,,,,,,,,,,,,,,,,,,,,,,,,,,,,,,,,,
H2461,Blue Cross and Blue Shield of Minnesota,BLUE CROSS AND BLUE SHIELD OF MINNESOTA,"Aware Integrated, Inc.",No,C,A,N/A,C,,,,,,,,,,,,,,,,,,,,,,,,,,,,,,,,,,,,,,,,,,,
H2462,HealthPartners,"GROUP HEALTH PLAN, INC. (MN)","HealthPartners, Inc.",No,A,A,N/A,A,,,,,,,,,,,,,,,,,,,,,,,,,,,,,,,,,,,,,,,,,,,
H2470,Fallon Health Weinberg,"FALLON HEALTH WEINBERG, INC.",Fallon Community Health Plan,No,K,G,N/A,L,,,,,,,,,,,,,,,,,,,,,,,,,,,,,,,,,,,,,,,,,,,
H2486,"Humana Medical Plan of Utah, Inc.","HUMANA MEDICAL PLAN OF UTAH, INC.",Humana Inc.,No,D,B,N/A,D,,,,,,,,,,,,,,,,,,,,,,,,,,,,,,,,,,,,,,,,,,,
H2491,WellCare Health Plan,"WELLCARE HEALTH INSURANCE OF ARIZONA, INC.","WellCare Health Plans, Inc.",No,J,E,N/A,K,,,,,,,,,,,,,,,,,,,,,,,,,,,,,,,,,,,,,,,,,,,
H2563,Optima Medicare,OPTIMA HEALTH PLAN,Sentara Health Care (SHC),No,D,B,N/A,D,,,,,,,,,,,,,,,,,,,,,,,,,,,,,,,,,,,,,,,,,,,
H2591,Health Alliance Medicare,"HEALTH ALLIANCE - MIDWEST, INC.",The Carle Foundation,No,D,B,N/A,D,,,,,,,,,,,,,,,,,,,,,,,,,,,,,,,,,,,,,,,,,,,
H2593,"CareMore Health Plan of Arizona, Inc.","CAREMORE HEALTH PLAN OF ARIZONA, INC.",Anthem Inc.,No,I,D,N/A,J,,,,,,,,,,,,,,,,,,,,,,,,,,,,,,,,,,,,,,,,,,,
H2610,Essence Healthcare,"ESSENCE HEALTHCARE, INC.",Essence Group Holdings Corporation,No,D,B,N/A,D,,,,,,,,,,,,,,,,,,,,,,,,,,,,,,,,,,,,,,,,,,,
H2649,"Humana Health Plan, Inc.","HUMANA HEALTH PLAN, INC.",Humana Inc.,No,D,B,N/A,D,,,,,,,,,,,,,,,,,,,,,,,,,,,,,,,,,,,,,,,,,,,
H2663,Coventry Health Care,"COVENTRY HEALTH CARE OF MISSOURI, INC",Aetna Inc.,No,D,B,N/A,D,,,,,,,,,,,,,,,,,,,,,,,,,,,,,,,,,,,,,,,,,,,
H2758,Florida Blue Preferred HMO,"BEHEALTHY FLORIDA, INC.",Guidewell Mutual Holding Corporation,No,D,B,N/A,D,,,,,,,,,,,,,,,,,,,,,,,,,,,,,,,,,,,,,,,,,,,
H2773,QUALITY HEALTH PLANS,"QUALITY HEALTH PLANS OF NEW YORK, INC.","QHP Financial Group, Inc.",No,D,B,N/A,D,,,,,,,,,,,,,,,,,,,,,,,,,,,,,,,,,,,,,,,,,,,
H2775,Universal American Corp.,AMERICAN PROGRESSIVE LIFE & HLTH INS COMPANY OF NY,Universal American Corp.,No,H,D,N/A,I,,,,,,,,,,,,,,,,,,,,,,,,,,,,,,,,,,,,,,,,,,,
H2802,UnitedHealthcare,"UNITEDHEALTHCARE OF THE MIDLANDS, INC.","UnitedHealth Group, Inc.",No,D,B,N/A,D,,,,,,,,,,,,,,,,,,,,,,,,,,,,,,,,,,,,,,,,,,,
H2816,Universal American Corp.,AMERICAN PROGRESSIVE LIFE & HLTH INS COMPANY OF NY,Universal American Corp.,No,H,D,N/A,I,,,,,,,,,,,,,,,,,,,,,,,,,,,,,,,,,,,,,,,,,,,
H2836,Anthem Blue Cross and Blue Shield,"ANTHEM HEALTH PLANS, INC.",Anthem Inc.,No,E,B,N/A,E,,,,,,,,,,,,,,,,,,,,,,,,,,,,,,,,,,,,,,,,,,,
H2879,Molina Healthcare of Wisconsin,MOLINA HEALTHCARE OF WISCONSIN,"Molina Healthcare, Inc.,",No,K,G,N/A,L,,,,,,,,,,,,,,,,,,,,,,,,,,,,,,,,,,,,,,,,,,,
H2906,Senior Care Plus,"HOMETOWN HEALTH PLAN, INC.",Renown Health,No,D,B,N/A,D,,,,,,,,,,,,,,,,,,,,,,,,,,,,,,,,,,,,,,,,,,,
H2926,PrimeWest Health,PRIMEWEST RURAL MN HEALTH CARE ACCESS INITIATIVE,PrimeWest Rural MN Health Care Access Initiative,No,K,G,N/A,L,,,,,,,,,,,,,,,,,,,,,,,,,,,,,,,,,,,,,,,,,,,
H2931,UnitedHealthcare,"HEALTH PLAN OF NEVADA, INC.","UnitedHealth Group, Inc.",No,D,B,N/A,D,,,,,,,,,,,,,,,,,,,,,,,,,,,,,,,,,,,,,,,,,,,
H2944,Humana Insurance Company,HUMANA INSURANCE COMPANY,Humana Inc.,No,D,B,N/A,D,,,,,,,,,,,,,,,,,,,,,,,,,,,,,,,,,,,,,,,,,,,
H2949,"Humana Health Plan, Inc.","HUMANA HEALTH PLAN, INC.",Humana Inc.,No,D,B,N/A,D,,,,,,,,,,,,,,,,,,,,,,,,,,,,,,,,,,,,,,,,,,,
H2960,Senior Care Plus,"HOMETOWN HEALTH PLAN, INC.",Renown Health,No,D,B,N/A,D,,,,,,,,,,,,,,,,,,,,,,,,,,,,,,,,,,,,,,,,,,,
H2962,Ultimate Health Plans,"ULTIMATE HEALTH PLANS, INC.","ULTIMATE HEALTH PLAN, INC.",No,D,B,N/A,D,,,,,,,,,,,,,,,,,,,,,,,,,,,,,,,,,,,,,,,,,,,
H2968,Memorial Hermann Health Plan,MEMORIAL HERMANN HEALTH INSURANCE  COMPANY,Memorial Hermann Health System,No,D,B,N/A,D,,,,,,,,,,,,,,,,,,,,,,,,,,,,,,,,,,,,,,,,,,,
H2986,Stanford Health Care Advantage,STANFORD HEALTHCARE ADVANTAGE,Stanford Health Care,No,D,B,N/A,D,,,,,,,,,,,,,,,,,,,,,,,,,,,,,,,,,,,,,,,,,,,
H3054,Constellation Health,"CONSTELLATION HEALTH, LLC.","Constellation Health, LLC.",Yes,K,G,N/A,L,,,,,,,,,,,,,,,,,,,,,,,,,,,,,,,,,,,,,,,,,,,
H3071,"Community Care Alliance of Illinois, NFP","COMMUNITY CARE ALLIANCE OF ILLINOIS, NFP",Family Health Network,No,J,F,N/A,K,,,,,,,,,,,,,,,,,,,,,,,,,,,,,,,,,,,,,,,,,,,
H3113,UnitedHealthcare,"OXFORD HEALTH PLANS (NJ), INC.","UnitedHealth Group, Inc.",No,J,F,N/A,K,,,,,,,,,,,,,,,,,,,,,,,,,,,,,,,,,,,,,,,,,,,
H3132,AHF,"AHF MCO OF FLORIDA, INC.",AIDS Healthcare Foundation,No,I,E,N/A,J,,,,,,,,,,,,,,,,,,,,,,,,,,,,,,,,,,,,,,,,,,,
H3152,Aetna Medicare,AETNA HEALTH INC. (NJ),Aetna Inc.,No,D,B,N/A,D,,,,,,,,,,,,,,,,,,,,,,,,,,,,,,,,,,,,,,,,,,,
H3154,Horizon Blue Cross Blue Shield of New Jersey,HORIZON INSURANCE COMPANY,"Horizon Healthcare Services, Inc.",No,D,B,N/A,D,,,,,,,,,,,,,,,,,,,,,,,,,,,,,,,,,,,,,,,,,,,
H3170,Blue Cross and Blue Shield of Nebraska,"SAPPHIRE EDGE, INC.",Blue Cross Blue Shield of Nebraska,No,N/A,N/A,N/A,N/A,,,,,,,,,,,,,,,,,,,,,,,,,,,,,,,,,,,,,,,,,,,
H3204,Presbyterian Senior Care (HMO),PRESBYTERIAN HEALTH PLAN,Presbyterian Healthcare Services,No,D,B,N/A,D,,,,,,,,,,,,,,,,,,,,,,,,,,,,,,,,,,,,,,,,,,,
H3206,Presbyterian MediCare PPO,"PRESBYTERIAN INSURANCE COMPANY, INC.",Presbyterian Healthcare Services,No,D,A,N/A,C,,,,,,,,,,,,,,,,,,,,,,,,,,,,,,,,,,,,,,,,,,,
H3233,Premier Health Plan,PREMIER HEALTH INSURING CORPORATION,Premier Health Partners,No,D,B,N/A,D,,,,,,,,,,,,,,,,,,,,,,,,,,,,,,,,,,,,,,,,,,,
H3240,Amerigroup Community Care,"AMERIGROUP NEW JERSEY, INC.",Anthem Inc.,No,K,G,N/A,L,,,,,,,,,,,,,,,,,,,,,,,,,,,,,,,,,,,,,,,,,,,
H3251,Blue Cross Blue Shield of New Mexico,HEALTH CARE SERVICE CORPORATION,Health Care Service Corporation,No,D,B,N/A,D,,,,,,,,,,,,,,,,,,,,,,,,,,,,,,,,,,,,,,,,,,,
H3259,BlueCare Plus Tennessee,VOLUNTEER STATE HEALTH PLAN,BlueCross BlueShield of Tennessee,No,K,G,N/A,L,,,,,,,,,,,,,,,,,,,,,,,,,,,,,,,,,,,,,,,,,,,
H3262,Fresenius Health Plans,"FRESENIUS HEALTH PLANS OF NEW YORK, INC.",Fresenius Medicare Care AG & Co. KGaA,No,N/A,N/A,N/A,N/A,,,,,,,,,,,,,,,,,,,,,,,,,,,,,,,,,,,,,,,,,,,
H3291,PruittHealth Premier (HMO SNP),"PRUITTHEALTH PREMIER, INC.","UNICO Premier, LLC",No,N/A,N/A,N/A,N/A,,,,,,,,,,,,,,,,,,,,,,,,,,,,,,,,,,,,,,,,,,,
H3305,MVP HEALTH CARE,"MVP HEALTH PLAN, INC.","MVP Health Care, Inc.",No,C,A,N/A,C,,,,,,,,,,,,,,,,,,,,,,,,,,,,,,,,,,,,,,,,,,,
H3307,UnitedHealthcare,"OXFORD HEALTH PLANS (NY), INC.","UnitedHealth Group, Inc.",No,D,B,N/A,D,,,,,,,,,,,,,,,,,,,,,,,,,,,,,,,,,,,,,,,,,,,
H3312,Aetna Medicare,AETNA HEALTH INC. (NY),Aetna Inc.,No,D,B,N/A,D,,,,,,,,,,,,,,,,,,,,,,,,,,,,,,,,,,,,,,,,,,,
H3314,HIP Health Plan of Greater New York,HEALTH INSURANCE PLAN OF GREATER NEW YORK,"EmblemHealth, Inc.",No,D,N/A,N/A,N/A,,,,,,,,,,,,,,,,,,,,,,,,,,,,,,,,,,,,,,,,,,,
H3328,Fidelis Care,"THE NEW YORK STATE CATHOLIC HEALTH PLAN, INC.","The New York State Catholic Health Plan, Inc.",No,J,E,N/A,K,,,,,,,,,,,,,,,,,,,,,,,,,,,,,,,,,,,,,,,,,,,
H3330,EmblemHealth Medicare HMO,HEALTH INSURANCE PLAN OF GREATER NEW YORK,"EmblemHealth, Inc.",No,D,B,N/A,D,,,,,,,,,,,,,,,,,,,,,,,,,,,,,,,,,,,,,,,,,,,
H3335,"Excellus Health Plan, Inc","EXCELLUS HEALTH PLAN, INC.","Lifetime Healthcare, Inc.",No,D,B,N/A,D,,,,,,,,,,,,,,,,,,,,,,,,,,,,,,,,,,,,,,,,,,,
H3337,Liberty Health Advantage,"LIBERTY HEALTH ADVANTAGE, INC.","Liberty Health Advantage, Inc.",No,I,E,N/A,J,,,,,,,,,,,,,,,,,,,,,,,,,,,,,,,,,,,,,,,,,,,
H3342,Empire BlueCross BlueShield,"EMPIRE HEALTHCHOICE ASSURANCE, INC.",Anthem Inc.,No,D,B,N/A,D,,,,,,,,,,,,,,,,,,,,,,,,,,,,,,,,,,,,,,,,,,,
H3344,Independent Health,INDEPENDENT HEALTH BENEFITS CORPORATION,"Independent Health Association, Inc.",No,D,A,N/A,C,,,,,,,,,,,,,,,,,,,,,,,,,,,,,,,,,,,,,,,,,,,
H3347,Elderplan,"ELDERPLAN, INC.","Elderplan, Inc.",No,H,D,N/A,I,,,,,,,,,,,,,,,,,,,,,,,,,,,,,,,,,,,,,,,,,,,
H3351,"Excellus Health Plan, Inc","EXCELLUS HEALTH PLAN, INC.","Lifetime Healthcare, Inc.",No,D,B,N/A,D,,,,,,,,,,,,,,,,,,,,,,,,,,,,,,,,,,,,,,,,,,,
H3359,Healthfirst Medicare Plan,"HEALTHFIRST HEALTH PLAN, INC.","Healthfirst, Inc.",No,J,E,N/A,K,,,,,,,,,,,,,,,,,,,,,,,,,,,,,,,,,,,,,,,,,,,
H3361,WellCare,"WELLCARE OF NEW YORK, INC.","WellCare Health Plans, Inc.",No,I,E,N/A,J,,,,,,,,,,,,,,,,,,,,,,,,,,,,,,,,,,,,,,,,,,,
H3362,Independent Health,"INDEPENDENT HEALTH ASSOCIATION, INC.","Independent Health Association, Inc.",No,D,B,N/A,D,,,,,,,,,,,,,,,,,,,,,,,,,,,,,,,,,,,,,,,,,,,
H3370,Empire BlueCross BlueShield,"EMPIRE HEALTHCHOICE HMO, INC.",Anthem Inc.,No,D,B,N/A,D,,,,,,,,,,,,,,,,,,,,,,,,,,,,,,,,,,,,,,,,,,,
H3379,UnitedHealthcare,"UNITEDHEALTHCARE OF NEW YORK, INC.","UnitedHealth Group, Inc.",No,H,D,N/A,I,,,,,,,,,,,,,,,,,,,,,,,,,,,,,,,,,,,,,,,,,,,
H3384,BlueCross BlueShield of WNY and BlueShield of NENY,HEALTHNOW NEW YORK INC.,HealthNow New York Inc.,No,D,B,N/A,D,,,,,,,,,,,,,,,,,,,,,,,,,,,,,,,,,,,,,,,,,,,
H3387,UnitedHealthcare,"UNITEDHEALTHCARE OF NEW YORK, INC.","UnitedHealth Group, Inc.",No,K,G,N/A,L,,,,,,,,,,,,,,,,,,,,,,,,,,,,,,,,,,,,,,,,,,,
H3388,CDPHP Medicare Choices,"CAPITAL DISTRICT PHYSICIANS' HEALTH PLAN, INC.","Capital District Physicians' Health Plan, Inc.",No,D,B,N/A,D,,,,,,,,,,,,,,,,,,,,,,,,,,,,,,,,,,,,,,,,,,,
H3404,Blue Cross and Blue Shield of North Carolina,BLUE CROSS AND BLUE SHIELD OF NORTH CAROLINA,Blue Cross and Blue Shield of North Carolina,No,D,B,N/A,D,,,,,,,,,,,,,,,,,,,,,,,,,,,,,,,,,,,,,,,,,,,
H3416,HealthPartners UnityPoint Health,"HEALTHPARTNERS UNITYPOINT HEALTH, INC.","HealthPartners UnityPoint Health, Inc.",No,N/A,N/A,N/A,N/A,,,,,,,,,,,,,,,,,,,,,,,,,,,,,,,,,,,,,,,,,,,
H3447,Anthem HealthKeepers,"HEALTHKEEPERS, INC.",Anthem Inc.,No,D,B,N/A,D,,,,,,,,,,,,,,,,,,,,,,,,,,,,,,,,,,,,,,,,,,,
H3449,Blue Cross and Blue Shield of North Carolina,BLUE CROSS AND BLUE SHIELD OF NORTH CAROLINA,Blue Cross and Blue Shield of North Carolina,No,D,B,N/A,D,,,,,,,,,,,,,,,,,,,,,,,,,,,,,,,,,,,,,,,,,,,
H3471,Health Alliance Medicare,"HEALTH ALLIANCE NORTHWEST HEALTH PLAN, INC.",The Carle Foundation,No,D,B,N/A,D,,,,,,,,,,,,,,,,,,,,,,,,,,,,,,,,,,,,,,,,,,,
H3503,Sanford Heart of America Health Plan,SANFORD HEART OF AMERICA HEALTH PLAN,Sanford,No,A,N/A,N/A,N/A,,,,,,,,,,,,,,,,,,,,,,,,,,,,,,,,,,,,,,,,,,,
H3528,"ConnectiCare, Inc.","CONNECTICARE, INC.","EmblemHealth, Inc.",No,C,C,N/A,C,,,,,,,,,,,,,,,,,,,,,,,,,,,,,,,,,,,,,,,,,,,
H3533,"Humana Health Company of New York, Inc.","HUMANA HEALTH COMPANY OF NEW YORK, INC.",Humana Inc.,No,I,E,N/A,J,,,,,,,,,,,,,,,,,,,,,,,,,,,,,,,,,,,,,,,,,,,
H3536,Anthem Blue Cross and Blue Shield,"MATTHEW THORNTON HEALTH PLAN, INC.",Anthem Inc.,No,D,B,N/A,D,,,,,,,,,,,,,,,,,,,,,,,,,,,,,,,,,,,,,,,,,,,
H3561,"HEALTH NET COMMUNITY SOLUTIONS, INC.","HEALTH NET COMMUNITY SOLUTIONS, INC.",Centene Corporation,No,N/A,N/A,N/A,N/A,,,,,,,,,,,,,,,,,,,,,,,,,,,,,,,,,,,,,,,,,,,
H3597,Aetna Medicare,AETNA HEALTH INC. (ME),Aetna Inc.,No,D,B,N/A,D,,,,,,,,,,,,,,,,,,,,,,,,,,,,,,,,,,,,,,,,,,,
H3653,Paramount Elite,"PARAMOUNT CARE, INC.",Promedica Health System,No,D,B,N/A,D,,,,,,,,,,,,,,,,,,,,,,,,,,,,,,,,,,,,,,,,,,,
H3655,Anthem Blue Cross and Blue Shield,COMMUNITY INSURANCE COMPANY,Anthem Inc.,No,D,B,N/A,D,,,,,,,,,,,,,,,,,,,,,,,,,,,,,,,,,,,,,,,,,,,
H3660,SummaCare Medicare Advantage Plans,SUMMACARE INC.,Summa Health System,No,D,B,N/A,D,,,,,,,,,,,,,,,,,,,,,,,,,,,,,,,,,,,,,,,,,,,
H3664,PrimeTime Health Plan,AULTCARE HEALTH INSURING CORPORATION,Aultman Health Foundation,No,C,A,N/A,C,,,,,,,,,,,,,,,,,,,,,,,,,,,,,,,,,,,,,,,,,,,
H3668,MediGold,"MOUNT CARMEL HEALTH PLAN, INC.",Trinity Health,No,D,B,N/A,D,,,,,,,,,,,,,,,,,,,,,,,,,,,,,,,,,,,,,,,,,,,
H3672,The Health Plan,HEALTH PLAN OF THE UPPER OHIO VALLEY,Health Plan of the Upper Ohio Valley,No,D,B,N/A,D,,,,,,,,,,,,,,,,,,,,,,,,,,,,,,,,,,,,,,,,,,,
H3706,GlobalHealth,"GLOBALHEALTH, INC.","Kinderhook Capital Fund III, L.P.",No,I,B,N/A,J,,,,,,,,,,,,,,,,,,,,,,,,,,,,,,,,,,,,,,,,,,,
H3708,Tribute Health Plan of Oklahoma,"OKLAHOMA SUPERIOR SELECT, INC.","Healthcare Investors, LLC",No,J,F,N/A,K,,,,,,,,,,,,,,,,,,,,,,,,,,,,,,,,,,,,,,,,,,,
H3749,UnitedHealthcare,"UNITEDHEALTHCARE OF OKLAHOMA, INC.","UnitedHealth Group, Inc.",No,D,B,N/A,D,,,,,,,,,,,,,,,,,,,,,,,,,,,,,,,,,,,,,,,,,,,
H3755,CommunityCare Senior Health Plan (HMO),"COMMUNITY CARE HMO, INC","CommunityCare Managed Healthcare Plans of OK, Inc.",No,D,B,N/A,D,,,,,,,,,,,,,,,,,,,,,,,,,,,,,,,,,,,,,,,,,,,
H3765,HeartlandPlains Health,HEARTLANDPLAINS HEALTH,Catholic Health Initiatives,No,D,B,N/A,D,,,,,,,,,,,,,,,,,,,,,,,,,,,,,,,,,,,,,,,,,,,
H3794,UnitedHealthcare,CARE IMPROVEMENT PLUS WISCONSIN INSURANCE COMPANY,"UnitedHealth Group, Inc.",No,H,D,N/A,I,,,,,,,,,,,,,,,,,,,,,,,,,,,,,,,,,,,,,,,,,,,
H3805,UnitedHealthcare,"UNITEDHEALTHCARE OF OREGON, INC.","UnitedHealth Group, Inc.",No,D,B,N/A,D,,,,,,,,,,,,,,,,,,,,,,,,,,,,,,,,,,,,,,,,,,,
H3810,AllCare Advantage,"ALLCARE HEALTH PLAN, INC.","MidRogue AllCare Health Assurance, Inc.",No,D,B,N/A,D,,,,,,,,,,,,,,,,,,,,,,,,,,,,,,,,,,,,,,,,,,,
H3811,Samaritan Advantage Health Plan,"SAMARITAN HEALTH PLANS, INC.",Samaritan Health Services,No,I,E,N/A,J,,,,,,,,,,,,,,,,,,,,,,,,,,,,,,,,,,,,,,,,,,,
H3813,"Moda Health Plan, Inc.","MODA HEALTH PLAN, INC.","Moda, Inc.",No,A,A,N/A,A,,,,,,,,,,,,,,,,,,,,,,,,,,,,,,,,,,,,,,,,,,,
H3814,ATRIO Health Plans,ATRIO HEALTH PLANS,ATRIO Health Plans,No,K,G,N/A,L,,,,,,,,,,,,,,,,,,,,,,,,,,,,,,,,,,,,,,,,,,,
H3815,Alignment Health Plan,ALIGNMENT HEALTH PLAN,"Alignment Healthcare USA, LLC",No,H,D,N/A,I,,,,,,,,,,,,,,,,,,,,,,,,,,,,,,,,,,,,,,,,,,,
H3817,Regence BlueCross BlueShield of Oregon,REGENCE BLUECROSS BLUESHIELD OF OREGON,"Cambia Health Solutions, Inc.",No,C,A,N/A,C,,,,,,,,,,,,,,,,,,,,,,,,,,,,,,,,,,,,,,,,,,,
H3818,FamilyCare Health,"FAMILYCARE HEALTH PLANS, INC.",FamilyCare Incorporated,No,J,E,N/A,K,,,,,,,,,,,,,,,,,,,,,,,,,,,,,,,,,,,,,,,,,,,
H3822,"Blue Cross Blue Shield of IL, MT, NM",HEALTH CARE SERVICE CORPORATION,Health Care Service Corporation,No,D,B,N/A,D,,,,,,,,,,,,,,,,,,,,,,,,,,,,,,,,,,,,,,,,,,,
H3832,HMSA Akamai Advantage,HAWAII MEDICAL SERVICE ASSOCIATION,Hawaii Medical Service Association,No,A,A,N/A,A,,,,,,,,,,,,,,,,,,,,,,,,,,,,,,,,,,,,,,,,,,,
H3864,PacificSource Medicare,PACIFICSOURCE COMMUNITY HEALTH PLANS,PacificSource Health Plans,No,D,B,N/A,D,,,,,,,,,,,,,,,,,,,,,,,,,,,,,,,,,,,,,,,,,,,
H3890,Johns Hopkins HealthCare LLC,"HOPKINS HEALTH ADVANTAGE, INC.",Johns Hopkins Healthcare LLC,No,N/A,N/A,N/A,N/A,,,,,,,,,,,,,,,,,,,,,,,,,,,,,,,,,,,,,,,,,,,
H3907,UPMC Health Plan,"UPMC HEALTH PLAN, INC.",UPMC Health System,No,D,B,N/A,D,,,,,,,,,,,,,,,,,,,,,,,,,,,,,,,,,,,,,,,,,,,
H3909,Personal Choice 65 PPO,QCC INSURANCE COMPANY,"Independence Health Group, Inc.",No,C,A,N/A,C,,,,,,,,,,,,,,,,,,,,,,,,,,,,,,,,,,,,,,,,,,,
H3916,Highmark Senior Health Company,HIGHMARK SENIOR HEALTH COMPANY,Highmark Health,No,D,A,N/A,D,,,,,,,,,,,,,,,,,,,,,,,,,,,,,,,,,,,,,,,,,,,
H3923,Capital Advantage Insurance Company,CAPITAL ADVANTAGE INSURANCE COMPANY,Capital BlueCross,No,D,A,N/A,D,,,,,,,,,,,,,,,,,,,,,,,,,,,,,,,,,,,,,,,,,,,
H3924,Geisinger Gold,GEISINGER INDEMNITY INSURANCE COMPANY,Geisinger Health System,No,D,B,N/A,D,,,,,,,,,,,,,,,,,,,,,,,,,,,,,,,,,,,,,,,,,,,
H3928,Coventry Health Care,AETNA HEALTH INC. (LA),Aetna Inc.,No,D,B,N/A,D,,,,,,,,,,,,,,,,,,,,,,,,,,,,,,,,,,,,,,,,,,,
H3931,Aetna Medicare,AETNA HEALTH INC. (PA),Aetna Inc.,No,D,B,N/A,D,,,,,,,,,,,,,,,,,,,,,,,,,,,,,,,,,,,,,,,,,,,
H3945,Cigna-HealthSpring,CIGNA HEALTH AND LIFE INSURANCE COMPANY,CIGNA,No,I,E,N/A,J,,,,,,,,,,,,,,,,,,,,,,,,,,,,,,,,,,,,,,,,,,,
H3949,Cigna-HealthSpring,"BRAVO HEALTH PENNSYLVANIA, INC.",CIGNA,No,I,E,N/A,J,,,,,,,,,,,,,,,,,,,,,,,,,,,,,,,,,,,,,,,,,,,
H3952,Keystone 65 HMO,"KEYSTONE HEALTH PLAN EAST, INC.","Independence Health Group, Inc.",No,C,A,N/A,C,,,,,,,,,,,,,,,,,,,,,,,,,,,,,,,,,,,,,,,,,,,
H3954,Geisinger Gold,GEISINGER HEALTH PLAN,Geisinger Health System,No,D,B,N/A,D,,,,,,,,,,,,,,,,,,,,,,,,,,,,,,,,,,,,,,,,,,,
H3957,Highmark Choice Company,HIGHMARK CHOICE COMPANY,Highmark Health,No,D,A,N/A,C,,,,,,,,,,,,,,,,,,,,,,,,,,,,,,,,,,,,,,,,,,,
H3959,"d/b/a HealthAmerica Pennsylvania, Inc.",AETNA HEALTH INC. (PA),Aetna Inc.,No,D,B,N/A,D,,,,,,,,,,,,,,,,,,,,,,,,,,,,,,,,,,,,,,,,,,,
H3962,"Keystone Health Plan Central, Inc.","KEYSTONE HEALTH PLAN CENTRAL, INC.",Capital BlueCross,No,C,A,N/A,C,,,,,,,,,,,,,,,,,,,,,,,,,,,,,,,,,,,,,,,,,,,
H3979,Blue Cross Blue Shield of OK,"GHS HEALTH MAINTENANCE ORGANIZATION, INC.",Health Care Service Corporation,No,D,B,N/A,D,,,,,,,,,,,,,,,,,,,,,,,,,,,,,,,,,,,,,,,,,,,
H4003,Medicare y Mucho Mßs,"MMM HEALTHCARE, LLC",InnovaCare Inc.,Yes,J,F,N/A,K,,,,,,,,,,,,,,,,,,,,,,,,,,,,,,,,,,,,,,,,,,,
H4004,PMC Medicare Choice,"MMM HEALTHCARE, LLC",InnovaCare Inc.,Yes,K,G,N/A,L,,,,,,,,,,,,,,,,,,,,,,,,,,,,,,,,,,,,,,,,,,,
H4005,Triple-S Advantage,"TRIPLE S ADVANTAGE, INC.",Triple-S Management Corporation,Yes,H,D,N/A,I,,,,,,,,,,,,,,,,,,,,,,,,,,,,,,,,,,,,,,,,,,,
H4007,"HUMANA HEALTH PLANS OF PUERTO RICO, INC.","HUMANA HEALTH PLANS OF PUERTO RICO, INC.",Humana Inc.,Yes,K,G,N/A,L,,,,,,,,,,,,,,,,,,,,,,,,,,,,,,,,,,,,,,,,,,,
H4036,Anthem Blue Cross and Blue Shield,"ANTHEM INSURANCE COMPANIES, INC.",Anthem Inc.,No,D,B,N/A,D,,,,,,,,,,,,,,,,,,,,,,,,,,,,,,,,,,,,,,,,,,,
H4093,Provider Partners Pennsylvania Advantage Plan,"PROVIDER PARTNERS HEALTH PLAN OF PENNSYLVANIA, INC","Provider Partners Health Plan of Pennsylvania, Inc",No,N/A,N/A,N/A,N/A,,,,,,,,,,,,,,,,,,,,,,,,,,,,,,,,,,,,,,,,,,,
H4141,"Humana Employers Health Plan of Georgia, Inc.","HUMANA EMPLOYERS HEALTH PLAN OF GEORGIA, INC.",Humana Inc.,No,I,E,N/A,J,,,,,,,,,,,,,,,,,,,,,,,,,,,,,,,,,,,,,,,,,,,
H4145,"Humana Regional Health Plan, Inc.","HUMANA REGIONAL HEALTH PLAN, INC.",Humana Inc.,No,I,E,N/A,J,,,,,,,,,,,,,,,,,,,,,,,,,,,,,,,,,,,,,,,,,,,
H4152,Blue Cross & Blue Shield of Rhode Island,BLUE CROSS & BLUE SHIELD OF RHODE ISLAND,Blue Cross & Blue Shield of Rhode Island,No,D,B,N/A,D,,,,,,,,,,,,,,,,,,,,,,,,,,,,,,,,,,,,,,,,,,,
H4172,NHC Advantage (HMO SNP),"NHC ADVANTAGE, LLC","Missouri Healthcare Advisors, LLC",No,N/A,N/A,N/A,N/A,,,,,,,,,,,,,,,,,,,,,,,,,,,,,,,,,,,,,,,,,,,
H4198,CommunityCare Advantage Medicare Plan (HMO),"COMMUNITYCARE GOVERNMENT PROGRAMS, INC.",St Francis Health System & St John Health System,No,N/A,N/A,N/A,N/A,,,,,,,,,,,,,,,,,,,,,,,,,,,,,,,,,,,,,,,,,,,
H4213,ARKANSAS BLUE CROSS AND BLUE SHIELD,USABLE MUTUAL INSURANCE COMPANY,USAble Mutual Insurance Company,No,D,B,N/A,D,,,,,,,,,,,,,,,,,,,,,,,,,,,,,,,,,,,,,,,,,,,
H4227,"Vista Health Plan, Inc.","VISTA HEALTH PLAN, INC.","Independence Health Group, Inc.",No,K,G,N/A,L,,,,,,,,,,,,,,,,,,,,,,,,,,,,,,,,,,,,,,,,,,,
H4262,Blue Cross Blue Shield of Michigan,BCBS OF MICHIGAN MUTUAL INSURANCE COMPANY,Blue Cross Blue Shield of Michigan Mutual Insuranc,No,N/A,N/A,N/A,N/A,,,,,,,,,,,,,,,,,,,,,,,,,,,,,,,,,,,,,,,,,,,
H4279,UPMC for You,"UPMC FOR YOU, INC",UPMC Health System,No,K,G,N/A,L,,,,,,,,,,,,,,,,,,,,,,,,,,,,,,,,,,,,,,,,,,,
H4346,CareMore Health Plan of Nevada,CAREMORE HEALTH PLAN OF NEVADA,Anthem Inc.,No,H,B,N/A,I,,,,,,,,,,,,,,,,,,,,,,,,,,,,,,,,,,,,,,,,,,,
H4388,"Security Health Plan of Wisconsin, Inc.","SECURITY HEALTH PLAN OF WISCONSIN, INC.","Marshfield Clinic Health System, Inc.",No,N/A,N/A,N/A,N/A,,,,,,,,,,,,,,,,,,,,,,,,,,,,,,,,,,,,,,,,,,,
H4407,Cigna-HealthSpring,"HEALTHSPRING OF TENNESSEE, INC.",CIGNA,No,I,E,N/A,J,,,,,,,,,,,,,,,,,,,,,,,,,,,,,,,,,,,,,,,,,,,
H4454,Cigna-HealthSpring,"HEALTHSPRING OF TENNESSEE, INC.",CIGNA,No,I,D,N/A,J,,,,,,,,,,,,,,,,,,,,,,,,,,,,,,,,,,,,,,,,,,,
H4461,Cariten Health Plan Inc.,CARITEN HEALTH PLAN INC.,Humana Inc.,No,D,B,N/A,D,,,,,,,,,,,,,,,,,,,,,,,,,,,,,,,,,,,,,,,,,,,
H4490,Missouri Medicare Select (HMO SNP),"MISSOURI MEDICARE SELECT, LLC","MO Select, LLC",No,N/A,N/A,N/A,N/A,,,,,,,,,,,,,,,,,,,,,,,,,,,,,,,,,,,,,,,,,,,
H4497,Medical Mutual of Ohio,MEDICAL MUTUAL OF OHIO,MEDICAL MUTUAL OF OHIO,No,N/A,N/A,N/A,N/A,,,,,,,,,,,,,,,,,,,,,,,,,,,,,,,,,,,,,,,,,,,
H4506,Universal American Corp.,"SELECTCARE OF TEXAS, INC.",Universal American Corp.,No,D,B,N/A,D,,,,,,,,,,,,,,,,,,,,,,,,,,,,,,,,,,,,,,,,,,,
H4513,Cigna-HealthSpring,"HEALTHSPRING LIFE & HEALTH INSURANCE COMPANY, INC.",CIGNA,No,I,D,N/A,J,,,,,,,,,,,,,,,,,,,,,,,,,,,,,,,,,,,,,,,,,,,
H4514,UnitedHealthcare,"UNITEDHEALTHCARE COMMUNITY PLAN OF TEXAS, LLC","UnitedHealth Group, Inc.",No,I,E,N/A,J,,,,,,,,,,,,,,,,,,,,,,,,,,,,,,,,,,,,,,,,,,,
H4523,Aetna Medicare,AETNA HEALTH INC. (TX),Aetna Inc.,No,D,B,N/A,D,,,,,,,,,,,,,,,,,,,,,,,,,,,,,,,,,,,,,,,,,,,
H4527,UnitedHealthcare,PHYSICIANS HEALTH CHOICE OF TEXAS LLC,"UnitedHealth Group, Inc.",No,I,D,N/A,J,,,,,,,,,,,,,,,,,,,,,,,,,,,,,,,,,,,,,,,,,,,
H4528,Cigna-HealthSpring,"HEALTHSPRING LIFE & HEALTH INSURANCE COMPANY, INC.",CIGNA,No,I,E,N/A,J,,,,,,,,,,,,,,,,,,,,,,,,,,,,,,,,,,,,,,,,,,,
H4564,SeniorCare (Cost),SCOTT AND WHITE HEALTH PLAN,Baylor Scott & White Holdings,No,D,B,N/A,D,,,,,,,,,,,,,,,,,,,,,,,,,,,,,,,,,,,,,,,,,,,
H4590,UnitedHealthcare,"UNITEDHEALTHCARE BENEFITS OF TEXAS, INC.","UnitedHealth Group, Inc.",No,H,D,N/A,I,,,,,,,,,,,,,,,,,,,,,,,,,,,,,,,,,,,,,,,,,,,
H4604,UnitedHealthcare,"UNITEDHEALTHCARE OF UTAH, INC.","UnitedHealth Group, Inc.",No,D,B,N/A,D,,,,,,,,,,,,,,,,,,,,,,,,,,,,,,,,,,,,,,,,,,,
H4605,Regence BlueCross BlueShield of Utah,REGENCE BLUECROSS BLUESHIELD OF UTAH,"Cambia Health Solutions, Inc.",No,C,A,N/A,C,,,,,,,,,,,,,,,,,,,,,,,,,,,,,,,,,,,,,,,,,,,
H4754,PacificSource Medicare,PACIFICSOURCE COMMUNITY HEALTH PLANS,PacificSource Health Plans,No,D,B,N/A,D,,,,,,,,,,,,,,,,,,,,,,,,,,,,,,,,,,,,,,,,,,,
H4875,Priority Health Medicare,PRIORITY HEALTH,Spectrum Health System,No,D,B,N/A,D,,,,,,,,,,,,,,,,,,,,,,,,,,,,,,,,,,,,,,,,,,,
H4876,Constellation Health,"CONSTELLATION HEALTH, LLC.","Constellation Health, LLC.",Yes,H,D,N/A,I,,,,,,,,,,,,,,,,,,,,,,,,,,,,,,,,,,,,,,,,,,,
H4909,Anthem Blue Cross and Blue Shield,"ANTHEM HEALTH PLANS OF VIRGINIA, INC.",Anthem Inc.,No,A,A,N/A,A,,,,,,,,,,,,,,,,,,,,,,,,,,,,,,,,,,,,,,,,,,,
H4922,AgeWell New York,"AGEWELL NEW YORK, LLC","ParkerCare New York, LLC",No,I,E,N/A,J,,,,,,,,,,,,,,,,,,,,,,,,,,,,,,,,,,,,,,,,,,,
H4931,University Care Advantage,"UNIVERSITY CARE ADVANTAGE, INC.",Banner Health,No,K,G,N/A,L,,,,,,,,,,,,,,,,,,,,,,,,,,,,,,,,,,,,,,,,,,,
H5008,UnitedHealthcare,UNITEDHEALTHCARE INSURANCE COMPANY,"UnitedHealth Group, Inc.",No,J,F,N/A,K,,,,,,,,,,,,,,,,,,,,,,,,,,,,,,,,,,,,,,,,,,,
H5009,Regence BlueShield,REGENCE BLUESHIELD,"Cambia Health Solutions, Inc.",No,D,B,N/A,D,,,,,,,,,,,,,,,,,,,,,,,,,,,,,,,,,,,,,,,,,,,
H5010,Asuris Northwest Health,ASURIS NORTHWEST HEALTH,"Cambia Health Solutions, Inc.",No,D,B,N/A,D,,,,,,,,,,,,,,,,,,,,,,,,,,,,,,,,,,,,,,,,,,,
H5042,CDPHP Medicare Choices,"CDPHP UNIVERSAL BENEFITS, INC.","Capital District Physicians' Health Plan, Inc.",No,C,A,N/A,C,,,,,,,,,,,,,,,,,,,,,,,,,,,,,,,,,,,,,,,,,,,
H5050,Group Health Cooperative,GROUP HEALTH COOPERATIVE,Group Health Cooperative,No,C,A,N/A,C,,,,,,,,,,,,,,,,,,,,,,,,,,,,,,,,,,,,,,,,,,,
H5087,Easy Choice Health Plan,EASY CHOICE HEALTH PLAN INC.,"WellCare Health Plans, Inc.",No,H,D,N/A,I,,,,,,,,,,,,,,,,,,,,,,,,,,,,,,,,,,,,,,,,,,,
H5106,Highmark Senior Solutions Company,HIGHMARK SENIOR SOLUTIONS COMPANY,Highmark Health,No,D,B,N/A,D,,,,,,,,,,,,,,,,,,,,,,,,,,,,,,,,,,,,,,,,,,,
H5141,CLOVER HEALTH,CLOVER INSURANCE COMPANY,"Clover Health Investments, LLC",No,I,E,N/A,J,,,,,,,,,,,,,,,,,,,,,,,,,,,,,,,,,,,,,,,,,,,
H5190,Sunshine Health Medicare Advantage,"SUNSHINE STATE HEALTH PLAN, INC.",Centene Corporation,No,K,G,N/A,L,,,,,,,,,,,,,,,,,,,,,,,,,,,,,,,,,,,,,,,,,,,
H5209,"Care Wisconsin Health Plan, Inc.","CARE WISCONSIN HEALTH PLAN, INC.","Care Wisconsin First, Inc.",No,K,G,N/A,L,,,,,,,,,,,,,,,,,,,,,,,,,,,,,,,,,,,,,,,,,,,
H5211,"Security Health Plan of Wisconsin, Inc.","SECURITY HEALTH PLAN OF WISCONSIN, INC.","Marshfield Clinic Health System, Inc.",No,C,A,N/A,C,,,,,,,,,,,,,,,,,,,,,,,,,,,,,,,,,,,,,,,,,,,
H5215,Network Health Medicare Advantage Plans,NETWORK HEALTH INSURANCE CORPORATION,"Ministry Health Care, Inc.",No,D,A,N/A,C,,,,,,,,,,,,,,,,,,,,,,,,,,,,,,,,,,,,,,,,,,,
H5216,Humana Insurance Company,HUMANA INSURANCE COMPANY,Humana Inc.,No,D,B,N/A,D,,,,,,,,,,,,,,,,,,,,,,,,,,,,,,,,,,,,,,,,,,,
H5253,UnitedHealthcare,"UNITEDHEALTHCARE OF WISCONSIN, INC.","UnitedHealth Group, Inc.",No,D,B,N/A,D,,,,,,,,,,,,,,,,,,,,,,,,,,,,,,,,,,,,,,,,,,,
H5256,Medical Associates Clinic Health Plan of Wisconsin,MEDICAL ASSOCIATES CLINIC HEALTH PLAN,"Medical Associates Clinic, P.C.",No,A,N/A,N/A,N/A,,,,,,,,,,,,,,,,,,,,,,,,,,,,,,,,,,,,,,,,,,,
H5262,Senior Preferred,GUNDERSEN HEALTH PLAN,Gundersen Lutheran Health System Inc.,No,A,A,N/A,A,,,,,,,,,,,,,,,,,,,,,,,,,,,,,,,,,,,,,,,,,,,
H5264,"Dean Health Plan, Inc.","DEAN HEALTH PLAN, INC.",SSM Healthcare Corporation,No,A,N/A,N/A,N/A,,,,,,,,,,,,,,,,,,,,,,,,,,,,,,,,,,,,,,,,,,,
H5294,Superior HealthPlan Medicare Advantage,"SUPERIOR HEALTH PLAN, INC.",Centene Corporation,No,K,G,N/A,L,,,,,,,,,,,,,,,,,,,,,,,,,,,,,,,,,,,,,,,,,,,
H5302,Coventry Health Care,AETNA HEALTH INC. (GA),Aetna Inc.,No,D,B,N/A,D,,,,,,,,,,,,,,,,,,,,,,,,,,,,,,,,,,,,,,,,,,,
H5322,UnitedHealthcare,CARE IMPROVEMENT PLUS SOUTH CENTRAL INSURANCE CO.,"UnitedHealth Group, Inc.",No,I,D,N/A,I,,,,,,,,,,,,,,,,,,,,,,,,,,,,,,,,,,,,,,,,,,,
H5386,Sharp Advantage,SHARP HEALTH PLAN,Sharp Healthcare,No,A,A,N/A,A,,,,,,,,,,,,,,,,,,,,,,,,,,,,,,,,,,,,,,,,,,,
H5410,"HealthSpring of Florida, Inc.",HEALTHSPRING OF FLORIDA,CIGNA,No,F,C,N/A,F,,,,,,,,,,,,,,,,,,,,,,,,,,,,,,,,,,,,,,,,,,,
H5415,"Humana Health Insurance Company of Florida, Inc.","HUMANA HEALTH INSURANCE COMPANY OF FLORIDA, INC.",Humana Inc.,No,C,A,N/A,C,,,,,,,,,,,,,,,,,,,,,,,,,,,,,,,,,,,,,,,,,,,
H5420,UnitedHealthcare,"MEDICA HEALTHCARE PLANS, INC.","UnitedHealth Group, Inc.",No,F,C,N/A,F,,,,,,,,,,,,,,,,,,,,,,,,,,,,,,,,,,,,,,,,,,,
H5422,Blue Cross Blue Shield Healthcare Plan of Georgia,BLUE CROSS BLUE SHIELD HEALTHCARE PLAN OF GEORGIA,Anthem Inc.,No,D,B,N/A,D,,,,,,,,,,,,,,,,,,,,,,,,,,,,,,,,,,,,,,,,,,,
H5425,SCAN Health Plan,SCAN HEALTH PLAN,SCAN Health Plan,No,D,B,N/A,D,,,,,,,,,,,,,,,,,,,,,,,,,,,,,,,,,,,,,,,,,,,
H5427,"Freedom Health, Inc.","FREEDOM HEALTH, INC.","America's 1st Choice Holdings of Florida, LLC",No,I,D,N/A,J,,,,,,,,,,,,,,,,,,,,,,,,,,,,,,,,,,,,,,,,,,,
H5430,Care1st+,ONECARE BY CARE1ST HEALTH PLAN ARIZONA INC.,California Physicians' Service,No,K,G,N/A,L,,,,,,,,,,,,,,,,,,,,,,,,,,,,,,,,,,,,,,,,,,,
H5431,"HealthSun Health Plans, Inc.","HEALTHSUN HEALTH PLANS, INC.","HealthSun Health Plans, Inc",No,G,C,N/A,H,,,,,,,,,,,,,,,,,,,,,,,,,,,,,,,,,,,,,,,,,,,
H5433,OneCare,ORANGE COUNTY HEALTH AUTHORITY,Orange County Health Authority,No,K,G,N/A,L,,,,,,,,,,,,,,,,,,,,,,,,,,,,,,,,,,,,,,,,,,,
H5434,Florida Blue,"BLUE CROSS AND BLUE SHIELD OF FLORIDA, INC.",Guidewell Mutual Holding Corporation,No,D,B,N/A,D,,,,,,,,,,,,,,,,,,,,,,,,,,,,,,,,,,,,,,,,,,,
H5435,UnitedHealthcare,UNITEDHEALTHCARE INSURANCE COMPANY,"UnitedHealth Group, Inc.",No,D,B,N/A,D,,,,,,,,,,,,,,,,,,,,,,,,,,,,,,,,,,,,,,,,,,,
H5439,Health Net Life Insurance Company,HEALTH NET LIFE INSURANCE COMPANY,Centene Corporation,No,D,B,N/A,D,,,,,,,,,,,,,,,,,,,,,,,,,,,,,,,,,,,,,,,,,,,
H5471,"Simply Healthcare Plans, Inc.","SIMPLY HEALTHCARE PLANS, INC.",Anthem Inc.,No,J,D,N/A,J,,,,,,,,,,,,,,,,,,,,,,,,,,,,,,,,,,,,,,,,,,,
H5475,MeridianCare,"MERIDIAN HEALTH PLAN OF MICHIGAN, INC.","Caidan Enterprises, Inc.",No,J,F,N/A,K,,,,,,,,,,,,,,,,,,,,,,,,,,,,,,,,,,,,,,,,,,,
H5520,Health Net Life Insurance Company,HEALTH NET LIFE INSURANCE COMPANY,Centene Corporation,No,D,B,N/A,D,,,,,,,,,,,,,,,,,,,,,,,,,,,,,,,,,,,,,,,,,,,
H5521,Aetna Medicare,AETNA LIFE INSURANCE COMPANY,Aetna Inc.,No,C,A,N/A,C,,,,,,,,,,,,,,,,,,,,,,,,,,,,,,,,,,,,,,,,,,,
H5522,"d/b/a HealthAmerica Pennsylvania, Inc.","HEALTHASSURANCE PENNSYLVANIA, INC.",Aetna Inc.,No,D,B,N/A,D,,,,,,,,,,,,,,,,,,,,,,,,,,,,,,,,,,,,,,,,,,,
H5525,"Humana Benefit Plan of Illinois, Inc.","HUMANA BENEFIT PLAN OF ILLINOIS, INC.",Humana Inc.,No,D,B,N/A,D,,,,,,,,,,,,,,,,,,,,,,,,,,,,,,,,,,,,,,,,,,,
H5526,BlueCross BlueShield of WNY and BlueShield of NENY,HEALTHNOW NEW YORK INC.,HealthNow New York Inc.,No,C,A,N/A,C,,,,,,,,,,,,,,,,,,,,,,,,,,,,,,,,,,,,,,,,,,,
H5528,EmblemHealth Medicare PPO,GROUP HEALTH INCORPORATED,"EmblemHealth, Inc.",No,I,D,N/A,J,,,,,,,,,,,,,,,,,,,,,,,,,,,,,,,,,,,,,,,,,,,
H5530,Anthem Blue Cross and Blue Shield,"ANTHEM HEALTH PLANS OF KENTUCKY, INC.",Anthem Inc.,No,D,B,N/A,D,,,,,,,,,,,,,,,,,,,,,,,,,,,,,,,,,,,,,,,,,,,
H5533,UPMC Health Plan,"UPMC HEALTH NETWORK, INC.",UPMC Health System,No,D,B,N/A,D,,,,,,,,,,,,,,,,,,,,,,,,,,,,,,,,,,,,,,,,,,,
H5549,VNSNY CHOICE Medicare,VNS CHOICE,Visiting Nurse Service of New York,No,J,D,N/A,K,,,,,,,,,,,,,,,,,,,,,,,,,,,,,,,,,,,,,,,,,,,
H5576,"Vantage Health Plan, Inc.","VANTAGE HEALTH PLAN, INC.","Vantage Holdings, Inc.",No,I,E,N/A,J,,,,,,,,,,,,,,,,,,,,,,,,,,,,,,,,,,,,,,,,,,,
H5577,MCS Classicare,"MCS ADVANTAGE, INC.","Medical Card System, Inc.",Yes,J,F,N/A,K,,,,,,,,,,,,,,,,,,,,,,,,,,,,,,,,,,,,,,,,,,,
H5580,Mercy Care Advantage,SOUTHWEST CATHOLIC HEALTH NETWORK CORPORATION,Southwest Catholic Health Network,No,K,G,N/A,L,,,,,,,,,,,,,,,,,,,,,,,,,,,,,,,,,,,,,,,,,,,
H5587,Health Choice Generations HMO SNP,"HEALTH CHOICE ARIZONA, INC.",IASIS Healthcare,No,K,G,N/A,L,,,,,,,,,,,,,,,,,,,,,,,,,,,,,,,,,,,,,,,,,,,
H5590,Bridgeway Health Solutions,BRIDGEWAY HEALTH SOLUTIONS,Centene Corporation,No,K,G,N/A,L,,,,,,,,,,,,,,,,,,,,,,,,,,,,,,,,,,,,,,,,,,,
H5591,Martin's Point Generations Advantage,"MARTIN'S POINT GENERATIONS ADVANTAGE, INC.","Martin's Point Health Care, Inc.",No,D,B,N/A,D,,,,,,,,,,,,,,,,,,,,,,,,,,,,,,,,,,,,,,,,,,,
H5594,"Optimum HealthCare, Inc.","OPTIMUM HEALTHCARE, INC.","America's 1st Choice Holdings of Florida, LLC",No,D,B,N/A,D,,,,,,,,,,,,,,,,,,,,,,,,,,,,,,,,,,,,,,,,,,,
H5608,"Denver Health Medical Plan, Inc.","DENVER HEALTH MEDICAL PLAN, INC.",Denver Health and Hospital Authority,No,J,F,N/A,K,,,,,,,,,,,,,,,,,,,,,,,,,,,,,,,,,,,,,,,,,,,
H5609,Blue Shield of California,CALIFORNIA PHYSICIANS' SERVICE,California Physicians' Service,No,D,B,N/A,D,,,,,,,,,,,,,,,,,,,,,,,,,,,,,,,,,,,,,,,,,,,
H5613,MVP HEALTH CARE,"MVP HEALTH PLAN, INC.","MVP Health Care, Inc.",No,N/A,N/A,N/A,N/A,,,,,,,,,,,,,,,,,,,,,,,,,,,,,,,,,,,,,,,,,,,
H5619,"Arcadian Health Plan, Inc.","ARCADIAN HEALTH PLAN, INC.",Humana Inc.,No,I,E,N/A,J,,,,,,,,,,,,,,,,,,,,,,,,,,,,,,,,,,,,,,,,,,,
H5628,Molina Healthcare of Utah,"MOLINA HEALTHCARE OF UTAH, INC.","Molina Healthcare, Inc.,",No,J,F,N/A,K,,,,,,,,,,,,,,,,,,,,,,,,,,,,,,,,,,,,,,,,,,,
H5649,Central Health Medicare Plan,"CENTRAL HEALTH PLAN OF CALIFORNIA, INC.",AHMC Central Health LLC,No,F,C,N/A,F,,,,,,,,,,,,,,,,,,,,,,,,,,,,,,,,,,,,,,,,,,,
H5652,UnitedHealthcare,"SIERRA HEALTH AND LIFE INSURANCE COMPANY, INC.","UnitedHealth Group, Inc.",No,A,A,N/A,A,,,,,,,,,,,,,,,,,,,,,,,,,,,,,,,,,,,,,,,,,,,
H5656,Universal American Corp.,"SELECTCARE HEALTH PLANS, INC.",Universal American Corp.,No,I,E,N/A,J,,,,,,,,,,,,,,,,,,,,,,,,,,,,,,,,,,,,,,,,,,,
H5685,HAP Midwest Advantage,"HAP MIDWEST HEALTH PLAN, INC.",Henry Ford Health System,No,K,G,N/A,L,,,,,,,,,,,,,,,,,,,,,,,,,,,,,,,,,,,,,,,,,,,
H5703,South Country Health Alliance,SOUTH COUNTRY HEALTH ALLIANCE,South Country Health Alliance,No,K,G,N/A,L,,,,,,,,,,,,,,,,,,,,,,,,,,,,,,,,,,,,,,,,,,,
H5746,Amerigroup Community Care of New Mexico,"AMERIGROUP COMMUNITY CARE OF NEW MEXICO, INC.",Anthem Inc.,No,I,E,N/A,J,,,,,,,,,,,,,,,,,,,,,,,,,,,,,,,,,,,,,,,,,,,
H5774,Triple S Advantage,"TRIPLE S ADVANTAGE, INC.",Triple-S Management Corporation,Yes,J,F,N/A,K,,,,,,,,,,,,,,,,,,,,,,,,,,,,,,,,,,,,,,,,,,,
H5779,MeridianCare,"MERIDIAN HEALTH PLAN OF ILLINOIS, INC.","Caidan Enterprises, Inc.",No,I,E,N/A,J,,,,,,,,,,,,,,,,,,,,,,,,,,,,,,,,,,,,,,,,,,,
H5793,Aetna Medicare,AETNA HEALTH INC. (CT),Aetna Inc.,No,F,C,N/A,F,,,,,,,,,,,,,,,,,,,,,,,,,,,,,,,,,,,,,,,,,,,
H5810,Molina Healthcare of California,MOLINA HEALTHCARE OF CALIFORNIA,"Molina Healthcare, Inc.,",No,K,G,N/A,L,,,,,,,,,,,,,,,,,,,,,,,,,,,,,,,,,,,,,,,,,,,
H5817,Amerigroup,"AMERIGROUP TEXAS, INC.",Anthem Inc.,No,J,E,N/A,K,,,,,,,,,,,,,,,,,,,,,,,,,,,,,,,,,,,,,,,,,,,
H5823,"Molina Healthcare of Washington, Inc.","MOLINA HEALTHCARE OF WASHINGTON, INC.","Molina Healthcare, Inc.,",No,K,G,N/A,L,,,,,,,,,,,,,,,,,,,,,,,,,,,,,,,,,,,,,,,,,,,
H5826,Community HealthFirst Medicare Advantage Plan,COMMUNITY HEALTH PLAN OF WASHINGTON,Community Health Plan of Washington,No,I,E,N/A,J,,,,,,,,,,,,,,,,,,,,,,,,,,,,,,,,,,,,,,,,,,,
H5852,AHF,AIDS HEALTHCARE FOUNDATION,AIDS Healthcare Foundation,No,J,E,N/A,K,,,,,,,,,,,,,,,,,,,,,,,,,,,,,,,,,,,,,,,,,,,
H5854,Anthem Blue Cross and Blue Shield,"ANTHEM HEALTH PLANS, INC.",Anthem Inc.,No,J,F,N/A,K,,,,,,,,,,,,,,,,,,,,,,,,,,,,,,,,,,,,,,,,,,,
H5859,CareOregon Advantage,"HEALTH PLAN OF CAREOREGON, INC.","CareOregon, Inc.",No,J,F,N/A,K,,,,,,,,,,,,,,,,,,,,,,,,,,,,,,,,,,,,,,,,,,,
H5883,Blue Care Network,BLUE CARE NETWORK OF MICHIGAN,Blue Cross Blue Shield of Michigan Mutual Insuranc,No,D,B,N/A,D,,,,,,,,,,,,,,,,,,,,,,,,,,,,,,,,,,,,,,,,,,,
H5926,Molina Healthcare of Michigan,"MOLINA HEALTHCARE OF MICHIGAN, INC.","Molina Healthcare, Inc.,",No,J,F,N/A,K,,,,,,,,,,,,,,,,,,,,,,,,,,,,,,,,,,,,,,,,,,,
H5928,Care1st Health Plan,CARE1ST HEALTH PLAN,California Physicians' Service,No,H,D,N/A,I,,,,,,,,,,,,,,,,,,,,,,,,,,,,,,,,,,,,,,,,,,,
H5932,Gateway Health Medicare Assured,"GATEWAY HEALTH PLAN, INC.","Gateway Health Plan, LP",No,J,F,N/A,K,,,,,,,,,,,,,,,,,,,,,,,,,,,,,,,,,,,,,,,,,,,
H5937,UCare,UCARE MINNESOTA,UCare Minnesota,No,N/A,N/A,N/A,N/A,,,,,,,,,,,,,,,,,,,,,,,,,,,,,,,,,,,,,,,,,,,
H5938,Capital Health Plan,CAPITAL HEALTH PLAN,Guidewell Mutual Holding Corporation,No,C,A,N/A,C,,,,,,,,,,,,,,,,,,,,,,,,,,,,,,,,,,,,,,,,,,,
H5943,VillageHealth,SCAN HEALTH PLAN,SCAN Health Plan,No,J,F,N/A,K,,,,,,,,,,,,,,,,,,,,,,,,,,,,,,,,,,,,,,,,,,,
H5945,Prominence Health Plan,PROMINENCE HEALTHFIRST,"Universal Health Services, Inc.",No,D,B,N/A,D,,,,,,,,,,,,,,,,,,,,,,,,,,,,,,,,,,,,,,,,,,,
H5969,AlohaCare,ALOHACARE,AlohaCare,No,K,D,N/A,L,,,,,,,,,,,,,,,,,,,,,,,,,,,,,,,,,,,,,,,,,,,
H5970,Humana Insurance Company of New York,HUMANA INSURANCE COMPANY OF NEW YORK,Humana Inc.,No,D,B,N/A,D,,,,,,,,,,,,,,,,,,,,,,,,,,,,,,,,,,,,,,,,,,,
H5989,CenterLight Healthcare,"CENTERLIGHT HEALTHCARE, INC.","CenterLight Health System, Inc.",No,K,G,N/A,L,,,,,,,,,,,,,,,,,,,,,,,,,,,,,,,,,,,,,,,,,,,
H5991,Affinity Health Plan,"AFFINITY HEALTH PLAN, INC.","Affinity Health Services Holdings, Inc.",No,J,F,N/A,K,,,,,,,,,,,,,,,,,,,,,,,,,,,,,,,,,,,,,,,,,,,
H5992,Senior Whole Health of New York,"SENIOR WHOLE HEALTH OF NEW YORK, INC.","SWH Holdings, Inc.",No,G,C,N/A,G,,,,,,,,,,,,,,,,,,,,,,,,,,,,,,,,,,,,,,,,,,,
H5995,ATRIO Health Plans,ATRIO HEALTH PLANS,ATRIO Health Plans,No,K,G,N/A,L,,,,,,,,,,,,,,,,,,,,,,,,,,,,,,,,,,,,,,,,,,,
H6050,Kaiser Permanente Medicare Cost,"KAISER FOUNDATION HP, INC.","Kaiser Foundation Health Plan, Inc.",No,C,N/A,N/A,N/A,,,,,,,,,,,,,,,,,,,,,,,,,,,,,,,,,,,,,,,,,,,
H6052,Kaiser Permanente Medicare Cost,"KAISER FOUNDATION HP, INC.","Kaiser Foundation Health Plan, Inc.",No,C,N/A,N/A,N/A,,,,,,,,,,,,,,,,,,,,,,,,,,,,,,,,,,,,,,,,,,,
H6237,Regence BlueCross BlueShield of Oregon,REGENCE BLUECROSS BLUESHIELD OF OREGON,"Cambia Health Solutions, Inc.",No,D,B,N/A,D,,,,,,,,,,,,,,,,,,,,,,,,,,,,,,,,,,,,,,,,,,,
H6298,Medical Mutual of Ohio,HEALTHSPAN INTEGRATED CARE,Catholic Health Partners,No,D,B,N/A,D,,,,,,,,,,,,,,,,,,,,,,,,,,,,,,,,,,,,,,,,,,,
H6306,FirstMedicare Direct,FIRSTCAROLINACARE INSURANCE COMPANY,"FirstHealth of the Carolinas, Inc.",No,D,B,N/A,D,,,,,,,,,,,,,,,,,,,,,,,,,,,,,,,,,,,,,,,,,,,
H6320,Fresenius Health Plans,"FRESENIUS HEALTH PLANS OF NORTH CAROLINA, INC.",Fresenius Medicare Care AG & Co. KGaA,No,N/A,N/A,N/A,N/A,,,,,,,,,,,,,,,,,,,,,,,,,,,,,,,,,,,,,,,,,,,
H6328,Care NÆ Care Insurance Company,"CARE N' CARE INSURANCE COMPANY, INC.",North Texas Specialty Physicians,No,D,B,N/A,D,,,,,,,,,,,,,,,,,,,,,,,,,,,,,,,,,,,,,,,,,,,
H6396,CareSource,CARESOURCE,CareSource Management Group Co.,No,N/A,N/A,N/A,N/A,,,,,,,,,,,,,,,,,,,,,,,,,,,,,,,,,,,,,,,,,,,
H6453,HMO Louisiana,"HMO LOUISIANA, INC.",Louisiana Health Service & Indemnity Company,No,N/A,N/A,N/A,N/A,,,,,,,,,,,,,,,,,,,,,,,,,,,,,,,,,,,,,,,,,,,
H6528,UnitedHealthcare,CARE IMPROVEMENT PLUS SOUTH CENTRAL INSURANCE CO.,"UnitedHealth Group, Inc.",No,I,E,N/A,J,,,,,,,,,,,,,,,,,,,,,,,,,,,,,,,,,,,,,,,,,,,
H6609,Humana Insurance Company,HUMANA INSURANCE COMPANY,Humana Inc.,No,D,B,N/A,D,,,,,,,,,,,,,,,,,,,,,,,,,,,,,,,,,,,,,,,,,,,
H6622,Humana WI Health Organization Insurance Corp,HUMANA WI HEALTH ORGANIZATION INSURANCE CORP,Humana Inc.,No,D,B,N/A,D,,,,,,,,,,,,,,,,,,,,,,,,,,,,,,,,,,,,,,,,,,,
H6672,Eon Health,"EON HEALTH, INC. (GA)","Eon Health Plan, LLC",No,N/A,N/A,N/A,N/A,,,,,,,,,,,,,,,,,,,,,,,,,,,,,,,,,,,,,,,,,,,
H6723,Medical Mutual of Ohio,MEDICAL MUTUAL OF OHIO,MEDICAL MUTUAL OF OHIO,No,N/A,N/A,N/A,N/A,,,,,,,,,,,,,,,,,,,,,,,,,,,,,,,,,,,,,,,,,,,
H6743,ATRIO Health Plans,ATRIO HEALTH PLANS,ATRIO Health Plans,No,D,B,N/A,D,,,,,,,,,,,,,,,,,,,,,,,,,,,,,,,,,,,,,,,,,,,
H6750,"Harvard Pilgrim Health Care of New England, Inc.","HARVARD PILGRIM HEALTH CARE OF NEW ENGLAND, INC.","Harvard Pilgrim Health Care, Inc.",No,D,B,N/A,D,,,,,,,,,,,,,,,,,,,,,,,,,,,,,,,,,,,,,,,,,,,
H6776,RiverSpring Health Plans,"ELDERSERVE HEALTH, INC.",Riverspring Health Holding Corp.,No,N/A,N/A,N/A,N/A,,,,,,,,,,,,,,,,,,,,,,,,,,,,,,,,,,,,,,,,,,,
H6786,Anthem Blue Cross and Blue Shield,"ANTHEM HEALTH PLANS OF MAINE, INC.",Anthem Inc.,No,D,B,N/A,D,,,,,,,,,,,,,,,,,,,,,,,,,,,,,,,,,,,,,,,,,,,
H6801,Blue Cross Blue Shield of Oklahoma,"GHS MANAGED HEALTH CARE PLANS, INC.",Health Care Service Corporation,No,D,B,N/A,D,,,,,,,,,,,,,,,,,,,,,,,,,,,,,,,,,,,,,,,,,,,
H6815,"Health Net Health Plan of Oregon, Inc.",HEALTH NET HEALTH PLAN OF OREGON,Centene Corporation,No,D,B,N/A,D,,,,,,,,,,,,,,,,,,,,,,,,,,,,,,,,,,,,,,,,,,,
H6859,"Humana Medical Plan of Pennsylvania, Inc.","HUMANA MEDICAL PLAN OF PENNSYLVANIA, INC.",Humana Inc.,No,I,E,N/A,J,,,,,,,,,,,,,,,,,,,,,,,,,,,,,,,,,,,,,,,,,,,
H6864,GuildNet,"GUILDNET, INC.",Jewish Guild for the Blind,No,K,D,N/A,L,,,,,,,,,,,,,,,,,,,,,,,,,,,,,,,,,,,,,,,,,,,
H6880,Trusted Medicare Plus,"TRUSTED HEALTH PLAN (DC), INC.","Trusted Health Plans, Inc.",No,N/A,N/A,N/A,N/A,,,,,,,,,,,,,,,,,,,,,,,,,,,,,,,,,,,,,,,,,,,
H6947,QualChoice Advantage,QUALCHOICE ADVANTAGE,Catholic Health Initiatives,No,N/A,N/A,N/A,N/A,,,,,,,,,,,,,,,,,,,,,,,,,,,,,,,,,,,,,,,,,,,
H6951,Trillium Medicare Advantage,TRILLIUM COMMUNITY HEALTH PLAN,Centene Corporation,No,D,B,N/A,D,,,,,,,,,,,,,,,,,,,,,,,,,,,,,,,,,,,,,,,,,,,
H6972,Cigna-HealthSpring,"HEALTHSPRING LIFE & HEALTH INSURANCE COMPANY, INC.",CIGNA,No,I,E,N/A,J,,,,,,,,,,,,,,,,,,,,,,,,,,,,,,,,,,,,,,,,,,,
H6988,Centers Plan for Healthy Living,"CENTERS PLAN FOR HEALTHY LIVING, LLC","Centers Plan for Healthy Living, LLC",No,I,E,N/A,J,,,,,,,,,,,,,,,,,,,,,,,,,,,,,,,,,,,,,,,,,,,
H7006,ATRIO Health Plans,ATRIO HEALTH PLANS,ATRIO Health Plans,No,C,A,N/A,C,,,,,,,,,,,,,,,,,,,,,,,,,,,,,,,,,,,,,,,,,,,
H7020,Cigna-Healthspring,"CIGNA HEALTHCARE OF SOUTH CAROLINA, INC.",CIGNA,No,I,B,N/A,J,,,,,,,,,,,,,,,,,,,,,,,,,,,,,,,,,,,,,,,,,,,
H7115,Memorial Hermann Health Plan,MEMORIAL HERMANN HEALTH PLAN,Memorial Hermann Health System,No,D,B,N/A,D,,,,,,,,,,,,,,,,,,,,,,,,,,,,,,,,,,,,,,,,,,,
H7149,Coventry Health Care,AETNA HEALTH INC. (PA),Aetna Inc.,No,D,B,N/A,D,,,,,,,,,,,,,,,,,,,,,,,,,,,,,,,,,,,,,,,,,,,
H7173,Peach State Health Plan,"PEACH STATE HEALTH PLAN, INC.",Centene Corporation,No,K,G,N/A,L,,,,,,,,,,,,,,,,,,,,,,,,,,,,,,,,,,,,,,,,,,,
H7200,Amerigroup,"AMERIGROUP TENNESSEE, INC.",Anthem Inc.,No,J,F,N/A,K,,,,,,,,,,,,,,,,,,,,,,,,,,,,,,,,,,,,,,,,,,,
H7220,Indiana University Health Plans - Medicare,"INDIANA UNIVERSITY HEALTH PLANS, INC.",Indiana University Health,No,D,B,N/A,D,,,,,,,,,,,,,,,,,,,,,,,,,,,,,,,,,,,,,,,,,,,
H7245,Premera Blue Cross Medicare Advantage,PREMERA BLUE CROSS,Premera,No,D,B,N/A,D,,,,,,,,,,,,,,,,,,,,,,,,,,,,,,,,,,,,,,,,,,,
H7301,"Coventry Health Care of Illinois, Inc.","COVENTRY HEALTH CARE OF ILLINOIS, INC.",Aetna Inc.,No,D,B,N/A,D,,,,,,,,,,,,,,,,,,,,,,,,,,,,,,,,,,,,,,,,,,,
H7522,Medicare y Mucho Mßs,"MMM HEALTHCARE, LLC",InnovaCare Inc.,Yes,N/A,N/A,N/A,N/A,,,,,,,,,,,,,,,,,,,,,,,,,,,,,,,,,,,,,,,,,,,
H7678,"Molina Healthcare of Texas, Inc.","MOLINA HEALTHCARE OF TEXAS, INC.","Molina Healthcare, Inc.,",No,K,G,N/A,L,,,,,,,,,,,,,,,,,,,,,,,,,,,,,,,,,,,,,,,,,,,
H7680,Prominence Health Plan,PROMINENCE HEALTHFIRST OF TEXAS,"Universal Health Services, Inc.",No,I,E,N/A,J,,,,,,,,,,,,,,,,,,,,,,,,,,,,,,,,,,,,,,,,,,,
H7728,Anthem Blue Cross and Blue Shield,"ANTHEM HEALTH PLANS OF NEW HAMPSHIRE, INC.",Anthem Inc.,No,D,A,N/A,D,,,,,,,,,,,,,,,,,,,,,,,,,,,,,,,,,,,,,,,,,,,
H7787,Cigna-HealthSpring,"HEALTHSPRING LIFE & HEALTH INSURANCE COMPANY, INC.",CIGNA,No,D,B,N/A,D,,,,,,,,,,,,,,,,,,,,,,,,,,,,,,,,,,,,,,,,,,,
H7917,BlueCross BlueShield of Tennessee,"BLUECROSS BLUESHIELD OF TENNESSEE, INC.",BlueCross BlueShield of Tennessee,No,D,B,N/A,D,,,,,,,,,,,,,,,,,,,,,,,,,,,,,,,,,,,,,,,,,,,
H7960,Harbor Medicare Plans,"HARBOR HEALTH PLAN, INC.",Tenet Healthcare Corporation,No,I,E,N/A,J,,,,,,,,,,,,,,,,,,,,,,,,,,,,,,,,,,,,,,,,,,,
H7971,Horizon Blue Cross Blue Shield of New Jersey,HORIZON INSURANCE COMPANY,"Horizon Healthcare Services, Inc.",No,A,A,N/A,A,,,,,,,,,,,,,,,,,,,,,,,,,,,,,,,,,,,,,,,,,,,
H8064,FirstMedicare Direct,FIRSTCAROLINACARE INSURANCE COMPANY,"FirstHealth of the Carolinas, Inc.",No,D,B,N/A,D,,,,,,,,,,,,,,,,,,,,,,,,,,,,,,,,,,,,,,,,,,,
H8067,Provider Partners Maryland Advantage Plan,"PROVIDER PARTNERS HEALTH PLAN, INC.","Preferred Providers Health Plan, Inc.",No,N/A,N/A,N/A,N/A,,,,,,,,,,,,,,,,,,,,,,,,,,,,,,,,,,,,,,,,,,,
H8091,ARKANSAS BLUE CROSS AND BLUE SHIELD,USABLE MUTUAL INSURANCE COMPANY,USAble Mutual Insurance Company,No,I,B,N/A,J,,,,,,,,,,,,,,,,,,,,,,,,,,,,,,,,,,,,,,,,,,,
H8130,Molina Healthcare of Florida,"MOLINA HEALTHCARE OF FLORIDA, INC.","Molina Healthcare, Inc.,",No,K,G,N/A,L,,,,,,,,,,,,,,,,,,,,,,,,,,,,,,,,,,,,,,,,,,,
H8133,Blue Cross and Blue Shield of Texas,GHS INSURANCE COMPANY,Health Care Service Corporation,No,D,B,N/A,D,,,,,,,,,,,,,,,,,,,,,,,,,,,,,,,,,,,,,,,,,,,
H8145,Humana Insurance Company,HUMANA INSURANCE COMPANY,Humana Inc.,No,D,B,N/A,D,,,,,,,,,,,,,,,,,,,,,,,,,,,,,,,,,,,,,,,,,,,
H8146,BlueChoice Tennessee,"SECURITYCARE OF TENNESSEE, INC.",BlueCross BlueShield of Tennessee,No,I,B,N/A,J,,,,,,,,,,,,,,,,,,,,,,,,,,,,,,,,,,,,,,,,,,,
H8170,America's 1st Choice of South Carolina,"AMERICA'S 1ST CHOICE OF SOUTH CAROLINA, INC.","AmericaÆs 1st Choice of South Carolina, Inc.",No,I,E,N/A,J,,,,,,,,,,,,,,,,,,,,,,,,,,,,,,,,,,,,,,,,,,,
H8189,MHS Health Wisconsin Advantage,"MANAGED HEALTH SERVICES, WISCONSIN",Centene Corporation,No,K,G,N/A,L,,,,,,,,,,,,,,,,,,,,,,,,,,,,,,,,,,,,,,,,,,,
H8237,Vital Traditions (HMO HMO-POS),INSURANCE COMPANY OF SCOTT AND WHITE,Baylor Scott & White Holdings,No,D,B,N/A,D,,,,,,,,,,,,,,,,,,,,,,,,,,,,,,,,,,,,,,,,,,,
H8266,Constellation Health,"CONSTELLATION HEALTH, LLC.","Constellation Health, LLC.",Yes,I,E,N/A,J,,,,,,,,,,,,,,,,,,,,,,,,,,,,,,,,,,,,,,,,,,,
H8289,Baptist Health Plan,"BAPTIST HEALTH PLAN, INC.",Baptist Healthcare System,No,N/A,N/A,N/A,N/A,,,,,,,,,,,,,,,,,,,,,,,,,,,,,,,,,,,,,,,,,,,
H8298,Horizon Blue Cross Blue Shield of New Jersey,"HORIZON HEALTHCARE OF NEW JERSEY, INC.","Horizon Healthcare Services, Inc.",No,N/A,N/A,N/A,N/A,,,,,,,,,,,,,,,,,,,,,,,,,,,,,,,,,,,,,,,,,,,
H8432,Anthem Blue Cross and Blue Shield,"ANTHEM HEALTH PLANS OF MAINE, INC.",Anthem Inc.,No,I,E,N/A,J,,,,,,,,,,,,,,,,,,,,,,,,,,,,,,,,,,,,,,,,,,,
H8506,"Moda Health Plan, Inc.","MODA HEALTH PLAN, INC.","Moda, Inc.",No,I,E,N/A,J,,,,,,,,,,,,,,,,,,,,,,,,,,,,,,,,,,,,,,,,,,,
H8552,Anthem Blue Cross Life and Health Insurance Co.,ANTHEM BLUE CROSS LIFE AND HEALTH INS COMPANY,Anthem Inc.,No,D,A,N/A,D,,,,,,,,,,,,,,,,,,,,,,,,,,,,,,,,,,,,,,,,,,,
H8554,Allegian Health Plans,"ALLEGIAN HEALTH PLANS, INC.",Tenet Healthcare Corporation,No,I,D,N/A,J,,,,,,,,,,,,,,,,,,,,,,,,,,,,,,,,,,,,,,,,,,,
H8578,Health New England Medicare Advantage Plans,"HEALTH NEW ENGLAND, INC.","Baystate Health, Inc.",No,C,A,N/A,C,,,,,,,,,,,,,,,,,,,,,,,,,,,,,,,,,,,,,,,,,,,
H8604,The Health Plan,THP INSURANCE COMPANY,Health Plan of the Upper Ohio Valley,No,D,B,N/A,D,,,,,,,,,,,,,,,,,,,,,,,,,,,,,,,,,,,,,,,,,,,
H8634,"Blue Cross and Blue Shield of IL, NM, OK",HEALTH CARE SERVICE CORPORATION,Health Care Service Corporation,No,C,A,N/A,C,,,,,,,,,,,,,,,,,,,,,,,,,,,,,,,,,,,,,,,,,,,
H8649,Altius Health Plans,"AETNA HEALTH OF UTAH, INC",Aetna Inc.,No,D,B,N/A,D,,,,,,,,,,,,,,,,,,,,,,,,,,,,,,,,,,,,,,,,,,,
H8748,UnitedHealthcare,UNITEDHEALTHCARE INSURANCE COMPANY,"UnitedHealth Group, Inc.",No,D,B,N/A,D,,,,,,,,,,,,,,,,,,,,,,,,,,,,,,,,,,,,,,,,,,,
H8764,Aspire Health Plan,ASPIRE HEALTH PLAN,Montage Health,No,D,B,N/A,D,,,,,,,,,,,,,,,,,,,,,,,,,,,,,,,,,,,,,,,,,,,
H8854,University of Maryland Health Advantage,"UNIVERSITY OF MARYLAND HEALTH ADVANTAGE, INC.",University of Maryland Medical System Corporation,No,N/A,N/A,N/A,N/A,,,,,,,,,,,,,,,,,,,,,,,,,,,,,,,,,,,,,,,,,,,
H8908,"Humana Medical Plan of Michigan, Inc.","HUMANA MEDICAL PLAN OF MICHIGAN, INC.",Humana Inc.,No,D,B,N/A,D,,,,,,,,,,,,,,,,,,,,,,,,,,,,,,,,,,,,,,,,,,,
H9001,Fallon Health,FALLON COMMUNITY HEALTH PLAN,Fallon Community Health Plan,No,F,C,N/A,F,,,,,,,,,,,,,,,,,,,,,,,,,,,,,,,,,,,,,,,,,,,
H9003,Kaiser Permanente,KAISER FOUNDATION HP OF THE N W,"Kaiser Foundation Health Plan, Inc.",No,D,A,N/A,D,,,,,,,,,,,,,,,,,,,,,,,,,,,,,,,,,,,,,,,,,,,
H9047,Providence Health Assurance,PROVIDENCE HEALTH ASSURANCE,Providence Health & Services,No,C,A,N/A,C,,,,,,,,,,,,,,,,,,,,,,,,,,,,,,,,,,,,,,,,,,,
H9082,"Molina Healthcare of New Mexico, Inc.","MOLINA HEALTHCARE OF NEW MEXICO, INC.","Molina Healthcare, Inc.,",No,K,G,N/A,L,,,,,,,,,,,,,,,,,,,,,,,,,,,,,,,,,,,,,,,,,,,
H9096,Dean Advantage,"DEAN HEALTH PLAN, INC.",SSM Healthcare Corporation,No,N/A,N/A,N/A,N/A,,,,,,,,,,,,,,,,,,,,,,,,,,,,,,,,,,,,,,,,,,,
H9104,SCAN Health Plan,SCAN HEALTH PLAN,SCAN Health Plan,No,E,C,N/A,E,,,,,,,,,,,,,,,,,,,,,,,,,,,,,,,,,,,,,,,,,,,
H9153,West Virginia Senior Advantage (HMO SNP),"WEST VIRGINIA SENIOR ADVANTAGE, INC.","Stonerise Senior Advantage Holdings, LLC",No,N/A,N/A,N/A,N/A,,,,,,,,,,,,,,,,,,,,,,,,,,,,,,,,,,,,,,,,,,,
H9162,CareSource,"CARESOURCE INDIANA, INC.",CareSource Management Group Co.,No,N/A,N/A,N/A,N/A,,,,,,,,,,,,,,,,,,,,,,,,,,,,,,,,,,,,,,,,,,,
H9190,Gateway Health Medicare Assured,"GATEWAY HEALTH PLAN OF OHIO, INC.","Gateway Health Plan, LP",No,I,E,N/A,J,,,,,,,,,,,,,,,,,,,,,,,,,,,,,,,,,,,,,,,,,,,
H9207,Health Partners Medicare,"HEALTH PARTNERS PLANS, INC.","Health Partners Plans, Inc.",No,J,E,N/A,J,,,,,,,,,,,,,,,,,,,,,,,,,,,,,,,,,,,,,,,,,,,
H9208,RiverLink Health,RIVERLINK HEALTH,Catholic Health Initiatives,No,D,B,N/A,D,,,,,,,,,,,,,,,,,,,,,,,,,,,,,,,,,,,,,,,,,,,
H9276,Sunshine Health Medicare Advantage,"SUNSHINE HEALTH COMMUNITY SOLUTIONS, INC.",Centene Corporation,No,N/A,N/A,N/A,N/A,,,,,,,,,,,,,,,,,,,,,,,,,,,,,,,,,,,,,,,,,,,
H9287,"Health Net of Arizona, Inc.","HEALTH NET COMMUNITY SOLUTIONS OF ARIZONA, INC.",Centene Corporation,No,N/A,N/A,N/A,N/A,,,,,,,,,,,,,,,,,,,,,,,,,,,,,,,,,,,,,,,,,,,
H9302,Soundpath Health,SOUNDPATH HEALTH,Catholic Health Initiatives,No,D,B,N/A,D,,,,,,,,,,,,,,,,,,,,,,,,,,,,,,,,,,,,,,,,,,,
H9312,Fresenius Health Plans,FRESENIUS HEALTH PLANS INSURANCE COMPANY,Fresenius Medicare Care AG & Co. KGaA,No,N/A,N/A,N/A,N/A,,,,,,,,,,,,,,,,,,,,,,,,,,,,,,,,,,,,,,,,,,,
H9403,Eon Health,"EON HEALTH, INC. (SC)","Eon Health Plan, LLC",No,N/A,N/A,N/A,N/A,,,,,,,,,,,,,,,,,,,,,,,,,,,,,,,,,,,,,,,,,,,
H9408,Vibra Health Plan,"VIBRA HEALTH PLAN, INC.","Vibra Health Plan Holdings, LLC",No,N/A,N/A,N/A,N/A,,,,,,,,,,,,,,,,,,,,,,,,,,,,,,,,,,,,,,,,,,,
H9412,Geisinger Gold,"GEISINGER QUALITY OPTIONS, INC.",Geisinger Health System,No,D,B,N/A,D,,,,,,,,,,,,,,,,,,,,,,,,,,,,,,,,,,,,,,,,,,,
H9460,Cigna-HealthSpring,"CIGNA HEALTHCARE OF ST LOUIS, INC.",CIGNA,No,N/A,N/A,N/A,N/A,,,,,,,,,,,,,,,,,,,,,,,,,,,,,,,,,,,,,,,,,,,
H9525,Anthem Blue Cross and Blue Shield,COMPCARE HEALTH SERVICES INSURANCE CORPORATION,Anthem Inc.,No,D,B,N/A,D,,,,,,,,,,,,,,,,,,,,,,,,,,,,,,,,,,,,,,,,,,,
H9572,Blue Cross Blue Shield of Michigan,BCBS OF MICHIGAN MUTUAL INSURANCE COMPANY,Blue Cross Blue Shield of Michigan Mutual Insuranc,No,C,A,N/A,C,,,,,,,,,,,,,,,,,,,,,,,,,,,,,,,,,,,,,,,,,,,
H9585,BMC HealthNet Plan Senior Care Options,"BOSTON MEDICAL CENTER HEALTH PLAN, INC.","BMC Health System, Inc.",No,N/A,N/A,N/A,N/A,,,,,,,,,,,,,,,,,,,,,,,,,,,,,,,,,,,,,,,,,,,
H9589,Eon Health,"EON HEALTH, INC. (GA)","Eon Health Plan, LLC",No,N/A,N/A,N/A,N/A,,,,,,,,,,,,,,,,,,,,,,,,,,,,,,,,,,,,,,,,,,,
H9595,Molina Healthcare of Virginia,"MOLINA HEALTHCARE OF VIRGINIA, INC.","Molina Healthcare, Inc.,",No,N/A,N/A,N/A,N/A,,,,,,,,,,,,,,,,,,,,,,,,,,,,,,,,,,,,,,,,,,,
H9615,MVP HEALTH CARE,"MVP HEALTH PLAN, INC.","MVP Health Care, Inc.",No,C,A,N/A,C,,,,,,,,,,,,,,,,,,,,,,,,,,,,,,,,,,,,,,,,,,,
H9699,Health Advantage,"HMO PARTNERS, INC.",USAble Mutual Insurance Company,No,D,B,N/A,D,,,,,,,,,,,,,,,,,,,,,,,,,,,,,,,,,,,,,,,,,,,
H9725,Cigna-Healthspring,"CIGNA HEALTHCARE OF NORTH CAROLINA, INC.",CIGNA,No,I,E,N/A,J,,,,,,,,,,,,,,,,,,,,,,,,,,,,,,,,,,,,,,,,,,,
H9730,WellCare,"WELLCARE HEALTH INSURANCE COMPANY OF KENTUCKY, INC","WellCare Health Plans, Inc.",No,J,E,N/A,J,,,,,,,,,,,,,,,,,,,,,,,,,,,,,,,,,,,,,,,,,,,
H9808,HealthTeam Advantage,CARE N' CARE INSURANCE COMPANY OF NORTH CAROLINA,Moses H. Cone Memorial Hospital Corp.,No,N/A,N/A,N/A,N/A,,,,,,,,,,,,,,,,,,,,,,,,,,,,,,,,,,,,,,,,,,,
H9811,Magnolia Health Plan Medicare Advantage,"MAGNOLIA HEALTH PLAN, INC.",Centene Corporation,No,N/A,N/A,N/A,N/A,,,,,,,,,,,,,,,,,,,,,,,,,,,,,,,,,,,,,,,,,,,
H9834,Senior Preferred,GUNDERSEN HEALTH PLAN OF MINNESOTA,Gundersen Lutheran Health System Inc.,No,A,A,N/A,A,,,,,,,,,,,,,,,,,,,,,,,,,,,,,,,,,,,,,,,,,,,
H9870,Passport Advantage,"UNIVERSITY HEALTH CARE, INC.","University Health Care, Inc.",No,N/A,N/A,N/A,N/A,,,,,,,,,,,,,,,,,,,,,,,,,,,,,,,,,,,,,,,,,,,
H9877,"Virginia Premier Health Plan, Inc.","VIRGINIA PREMIER HEALTH PLAN, INC.",Virginia Cwlth University Hlth System Authority,No,N/A,N/A,N/A,N/A,,,,,,,,,,,,,,,,,,,,,,,,,,,,,,,,,,,,,,,,,,,
H9886,Anthem Blue Cross and Blue Shield,"HMO MISSOURI, INC.",Anthem Inc.,No,I,E,N/A,J,,,,,,,,,,,,,,,,,,,,,,,,,,,,,,,,,,,,,,,,,,,
H9915,"MedStar Family Choice, Inc","MEDSTAR FAMILY CHOICE, INC.","Medstar Health, Inc.",No,I,E,N/A,J,,,,,,,,,,,,,,,,,,,,,,,,,,,,,,,,,,,,,,,,,,,
H9947,Blue Cross Blue Shield of Georgia,"BLUE CROSS AND BLUE SHIELD OF GEORGIA, INC.",Anthem Inc.,No,D,B,N/A,D,,,,,,,,,,,,,,,,,,,,,,,,,,,,,,,,,,,,,,,,,,,
H9954,Anthem Blue Cross and Blue Shield,"ANTHEM INSURANCE COMPANIES, INC.",Anthem Inc.,No,I,E,N/A,J,,,,,,,,,,,,,,,,,,,,,,,,,,,,,,,,,,,,,,,,,,,
R3175,UnitedHealthcare,UNITEDHEALTHCARE INSURANCE COMPANY,"UnitedHealth Group, Inc.",No,K,G,N/A,L,,,,,,,,,,,,,,,,,,,,,,,,,,,,,,,,,,,,,,,,,,,
R3332,Florida Blue,"BLUE CROSS AND BLUE SHIELD OF FLORIDA, INC.",Guidewell Mutual Holding Corporation,No,D,B,N/A,D,,,,,,,,,,,,,,,,,,,,,,,,,,,,,,,,,,,,,,,,,,,
R3444,UnitedHealthcare,CARE IMPROVEMENT PLUS SOUTH CENTRAL INSURANCE CO.,"UnitedHealth Group, Inc.",No,I,E,N/A,J,,,,,,,,,,,,,,,,,,,,,,,,,,,,,,,,,,,,,,,,,,,
R5329,UnitedHealthcare,"SIERRA HEALTH AND LIFE INSURANCE COMPANY, INC.","UnitedHealth Group, Inc.",No,N/A,N/A,N/A,N/A,,,,,,,,,,,,,,,,,,,,,,,,,,,,,,,,,,,,,,,,,,,
R5342,UnitedHealthcare,UNITEDHEALTHCARE INSURANCE COMPANY OF NEW YORK,"UnitedHealth Group, Inc.",No,D,B,N/A,D,,,,,,,,,,,,,,,,,,,,,,,,,,,,,,,,,,,,,,,,,,,
R5826,Humana Insurance Company,HUMANA INSURANCE COMPANY,Humana Inc.,No,D,B,N/A,D,,,,,,,,,,,,,,,,,,,,,,,,,,,,,,,,,,,,,,,,,,,
R5941,Anthem Blue Cross and Blue Shield,"ANTHEM INSURANCE COMPANIES, INC.",Anthem Inc.,No,D,B,N/A,D,,,,,,,,,,,,,,,,,,,,,,,,,,,,,,,,,,,,,,,,,,,
R6694,Aetna Medicare,AETNA LIFE INSURANCE COMPANY,Aetna Inc.,No,N/A,N/A,N/A,N/A,,,,,,,,,,,,,,,,,,,,,,,,,,,,,,,,,,,,,,,,,,,
R6801,UnitedHealthcare,CARE IMPROVEMENT PLUS OF TEXAS INSURANCE COMPANY,"UnitedHealth Group, Inc.",No,I,E,N/A,J,,,,,,,,,,,,,,,,,,,,,,,,,,,,,,,,,,,,,,,,,,,
R7444,UnitedHealthcare,UNITEDHEALTHCARE INSURANCE COMPANY,"UnitedHealth Group, Inc.",No,H,B,N/A,I,,,,,,,,,,,,,,,,,,,,,,,,,,,,,,,,,,,,,,,,,,,
S0522,UnitedHealthcare,"SYMPHONIX HEALTH INSURANCE, INC.","UnitedHealth Group, Inc.",No,N/A,N/A,E,N/A,,,,,,,,,,,,,,,,,,,,,,,,,,,,,,,,,,,,,,,,,,,
S0586,MVP Health Care,"MVP HEALTH PLAN, INC.","MVP Health Care, Inc.",No,N/A,N/A,A,N/A,,,,,,,,,,,,,,,,,,,,,,,,,,,,,,,,,,,,,,,,,,,
S0655,Tufts Health Plan,TUFTS INSURANCE COMPANY,"Tufts Associated HMO, Inc.",No,N/A,N/A,A,N/A,,,,,,,,,,,,,,,,,,,,,,,,,,,,,,,,,,,,,,,,,,,
S1030,BlueRx (PDP),BCBS OF ALABAMA & UTIC INSURANCE COMPANY,BlueCross BlueShield of Alabama,No,N/A,N/A,A,N/A,,,,,,,,,,,,,,,,,,,,,,,,,,,,,,,,,,,,,,,,,,,
S1140,BlueCross BlueShield of WNY and BlueShield of NENY,HEALTHNOW NEW YORK INC.,HealthNow New York Inc.,No,N/A,N/A,E,N/A,,,,,,,,,,,,,,,,,,,,,,,,,,,,,,,,,,,,,,,,,,,
S1822,HealthPartners National PDP,"HEALTHPARTNERS, INC.","HealthPartners, Inc.",No,N/A,N/A,A,N/A,,,,,,,,,,,,,,,,,,,,,,,,,,,,,,,,,,,,,,,,,,,
S2468,Blue Shield of California,CALIFORNIA PHYSICIANS SERVICE,California Physicians' Service,No,N/A,N/A,A,N/A,,,,,,,,,,,,,,,,,,,,,,,,,,,,,,,,,,,,,,,,,,,
S2668,Farm Bureau Health Plans,MEMBERS HEALTH INSURANCE COMPANY,Tennessee Rural Health Improvement Association,No,N/A,N/A,N/A,N/A,,,,,,,,,,,,,,,,,,,,,,,,,,,,,,,,,,,,,,,,,,,
S2874,"Humana Insurance of Puerto Rico, Inc.","HUMANA INSURANCE OF PUERTO RICO, INC.",Humana Inc.,Yes,N/A,N/A,D,N/A,,,,,,,,,,,,,,,,,,,,,,,,,,,,,,,,,,,,,,,,,,,
S2893,Blue MedicareRx,ANTHEM INSURANCE CO. & BCBSMA & BCBSRI & BCBSVT,Anthem Insurance Co. & BCBSMA & BCBSRI & BCBSVT,No,N/A,N/A,A,N/A,,,,,,,,,,,,,,,,,,,,,,,,,,,,,,,,,,,,,,,,,,,
S3389,UPMC Health Plan,"UPMC HEALTH BENEFITS, INC.",UPMC Health System,No,N/A,N/A,A,N/A,,,,,,,,,,,,,,,,,,,,,,,,,,,,,,,,,,,,,,,,,,,
S3521,"Excellus Health Plan, Inc","EXCELLUS HEALTH PLAN, INC.","Lifetime Healthcare, Inc.",No,N/A,N/A,A,N/A,,,,,,,,,,,,,,,,,,,,,,,,,,,,,,,,,,,,,,,,,,,
S3875,Granite Alliance,GRANITE ALLIANCE INSURANCE COMPANY,"Veridicus Health, LLC",No,N/A,N/A,A,N/A,,,,,,,,,,,,,,,,,,,,,,,,,,,,,,,,,,,,,,,,,,,
S3994,HMSAs Medicare Rx Plan,HAWAII MEDICAL SERVICE ASSOCIATION (HMSA),Hawaii Medical Service Association,No,N/A,N/A,N/A,N/A,,,,,,,,,,,,,,,,,,,,,,,,,,,,,,,,,,,,,,,,,,,
S4054,Senior Care Plus,HOMETOWN HEALTH PLAN,Renown Health,No,N/A,N/A,A,N/A,,,,,,,,,,,,,,,,,,,,,,,,,,,,,,,,,,,,,,,,,,,
S4219,Health Alliance Medicare Prescription Plan,HEALTH ALLIANCE MEDICAL PLANS,The Carle Foundation,No,N/A,N/A,C,N/A,,,,,,,,,,,,,,,,,,,,,,,,,,,,,,,,,,,,,,,,,,,
S4501,Pharmacy Benefit Dimensions PDP,INDEPENDENT HEALTH BENEFITS CORPORATION,"Independent Health Association, Inc.",No,N/A,N/A,A,N/A,,,,,,,,,,,,,,,,,,,,,,,,,,,,,,,,,,,,,,,,,,,
S4607,Magellan Rx Medicare,MERIT HEALTH INSURANCE COMPANY,"Magellan Health, Inc.",No,N/A,N/A,N/A,N/A,,,,,,,,,,,,,,,,,,,,,,,,,,,,,,,,,,,,,,,,,,,
S4802,WellCare,"WELLCARE PRESCRIPTION INSURANCE, INC.","WellCare Health Plans, Inc.",No,N/A,N/A,E,N/A,,,,,,,,,,,,,,,,,,,,,,,,,,,,,,,,,,,,,,,,,,,
S5450,SecurityCare of Tennessee,"SECURITYCARE OF TENNESSEE, INC.",BlueCross BlueShield of Tennessee,No,N/A,N/A,N/A,N/A,,,,,,,,,,,,,,,,,,,,,,,,,,,,,,,,,,,,,,,,,,,
S5540,Blue Cross and Blue Shield of North Carolina,BLUE CROSS AND BLUE SHIELD OF NORTH CAROLINA,Blue Cross and Blue Shield of North Carolina,No,N/A,N/A,A,N/A,,,,,,,,,,,,,,,,,,,,,,,,,,,,,,,,,,,,,,,,,,,
S5552,Humana Insurance Company of New York,HUMANA INSURANCE COMPANY OF NEW YORK,Humana Inc.,No,N/A,N/A,C,N/A,,,,,,,,,,,,,,,,,,,,,,,,,,,,,,,,,,,,,,,,,,,
S5584,Blue Cross Blue Shield of Michigan,BCBS OF MICHIGAN MUTUAL INSURANCE COMPANY,Blue Cross Blue Shield of Michigan Mutual Insuranc,No,N/A,N/A,A,N/A,,,,,,,,,,,,,,,,,,,,,,,,,,,,,,,,,,,,,,,,,,,
S5588,Paramount Prescription Drug Plan,PARAMOUNT INSURANCE COMPANY,Promedica Health System,No,N/A,N/A,A,N/A,,,,,,,,,,,,,,,,,,,,,,,,,,,,,,,,,,,,,,,,,,,
S5593,HM Health Insurance Company,HM HEALTH INSURANCE COMPANY,Highmark Health,No,N/A,N/A,A,N/A,,,,,,,,,,,,,,,,,,,,,,,,,,,,,,,,,,,,,,,,,,,
S5596,Blue MedicareRx,"ANTHEM INSURANCE COMPANIES, INC.",Anthem Inc.,No,N/A,N/A,A,N/A,,,,,,,,,,,,,,,,,,,,,,,,,,,,,,,,,,,,,,,,,,,
S5601,SilverScript,SILVERSCRIPT INSURANCE COMPANY,CVS Health Corporation,No,N/A,N/A,E,N/A,,,,,,,,,,,,,,,,,,,,,,,,,,,,,,,,,,,,,,,,,,,
S5609,Asuris Northwest Health,ASURIS NORTHWEST HEALTH,"Cambia Health Solutions, Inc.",No,N/A,N/A,A,N/A,,,,,,,,,,,,,,,,,,,,,,,,,,,,,,,,,,,,,,,,,,,
S5617,Cigna-HealthSpring Rx,CIGNA HEALTH AND LIFE INSURANCE COMPANY,CIGNA,No,N/A,N/A,E,N/A,,,,,,,,,,,,,,,,,,,,,,,,,,,,,,,,,,,,,,,,,,,
S5660,Express Scripts Medicare,MEDCO CONTAINMENT LIFE AND MEDCO CONTAINMENT NY,Express Scripts Holding Company,No,N/A,N/A,C,N/A,,,,,,,,,,,,,,,,,,,,,,,,,,,,,,,,,,,,,,,,,,,
S5715,"HISC - Blue Cross Blue Shield of IL, NM, OK, TX",HCSC INSURANCE SERVICES COMPANY,Health Care Service Corporation,No,N/A,N/A,C,N/A,,,,,,,,,,,,,,,,,,,,,,,,,,,,,,,,,,,,,,,,,,,
S5726,Blue MedicareRx,BLUE CROSS AND BLUE SHIELD OF KANSAS,Blue Cross Blue Shield of Kansas,No,N/A,N/A,A,N/A,,,,,,,,,,,,,,,,,,,,,,,,,,,,,,,,,,,,,,,,,,,
S5743,MedicareBlue Rx,"WELLMARK  IA & SD, & BCBS MN, MT, NE, ND,& WY","BCBS MN, MT, NE, ND, WY, Wellmark IA and SD",No,N/A,N/A,A,N/A,,,,,,,,,,,,,,,,,,,,,,,,,,,,,,,,,,,,,,,,,,,
S5753,WPS Health Insurance,WISCONSIN PHYSICIANS SERVICE INSURANCE CORPORATION,Wisconsin Physicians Service Ins Corporation.,No,N/A,N/A,A,N/A,,,,,,,,,,,,,,,,,,,,,,,,,,,,,,,,,,,,,,,,,,,
S5768,First Health Part D,FIRST HEALTH LIFE & HEALTH INSURANCE COMPANY,Aetna Inc.,No,N/A,N/A,C,N/A,,,,,,,,,,,,,,,,,,,,,,,,,,,,,,,,,,,,,,,,,,,
S5795,ARKANSAS BLUE CROSS AND BLUE SHIELD,USABLE MUTUAL INSURANCE COMPANY,USAble Mutual Insurance Company,No,N/A,N/A,A,N/A,,,,,,,,,,,,,,,,,,,,,,,,,,,,,,,,,,,,,,,,,,,
S5805,UnitedHealthcare,UNITEDHEALTHCARE INSURANCE COMPANY OF NEW YORK,"UnitedHealth Group, Inc.",No,N/A,N/A,C,N/A,,,,,,,,,,,,,,,,,,,,,,,,,,,,,,,,,,,,,,,,,,,
S5810,Aetna Medicare,AETNA LIFE INSURANCE COMPANY,Aetna Inc.,No,N/A,N/A,E,N/A,,,,,,,,,,,,,,,,,,,,,,,,,,,,,,,,,,,,,,,,,,,
S5820,UnitedHealthcare,UNITEDHEALTHCARE INSURANCE COMPANY,"UnitedHealth Group, Inc.",No,N/A,N/A,C,N/A,,,,,,,,,,,,,,,,,,,,,,,,,,,,,,,,,,,,,,,,,,,
S5857,Priority Health Medicare,PRIORITY HEALTH INSURANCE COMPANY,Spectrum Health System,No,N/A,N/A,A,N/A,,,,,,,,,,,,,,,,,,,,,,,,,,,,,,,,,,,,,,,,,,,
S5877,EMI Health,EDUCATORS MUTUAL INSURANCE ASSOCIATION,Educators Mutual Insurance Association,No,N/A,N/A,A,N/A,,,,,,,,,,,,,,,,,,,,,,,,,,,,,,,,,,,,,,,,,,,
S5884,Humana Insurance Company,HUMANA INSURANCE COMPANY,Humana Inc.,No,N/A,N/A,C,N/A,,,,,,,,,,,,,,,,,,,,,,,,,,,,,,,,,,,,,,,,,,,
S5904,Florida Blue,"BLUE CROSS AND BLUE SHIELD OF FLORIDA, INC.",Guidewell Mutual Holding Corporation,No,N/A,N/A,A,N/A,,,,,,,,,,,,,,,,,,,,,,,,,,,,,,,,,,,,,,,,,,,
S5916,Regence BlueShield of Idaho and Regence BC BS Utah,REGENCE BLUESHIELD OF IDAHO AND REGENCE BC BS UTAH,"Cambia Health Solutions, Inc.",No,N/A,N/A,A,N/A,,,,,,,,,,,,,,,,,,,,,,,,,,,,,,,,,,,,,,,,,,,
S5921,UnitedHealthcare,UNITEDHEALTHCARE INS. CO. AND UNITEDHEALTHCARE NY,"UnitedHealth Group, Inc.",No,N/A,N/A,E,N/A,,,,,,,,,,,,,,,,,,,,,,,,,,,,,,,,,,,,,,,,,,,
S5953,Blue Cross Blue Shield of South Carolina,BLUECROSS AND BLUESHIELD OF SOUTH CAROLINA,BlueCross BlueShield of South Carolina (BCBSSC),No,N/A,N/A,A,N/A,,,,,,,,,,,,,,,,,,,,,,,,,,,,,,,,,,,,,,,,,,,
S5960,UniCare,UNICARE LIFE & HEALTH INSURANCE COMPANY,Anthem Inc.,No,N/A,N/A,A,N/A,,,,,,,,,,,,,,,,,,,,,,,,,,,,,,,,,,,,,,,,,,,
S5966,EmblemHealth Medicare PDP,GROUP HEALTH INCORPORATED,"EmblemHealth, Inc.",No,N/A,N/A,A,N/A,,,,,,,,,,,,,,,,,,,,,,,,,,,,,,,,,,,,,,,,,,,
S5975,"Moda Health Plan, Inc.","MODA HEALTH PLAN, INC.","Moda, Inc.",No,N/A,N/A,A,N/A,,,,,,,,,,,,,,,,,,,,,,,,,,,,,,,,,,,,,,,,,,,
S5983,Express Scripts Medicare,MEDCO CONTAINMENT INSURANCE COMPANY OF NEW YORK,Express Scripts Holding Company,No,N/A,N/A,E,N/A,,,,,,,,,,,,,,,,,,,,,,,,,,,,,,,,,,,,,,,,,,,
S5993,Horizon Blue Cross Blue Shield of New Jersey,HORIZON INSURANCE COMPANY,"Horizon Healthcare Services, Inc.",No,N/A,N/A,A,N/A,,,,,,,,,,,,,,,,,,,,,,,,,,,,,,,,,,,,,,,,,,,
S6506,Blue Cross and Blue Shield of Arizona,"BLUE CROSS AND BLUE SHIELD ARIZONA, INC.",Blue Cross Blue Shield of Arizona,No,N/A,N/A,C,N/A,,,,,,,,,,,,,,,,,,,,,,,,,,,,,,,,,,,,,,,,,,,
S6875,Select Option,QCC INSURANCE COMPANY,"Independence Health Group, Inc.",No,N/A,N/A,A,N/A,,,,,,,,,,,,,,,,,,,,,,,,,,,,,,,,,,,,,,,,,,,
S6986,"MII Life, Inc.","MII LIFE, INC.","Aware Integrated, Inc.",No,N/A,N/A,N/A,N/A,,,,,,,,,,,,,,,,,,,,,,,,,,,,,,,,,,,,,,,,,,,
S7694,EnvisionRx Plus,ENVISION INSURANCE COMPANY,Rite Aid Corporation,No,N/A,N/A,E,N/A,,,,,,,,,,,,,,,,,,,,,,,,,,,,,,,,,,,,,,,,,,,
S8067,Avalon Insurance Company,AVALON INSURANCE COMPANY,Capital BlueCross,No,N/A,N/A,A,N/A,,,,,,,,,,,,,,,,,,,,,,,,,,,,,,,,,,,,,,,,,,,
S8841,"Optum Insurance of Ohio, Inc.","OPTUM INSURANCE OF OHIO, INC.","UnitedHealth Group, Inc.",No,N/A,N/A,A,N/A,,,,,,,,,,,,,,,,,,,,,,,,,,,,,,,,,,,,,,,,,,,
S9579,Transamerica Life Insurance Company,TRANSAMERICA LIFE INSURANCE COMPANY,Aegon N.V.,No,N/A,N/A,A,N/A,,,,,,,,,,,,,,,,,,,,,,,,,,,,,,,,,,,,,,,,,,,
S9701,Navitus MedicareRx,"DEAN HEALTH INSURANCE, INC.",SSM Healthcare Corporation,No,N/A,N/A,A,N/A,,,,,,,,,,,,,,,,,,,,,,,,,,,,,,,,,,,,,,,,,,,
