2019 CAI View: Medicare Report Card Master Table,,,,,,,,,,,,,,,,,,,,,,,,,,,,,,,,,,,,,,,,,,,,,,,,,,,,
Contract Number,Organization Marketing Name,Contract Name,Parent Organization,Puerto Rico Only,Part C FAC,Part D MA-PD FAC,Part D PDP FAC,Overall FAC,,,,,,,,,,,,,,,,,,,,,,,,,,,,,,,,,,,,,,,,,,,,
E0654,TEAMStar Medicare Part D Prescription Drug Program,Ibt Voluntary Employee Benefits Trust,IBT Voluntary Employee Benefits Trust,No,N/A,N/A,B,N/A,,,,,,,,,,,,,,,,,,,,,,,,,,,,,,,,,,,,,,,,,,,,
E3014,Pennsylvania Public School Employees Retirement Sy,Psers Hop Program,Commonwealth of PA Pub Schools Retirement System,No,N/A,N/A,A,N/A,,,,,,,,,,,,,,,,,,,,,,,,,,,,,,,,,,,,,,,,,,,,
E4744,MISSOURI DEPARTMENT OF TRANSPORTATION,Modot/mshp Medical And Life Insurance Plan,Missouri Highways and Transportation Commission,No,N/A,N/A,A,N/A,,,,,,,,,,,,,,,,,,,,,,,,,,,,,,,,,,,,,,,,,,,,
H0028,Humana,"Cha Hmo, Inc.",Humana Inc.,No,B,B,N/A,C,,,,,,,,,,,,,,,,,,,,,,,,,,,,,,,,,,,,,,,,,,,,
H0029,Allwell,"Coordinated Care Of Washington, Inc.",Centene Corporation,No,N/A,N/A,N/A,N/A,,,,,,,,,,,,,,,,,,,,,,,,,,,,,,,,,,,,,,,,,,,,
H0062,Allwell,"Superior Healthplan Community Solutions, Inc.",Centene Corporation,No,C,D,N/A,D,,,,,,,,,,,,,,,,,,,,,,,,,,,,,,,,,,,,,,,,,,,,
H0088,WellCare,"Wellcare Health Insurance Of New York, Inc.","WellCare Health Plans, Inc.",No,N/A,N/A,N/A,N/A,,,,,,,,,,,,,,,,,,,,,,,,,,,,,,,,,,,,,,,,,,,,
H0104,Blue Advantage (PPO),Blue Cross And Blue Shield Of Alabama,BlueCross BlueShield of Alabama,No,A,B,N/A,B,,,,,,,,,,,,,,,,,,,,,,,,,,,,,,,,,,,,,,,,,,,,
H0107,Blue Cross and Blue Shield of Montana,Health Care Service Corporation,Health Care Service Corporation,No,A,B,N/A,B,,,,,,,,,,,,,,,,,,,,,,,,,,,,,,,,,,,,,,,,,,,,
H0111,WellCare,"Wellcare Of Georgia, Inc.","WellCare Health Plans, Inc.",No,N/A,N/A,N/A,N/A,,,,,,,,,,,,,,,,,,,,,,,,,,,,,,,,,,,,,,,,,,,,
H0154,VIVA Medicare,"Viva Health, Inc.",UAB Health System,No,C,D,N/A,D,,,,,,,,,,,,,,,,,,,,,,,,,,,,,,,,,,,,,,,,,,,,
H0169,UnitedHealthcare,"Unitedhealthcare Of The Midwest, Inc.","UnitedHealth Group, Inc.",No,N/A,N/A,N/A,N/A,,,,,,,,,,,,,,,,,,,,,,,,,,,,,,,,,,,,,,,,,,,,
H0174,WellCare,"Wellcare Of Texas, Inc.","WellCare Health Plans, Inc.",No,E,E,N/A,F,,,,,,,,,,,,,,,,,,,,,,,,,,,,,,,,,,,,,,,,,,,,
H0251,UnitedHealthcare,"Unitedhealthcare Plan Of The River Valley, Inc.","UnitedHealth Group, Inc.",No,E,E,N/A,F,,,,,,,,,,,,,,,,,,,,,,,,,,,,,,,,,,,,,,,,,,,,
H0270,WellCare,Wellcare Health Insurance Company Of America,"WellCare Health Plans, Inc.",No,N/A,N/A,N/A,N/A,,,,,,,,,,,,,,,,,,,,,,,,,,,,,,,,,,,,,,,,,,,,
H0271,UnitedHealthcare,"Symphonix Health Insurance, Inc.","UnitedHealth Group, Inc.",No,N/A,N/A,N/A,N/A,,,,,,,,,,,,,,,,,,,,,,,,,,,,,,,,,,,,,,,,,,,,
H0292,Humana,"Humana Health Plan Of Ohio, Inc.",Humana Inc.,No,N/A,N/A,N/A,N/A,,,,,,,,,,,,,,,,,,,,,,,,,,,,,,,,,,,,,,,,,,,,
H0294,UnitedHealthcare,Care Improvement Plus Wisconsin Insurance Company,"UnitedHealth Group, Inc.",No,B,B,N/A,B,,,,,,,,,,,,,,,,,,,,,,,,,,,,,,,,,,,,,,,,,,,,
H0302,Blue Cross Blue Shield of Arizona Advantage,"Medisun, Inc.","Veritage, LLC",No,A,B,N/A,B,,,,,,,,,,,,,,,,,,,,,,,,,,,,,,,,,,,,,,,,,,,,
H0321,UnitedHealthcare,"Arizona Physicians Ipa, Inc.","UnitedHealth Group, Inc.",No,E,E,N/A,F,,,,,,,,,,,,,,,,,,,,,,,,,,,,,,,,,,,,,,,,,,,,
H0332,KelseyCare Advantage,"Ks Plan Administrators, Llc","Kelsey-Seybold Medical Group, PLLC",No,A,A,N/A,B,,,,,,,,,,,,,,,,,,,,,,,,,,,,,,,,,,,,,,,,,,,,
H0351,Allwell,"Health Net Of Arizona, Inc.",Centene Corporation,No,B,B,N/A,C,,,,,,,,,,,,,,,,,,,,,,,,,,,,,,,,,,,,,,,,,,,,
H0354,Cigna,"Cigna Healthcare Of Arizona, Inc.",CIGNA,No,A,B,N/A,B,,,,,,,,,,,,,,,,,,,,,,,,,,,,,,,,,,,,,,,,,,,,
H0422,UCare,"Ucare Health, Inc.",UCare Minnesota,No,N/A,N/A,N/A,N/A,,,,,,,,,,,,,,,,,,,,,,,,,,,,,,,,,,,,,,,,,,,,
H0423,MetroPlus Health Plan,"Metroplus Health Plan, Inc.",New York City Health and Hospitals Corporation,No,D,D,N/A,E,,,,,,,,,,,,,,,,,,,,,,,,,,,,,,,,,,,,,,,,,,,,
H0432,UnitedHealthcare,"Unitedhealthcare Of Alabama, Inc.","UnitedHealth Group, Inc.",No,N/A,N/A,N/A,N/A,,,,,,,,,,,,,,,,,,,,,,,,,,,,,,,,,,,,,,,,,,,,
H0439,Cigna-HealthSpring,"Cigna Healthcare Of Georgia, Inc.",CIGNA,No,B,C,N/A,D,,,,,,,,,,,,,,,,,,,,,,,,,,,,,,,,,,,,,,,,,,,,
H0473,Humana,Humana Insurance Company Of Kentucky,Humana Inc.,No,N/A,N/A,N/A,N/A,,,,,,,,,,,,,,,,,,,,,,,,,,,,,,,,,,,,,,,,,,,,
H0502,Contra Costa Health Plan,The Contra Costa Health Plan,Contra Costa Health Services,No,B,N/A,N/A,N/A,,,,,,,,,,,,,,,,,,,,,,,,,,,,,,,,,,,,,,,,,,,,
H0504,Blue Shield of California,California Physicians' Service,California Physicians' Service,No,A,A,N/A,B,,,,,,,,,,,,,,,,,,,,,,,,,,,,,,,,,,,,,,,,,,,,
H0523,Aetna Medicare,Aetna Health Of California Inc.,Aetna Inc.,No,A,B,N/A,B,,,,,,,,,,,,,,,,,,,,,,,,,,,,,,,,,,,,,,,,,,,,
H0524,Kaiser Permanente,"Kaiser Foundation Hp, Inc.","Kaiser Foundation Health Plan, Inc.",No,A,B,N/A,B,,,,,,,,,,,,,,,,,,,,,,,,,,,,,,,,,,,,,,,,,,,,
H0543,UnitedHealthcare,Uhc Of California,"UnitedHealth Group, Inc.",No,A,B,N/A,B,,,,,,,,,,,,,,,,,,,,,,,,,,,,,,,,,,,,,,,,,,,,
H0544,Anthem Blue Cross,Blue Cross Of California,Anthem Inc.,No,B,B,N/A,C,,,,,,,,,,,,,,,,,,,,,,,,,,,,,,,,,,,,,,,,,,,,
H0545,Inter Valley Health Plan,"Inter Valley Health Plan, Inc.",InterValley Health Plan,No,A,B,N/A,B,,,,,,,,,,,,,,,,,,,,,,,,,,,,,,,,,,,,,,,,,,,,
H0562,Health Net of California,"Health Net Of California,inc.",Centene Corporation,No,B,B,N/A,C,,,,,,,,,,,,,,,,,,,,,,,,,,,,,,,,,,,,,,,,,,,,
H0571,Chinese Community Health Plan,Chinese Community Health Plan,Chinese Hospital Association,No,B,B,N/A,C,,,,,,,,,,,,,,,,,,,,,,,,,,,,,,,,,,,,,,,,,,,,
H0602,Rocky Mountain Health Plans,Rocky Mountain Health Maintenance Organization,"UnitedHealth Group, Inc.",No,A,N/A,N/A,N/A,,,,,,,,,,,,,,,,,,,,,,,,,,,,,,,,,,,,,,,,,,,,
H0609,UnitedHealthcare,"Pacificare Of Colorado, Inc","UnitedHealth Group, Inc.",No,B,B,N/A,B,,,,,,,,,,,,,,,,,,,,,,,,,,,,,,,,,,,,,,,,,,,,
H0624,UnitedHealthcare,Unitedhealthcare Insurance Company,"UnitedHealth Group, Inc.",No,E,E,N/A,F,,,,,,,,,,,,,,,,,,,,,,,,,,,,,,,,,,,,,,,,,,,,
H0630,Kaiser Permanente,Kaiser Foundation Hp Of Co,"Kaiser Foundation Health Plan, Inc.",No,A,A,N/A,B,,,,,,,,,,,,,,,,,,,,,,,,,,,,,,,,,,,,,,,,,,,,
H0657,Friday Health Plans of Colorado,"Friday Health Plans Of Colorado, Inc.","Friday Health Plans, Inc.",No,B,N/A,N/A,N/A,,,,,,,,,,,,,,,,,,,,,,,,,,,,,,,,,,,,,,,,,,,,
H0710,UnitedHealthcare,Unitedhealthcare Insurance Company,"UnitedHealth Group, Inc.",No,D,D,N/A,E,,,,,,,,,,,,,,,,,,,,,,,,,,,,,,,,,,,,,,,,,,,,
H0712,WellCare,"Wellcare Of Connecticut, Inc.","WellCare Health Plans, Inc.",No,D,D,N/A,E,,,,,,,,,,,,,,,,,,,,,,,,,,,,,,,,,,,,,,,,,,,,
H0724,Allwell,Buckeye Health Plan Community Solutions,Centene Corporation,No,N/A,N/A,N/A,N/A,,,,,,,,,,,,,,,,,,,,,,,,,,,,,,,,,,,,,,,,,,,,
H0755,UnitedHealthcare,"Oxford Health Plans (ct), Inc.","UnitedHealth Group, Inc.",No,B,B,N/A,C,,,,,,,,,,,,,,,,,,,,,,,,,,,,,,,,,,,,,,,,,,,,
H0838,Brand New Day,"Universal Care, Inc.","Universal Care, Inc",No,C,D,N/A,D,,,,,,,,,,,,,,,,,,,,,,,,,,,,,,,,,,,,,,,,,,,,
H0908,Allwell,"Buckeye Community Health Plan, Inc.",Centene Corporation,No,E,E,N/A,F,,,,,,,,,,,,,,,,,,,,,,,,,,,,,,,,,,,,,,,,,,,,
H0913,WellCare,"Wellcare Health Plans Of New Jersey, Inc.","WellCare Health Plans, Inc.",No,D,D,N/A,E,,,,,,,,,,,,,,,,,,,,,,,,,,,,,,,,,,,,,,,,,,,,
H0982,Solis Health Plans,"Solis Health Plans, Inc.","Athena Healthcare Holdings, LLC",No,N/A,N/A,N/A,N/A,,,,,,,,,,,,,,,,,,,,,,,,,,,,,,,,,,,,,,,,,,,,
H1016,AvMed Medicare,"Avmed, Inc.","AvMed, Inc.",No,A,A,N/A,B,,,,,,,,,,,,,,,,,,,,,,,,,,,,,,,,,,,,,,,,,,,,
H1019,"CarePlus Health Plans, Inc.","Careplus Health Plans, Inc.",Humana Inc.,No,C,D,N/A,D,,,,,,,,,,,,,,,,,,,,,,,,,,,,,,,,,,,,,,,,,,,,
H1032,WellCare,"Wellcare Of Florida, Inc.","WellCare Health Plans, Inc.",No,C,D,N/A,D,,,,,,,,,,,,,,,,,,,,,,,,,,,,,,,,,,,,,,,,,,,,
H1035,Florida Blue HMO,"Health Options, Inc.",Guidewell Mutual Holding Corporation,No,A,B,N/A,B,,,,,,,,,,,,,,,,,,,,,,,,,,,,,,,,,,,,,,,,,,,,
H1036,Humana,"Humana Medical Plan, Inc.",Humana Inc.,No,B,B,N/A,C,,,,,,,,,,,,,,,,,,,,,,,,,,,,,,,,,,,,,,,,,,,,
H1045,UnitedHealthcare,"Preferred Care Partners, Inc.","UnitedHealth Group, Inc.",No,B,B,N/A,C,,,,,,,,,,,,,,,,,,,,,,,,,,,,,,,,,,,,,,,,,,,,
H1099,"Health First Health Plans, Inc.",Health First Health Plans,"Health First, Inc.",No,A,B,N/A,B,,,,,,,,,,,,,,,,,,,,,,,,,,,,,,,,,,,,,,,,,,,,
H1100,Innovation Health Medicare,Innovation Health Insurance Company,"Innovation Health Holdings, LLC",No,N/A,N/A,N/A,N/A,,,,,,,,,,,,,,,,,,,,,,,,,,,,,,,,,,,,,,,,,,,,
H1109,Aetna Medicare,Aetna Health Inc.(ga),Aetna Inc.,No,B,C,N/A,C,,,,,,,,,,,,,,,,,,,,,,,,,,,,,,,,,,,,,,,,,,,,
H1111,UnitedHealthcare,"Unitedhealthcare Of Georgia, Inc.","UnitedHealth Group, Inc.",No,B,B,N/A,C,,,,,,,,,,,,,,,,,,,,,,,,,,,,,,,,,,,,,,,,,,,,
H1112,WellCare,"Wellcare Of Georgia, Inc.","WellCare Health Plans, Inc.",No,C,D,N/A,D,,,,,,,,,,,,,,,,,,,,,,,,,,,,,,,,,,,,,,,,,,,,
H1119,Valor Health Plan,"Tsg Guard, Inc.","The Schroer Group, Inc.",No,N/A,N/A,N/A,N/A,,,,,,,,,,,,,,,,,,,,,,,,,,,,,,,,,,,,,,,,,,,,
H1142,Bright Health,"Bright Health Insurance Company Of Ohio, Inc.",Bright Health Management,No,N/A,N/A,N/A,N/A,,,,,,,,,,,,,,,,,,,,,,,,,,,,,,,,,,,,,,,,,,,,
H1170,Kaiser Permanente,"Kaiser Foundation Hp Of Ga, Inc.","Kaiser Foundation Health Plan, Inc.",No,A,A,N/A,B,,,,,,,,,,,,,,,,,,,,,,,,,,,,,,,,,,,,,,,,,,,,
H1181,Network Health Medicare Advantage Plans,Network Health Insurance Corporation,"Network Health, Inc.",No,A,N/A,N/A,N/A,,,,,,,,,,,,,,,,,,,,,,,,,,,,,,,,,,,,,,,,,,,,
H1189,CHRISTUS Health Plan Generations,Christus Health Plan,CHRISTUS Health Plan,No,B,B,N/A,C,,,,,,,,,,,,,,,,,,,,,,,,,,,,,,,,,,,,,,,,,,,,
H1205,Integra Managed Care,"Integra Mltc, Inc.",Personal Touch Holding Corp.,No,N/A,N/A,N/A,N/A,,,,,,,,,,,,,,,,,,,,,,,,,,,,,,,,,,,,,,,,,,,,
H1225,Johns Hopkins HealthCare,"Hopkins Health Advantage, Inc.",Johns Hopkins Healthcare LLC,No,N/A,N/A,N/A,N/A,,,,,,,,,,,,,,,,,,,,,,,,,,,,,,,,,,,,,,,,,,,,
H1230,Kaiser Permanente,"Kaiser Foundation Hp, Inc.","Kaiser Foundation Health Plan, Inc.",No,A,A,N/A,B,,,,,,,,,,,,,,,,,,,,,,,,,,,,,,,,,,,,,,,,,,,,
H1248,Blue Cross and Blue Shield of Louisiana,Louisiana Health Service & Indemnity Company,Louisiana Health Service & Indemnity Company,No,N/A,N/A,N/A,N/A,,,,,,,,,,,,,,,,,,,,,,,,,,,,,,,,,,,,,,,,,,,,
H1278,UnitedHealthcare,Harken Health Insurance Company,"UnitedHealth Group, Inc.",No,N/A,N/A,N/A,N/A,,,,,,,,,,,,,,,,,,,,,,,,,,,,,,,,,,,,,,,,,,,,
H1286,UnitedHealthcare,Unitedhealthcare Insurance Company,"UnitedHealth Group, Inc.",No,B,B,N/A,C,,,,,,,,,,,,,,,,,,,,,,,,,,,,,,,,,,,,,,,,,,,,
H1290,Devoted Health,"Devoted Health Plan Of Florida, Inc.","Devoted Health, Inc.",No,N/A,N/A,N/A,N/A,,,,,,,,,,,,,,,,,,,,,,,,,,,,,,,,,,,,,,,,,,,,
H1302,Blue Cross of Idaho,"Blue Cross Of Idaho Care Plus, Inc.","Blue Cross of Idaho Health Services, Inc.",No,A,N/A,N/A,N/A,,,,,,,,,,,,,,,,,,,,,,,,,,,,,,,,,,,,,,,,,,,,
H1304,Regence BlueShield Of Idaho,Regence Blueshield Of Idaho,"Cambia Health Solutions, Inc.",No,A,B,N/A,B,,,,,,,,,,,,,,,,,,,,,,,,,,,,,,,,,,,,,,,,,,,,
H1350,Blue Cross of Idaho,"Blue Cross Of Idaho Care Plus, Inc.","Blue Cross of Idaho Health Services, Inc.",No,B,B,N/A,C,,,,,,,,,,,,,,,,,,,,,,,,,,,,,,,,,,,,,,,,,,,,
H1352,Blue Cross and Blue Shield of Kansas City (Blue KC,"Blue-advantage Plus Of Kansas City, Inc.",Blue Cross and Blue Shield of Kansas City,No,B,B,N/A,C,,,,,,,,,,,,,,,,,,,,,,,,,,,,,,,,,,,,,,,,,,,,
H1365,Martin's Point Generations Advantage,"Martin's Point Generations Advantage, Inc.","Martin's Point Health Care, Inc.",No,A,A,N/A,A,,,,,,,,,,,,,,,,,,,,,,,,,,,,,,,,,,,,,,,,,,,,
H1372,AgeRight Advantage Health Plan (HMO SNP),"Marquis Advantage, Inc.","Marquis Companies I, Inc.",No,C,D,N/A,E,,,,,,,,,,,,,,,,,,,,,,,,,,,,,,,,,,,,,,,,,,,,
H1393,Bright Health,Bright Health Insurance Company Of Tennessee,Bright Health Management,No,N/A,N/A,N/A,N/A,,,,,,,,,,,,,,,,,,,,,,,,,,,,,,,,,,,,,,,,,,,,
H1415,Cigna-HealthSpring,Healthspring Life & Health Insurance Company,CIGNA,No,C,D,N/A,D,,,,,,,,,,,,,,,,,,,,,,,,,,,,,,,,,,,,,,,,,,,,
H1416,WellCare,"Harmony Health Plan,  Inc.","WellCare Health Plans, Inc.",No,C,D,N/A,D,,,,,,,,,,,,,,,,,,,,,,,,,,,,,,,,,,,,,,,,,,,,
H1426,Vitality Health Plan of California,"Vitality Health Plan Of California, Inc.","Vitality Health Plans, Inc.",No,N/A,N/A,N/A,N/A,,,,,,,,,,,,,,,,,,,,,,,,,,,,,,,,,,,,,,,,,,,,
H1436,Allwell,"Absolute Total Care, Inc.",Centene Corporation,No,N/A,N/A,N/A,N/A,,,,,,,,,,,,,,,,,,,,,,,,,,,,,,,,,,,,,,,,,,,,
H1463,Health Alliance Medicare,"Health Alliance Connect, Inc.",The Carle Foundation,No,A,B,N/A,B,,,,,,,,,,,,,,,,,,,,,,,,,,,,,,,,,,,,,,,,,,,,
H1468,Humana,"Humana Benefit Plan Of Illinois, Inc.",Humana Inc.,No,A,B,N/A,B,,,,,,,,,,,,,,,,,,,,,,,,,,,,,,,,,,,,,,,,,,,,
H1475,Allwell,Illinicare Health Plan,Centene Corporation,No,N/A,N/A,N/A,N/A,,,,,,,,,,,,,,,,,,,,,,,,,,,,,,,,,,,,,,,,,,,,
H1537,UnitedHealthcare,Unitedhealthcare Insurance Company Of New York,"UnitedHealth Group, Inc.",No,A,B,N/A,B,,,,,,,,,,,,,,,,,,,,,,,,,,,,,,,,,,,,,,,,,,,,
H1587,Superior Select Health Plans,"Arkansas Superior Select, Inc.","Select Founders, LLC",No,E,E,N/A,F,,,,,,,,,,,,,,,,,,,,,,,,,,,,,,,,,,,,,,,,,,,,
H1607,Anthem Blue Cross and Blue Shield,"Anthem Insurance Companies, Inc.",Anthem Inc.,No,B,B,N/A,B,,,,,,,,,,,,,,,,,,,,,,,,,,,,,,,,,,,,,,,,,,,,
H1608,Coventry Health Care,Coventry Health And Life Insurance Company,Aetna Inc.,No,B,B,N/A,C,,,,,,,,,,,,,,,,,,,,,,,,,,,,,,,,,,,,,,,,,,,,
H1609,Aetna Medicare,Aetna Health Inc. (fl),Aetna Inc.,No,C,B,N/A,D,,,,,,,,,,,,,,,,,,,,,,,,,,,,,,,,,,,,,,,,,,,,
H1610,Aetna Better Health of Virginia,Coventry Health Care Of Virginia,Aetna Inc.,No,N/A,N/A,N/A,N/A,,,,,,,,,,,,,,,,,,,,,,,,,,,,,,,,,,,,,,,,,,,,
H1651,"Medical Associates Health Plan, Inc.","Medical Associates Health Plan, Inc.","Medical Associates Clinic, P.C.",No,A,N/A,N/A,N/A,,,,,,,,,,,,,,,,,,,,,,,,,,,,,,,,,,,,,,,,,,,,
H1659,Piedmont Medicare Advantage,"Piedmont Community Healthcare, Inc.",Piedmont Community Health Plan,No,B,C,N/A,C,,,,,,,,,,,,,,,,,,,,,,,,,,,,,,,,,,,,,,,,,,,,
H1660,"Harvard Pilgrim Health Care, Inc.",Harvard Pilgrim Health Care Inc.,"Harvard Pilgrim Health Care, Inc.",No,A,B,N/A,B,,,,,,,,,,,,,,,,,,,,,,,,,,,,,,,,,,,,,,,,,,,,
H1664,Allwell,"Home State Health Plan, Inc.",Centene Corporation,No,N/A,N/A,N/A,N/A,,,,,,,,,,,,,,,,,,,,,,,,,,,,,,,,,,,,,,,,,,,,
H1666,Blue Cross and Blue Shield of Texas,Hcsc Insurance Services Company,Health Care Service Corporation,No,A,B,N/A,B,,,,,,,,,,,,,,,,,,,,,,,,,,,,,,,,,,,,,,,,,,,,
H1692,Coventry Health Care,"Coventry Health Care Of West Virginia, Inc.",Aetna Inc.,No,B,D,N/A,D,,,,,,,,,,,,,,,,,,,,,,,,,,,,,,,,,,,,,,,,,,,,
H1722,"Health Pointe of New York, LLC","Health Pointe Of New York, Llc","Independent Living Systems, LLC",No,N/A,N/A,N/A,N/A,,,,,,,,,,,,,,,,,,,,,,,,,,,,,,,,,,,,,,,,,,,,
H1737,Health Alliance Medicare,"Health Alliance - Midwest, Inc.",The Carle Foundation,No,B,B,N/A,B,,,,,,,,,,,,,,,,,,,,,,,,,,,,,,,,,,,,,,,,,,,,
H1777,ArchCare Advantage,"Catholic Special Needs Plan, Llc",Catholic Health Care System,No,C,D,N/A,E,,,,,,,,,,,,,,,,,,,,,,,,,,,,,,,,,,,,,,,,,,,,
H1787,Great Plains Medicare Advantage (HMO SNP),"Good Samaritan Insurance Plan Of South Dakota, Inc","Good Samaritan Insurance Plan, LLC",No,N/A,N/A,N/A,N/A,,,,,,,,,,,,,,,,,,,,,,,,,,,,,,,,,,,,,,,,,,,,
H1846,MediGold,Mount Carmel Health Insurance Company,Trinity Health,No,A,A,N/A,A,,,,,,,,,,,,,,,,,,,,,,,,,,,,,,,,,,,,,,,,,,,,
H1894,AMERIGROUP,"Amerigroup Washington, Inc.",Anthem Inc.,No,B,C,N/A,D,,,,,,,,,,,,,,,,,,,,,,,,,,,,,,,,,,,,,,,,,,,,
H1924,Lasso Healthcare,"Port Holdings, Inc.","Port Holdings, Inc.",No,N/A,N/A,N/A,N/A,,,,,,,,,,,,,,,,,,,,,,,,,,,,,,,,,,,,,,,,,,,,
H1944,UnitedHealthcare,"Unitedhealthcare Of New England, Inc.","UnitedHealth Group, Inc.",No,B,B,N/A,C,,,,,,,,,,,,,,,,,,,,,,,,,,,,,,,,,,,,,,,,,,,,
H1951,Humana,"Humana Health Benefit Plan Of Louisiana, Inc.",Humana Inc.,No,B,B,N/A,C,,,,,,,,,,,,,,,,,,,,,,,,,,,,,,,,,,,,,,,,,,,,
H1961,Peoples Health,"Peoples Health, Inc.","PH Holdings, LLC",No,B,C,N/A,D,,,,,,,,,,,,,,,,,,,,,,,,,,,,,,,,,,,,,,,,,,,,
H1969,Regence BlueShield of Idaho,Regence Blueshield Of Idaho,"Cambia Health Solutions, Inc.",No,A,B,N/A,B,,,,,,,,,,,,,,,,,,,,,,,,,,,,,,,,,,,,,,,,,,,,
H1994,SelectHealth,"Selecthealth, Inc.","Intermountain Health Care, Inc.",No,A,B,N/A,B,,,,,,,,,,,,,,,,,,,,,,,,,,,,,,,,,,,,,,,,,,,,
H1997,Regence BlueShield,Regence Blueshield,"Cambia Health Solutions, Inc.",No,A,B,N/A,B,,,,,,,,,,,,,,,,,,,,,,,,,,,,,,,,,,,,,,,,,,,,
H2001,UnitedHealthcare,"Sierra Health And Life Insurance Company, Inc.","UnitedHealth Group, Inc.",No,A,A,N/A,A,,,,,,,,,,,,,,,,,,,,,,,,,,,,,,,,,,,,,,,,,,,,
H2011,Bright Health,Bright Health Insurance Company Of Tennessee,Bright Health Management,No,N/A,N/A,N/A,N/A,,,,,,,,,,,,,,,,,,,,,,,,,,,,,,,,,,,,,,,,,,,,
H2020,Clear Spring Health,Delaware Life Insurance Company,Delaware Life Insurance Company,No,N/A,N/A,N/A,N/A,,,,,,,,,,,,,,,,,,,,,,,,,,,,,,,,,,,,,,,,,,,,
H2029,Humana,"Humana Insurance Of Puerto Rico, Inc.",Humana Inc.,Yes,C,B,N/A,D,,,,,,,,,,,,,,,,,,,,,,,,,,,,,,,,,,,,,,,,,,,,
H2032,Scott and White Health Plan,Insurance Company Of Scott And White,Baylor Scott & White Holdings,No,N/A,N/A,N/A,N/A,,,,,,,,,,,,,,,,,,,,,,,,,,,,,,,,,,,,,,,,,,,,
H2034,Community Care,"Community Care Health Plan, Inc.","Community Care, Inc.",No,E,E,N/A,F,,,,,,,,,,,,,,,,,,,,,,,,,,,,,,,,,,,,,,,,,,,,
H2108,Cigna-HealthSpring,"Bravo Health Mid-atlantic, Inc.",CIGNA,No,C,D,N/A,D,,,,,,,,,,,,,,,,,,,,,,,,,,,,,,,,,,,,,,,,,,,,
H2134,Allwell,"Western Sky Community Care, Inc.",Centene Corporation,No,N/A,N/A,N/A,N/A,,,,,,,,,,,,,,,,,,,,,,,,,,,,,,,,,,,,,,,,,,,,
H2150,Kaiser Permanente,Kaiser Fndn Hp Of The Mid-atlantic Sts,"Kaiser Foundation Health Plan, Inc.",No,A,A,N/A,B,,,,,,,,,,,,,,,,,,,,,,,,,,,,,,,,,,,,,,,,,,,,
H2161,Upper Peninsula Health Plan,"Upper Peninsula Health Plan, Llc","DLP Marquette General Hospital, LLC",No,B,C,N/A,C,,,,,,,,,,,,,,,,,,,,,,,,,,,,,,,,,,,,,,,,,,,,
H2168,VillageCareMAX,Village Senior Services Corporation,"Village Care of New York, Inc.",No,D,D,N/A,E,,,,,,,,,,,,,,,,,,,,,,,,,,,,,,,,,,,,,,,,,,,,
H2171,Care N' Care Insurance Company,"Care N' Care Insurance Company, Inc.",Texas Health Resources,No,B,C,N/A,C,,,,,,,,,,,,,,,,,,,,,,,,,,,,,,,,,,,,,,,,,,,,
H2172,Kaiser Permanente,Kaiser Fdtn Hlth Plan Of The Mid-atlantic States,"Kaiser Foundation Health Plan, Inc.",No,A,A,N/A,B,,,,,,,,,,,,,,,,,,,,,,,,,,,,,,,,,,,,,,,,,,,,
H2174,Trillium Medicare Advantage,Trillium Community Health Plan,Centene Corporation,No,E,E,N/A,F,,,,,,,,,,,,,,,,,,,,,,,,,,,,,,,,,,,,,,,,,,,,
H2185,LifeWorks Advantage (HMO SNP),"Lifeworks Advantage, Llc","MFA Lifeworks, LLC",No,D,D,N/A,E,,,,,,,,,,,,,,,,,,,,,,,,,,,,,,,,,,,,,,,,,,,,
H2224,Senior Whole Health,"Senior Whole Health, Llc","Magellan Health, Inc.",No,C,D,N/A,D,,,,,,,,,,,,,,,,,,,,,,,,,,,,,,,,,,,,,,,,,,,,
H2225,"Commonwealth Care Alliance, Inc.","Commonwealth Care Alliance, Inc.","Commonwealth Care Alliance, Inc.",No,D,D,N/A,E,,,,,,,,,,,,,,,,,,,,,,,,,,,,,,,,,,,,,,,,,,,,
H2226,UnitedHealthcare,Unitedhealthcare Insurance Company,"UnitedHealth Group, Inc.",No,C,D,N/A,D,,,,,,,,,,,,,,,,,,,,,,,,,,,,,,,,,,,,,,,,,,,,
H2228,UnitedHealthcare,Unitedhealthcare Insurance Company,"UnitedHealth Group, Inc.",No,C,D,N/A,D,,,,,,,,,,,,,,,,,,,,,,,,,,,,,,,,,,,,,,,,,,,,
H2230,Blue Cross Blue Shield of Massachusetts,"Bcbs  Of Massachusetts Hmo Blue, Inc.","Blue Cross and Blue Shield of Massachusetts, Inc.",No,A,A,N/A,A,,,,,,,,,,,,,,,,,,,,,,,,,,,,,,,,,,,,,,,,,,,,
H2235,BayCare Health Plans,"Baycare Select Health Plans, Inc.","BayCare Healht System, Inc.",No,N/A,N/A,N/A,N/A,,,,,,,,,,,,,,,,,,,,,,,,,,,,,,,,,,,,,,,,,,,,
H2237,iCare,"Independent Care Health Plan, Inc.",Independent Care Health Plan Inc.,No,E,E,N/A,F,,,,,,,,,,,,,,,,,,,,,,,,,,,,,,,,,,,,,,,,,,,,
H2241,Golden State,Golden State Medicare Health Plan,Golden State Medicare Health Plan,No,A,B,N/A,B,,,,,,,,,,,,,,,,,,,,,,,,,,,,,,,,,,,,,,,,,,,,
H2247,UnitedHealthcare,"Unitedhealthcare Community Plan, Inc.","UnitedHealth Group, Inc.",No,N/A,N/A,N/A,N/A,,,,,,,,,,,,,,,,,,,,,,,,,,,,,,,,,,,,,,,,,,,,
H2256,Tufts Health Plan,Tufts Associated Health Maintenance Organization,"Tufts Associated HMO, Inc.",No,A,A,N/A,B,,,,,,,,,,,,,,,,,,,,,,,,,,,,,,,,,,,,,,,,,,,,
H2261,Blue Cross Blue Shield of Massachusetts,"Bcbs  Of Massachusetts Hmo Blue, Inc.","Blue Cross and Blue Shield of Massachusetts, Inc.",No,A,A,N/A,B,,,,,,,,,,,,,,,,,,,,,,,,,,,,,,,,,,,,,,,,,,,,
H2288,Bright Health,Bright Health Insurance Company Of New York,Bright Health Management,No,N/A,N/A,N/A,N/A,,,,,,,,,,,,,,,,,,,,,,,,,,,,,,,,,,,,,,,,,,,,
H2292,UnitedHealthcare,"Oxford Health Insurance, Inc.","UnitedHealth Group, Inc.",No,N/A,N/A,N/A,N/A,,,,,,,,,,,,,,,,,,,,,,,,,,,,,,,,,,,,,,,,,,,,
H2320,Priority Health Medicare,Priority Health,Spectrum Health System,No,A,B,N/A,B,,,,,,,,,,,,,,,,,,,,,,,,,,,,,,,,,,,,,,,,,,,,
H2322,HAP Senior Plus (PPO),Alliance Health And Life Insurance Company,Henry Ford Health System,No,A,A,N/A,A,,,,,,,,,,,,,,,,,,,,,,,,,,,,,,,,,,,,,,,,,,,,
H2334,Eon Health,"Eon Health, Inc. (sc)","Eon Health Plan, LLC",No,B,D,N/A,D,,,,,,,,,,,,,,,,,,,,,,,,,,,,,,,,,,,,,,,,,,,,
H2354,HAP Senior Plus,Health Alliance Plan Of Michigan,Henry Ford Health System,No,A,A,N/A,A,,,,,,,,,,,,,,,,,,,,,,,,,,,,,,,,,,,,,,,,,,,,
H2392,Kansas Health Advantage,"Kansas Superior Select, Inc.",Kansas Superior Select,No,N/A,N/A,N/A,N/A,,,,,,,,,,,,,,,,,,,,,,,,,,,,,,,,,,,,,,,,,,,,
H2400,Signature Advantage (HMO SNP),"Signature Advantage, Llc","SA Plan, LLC",No,D,D,N/A,E,,,,,,,,,,,,,,,,,,,,,,,,,,,,,,,,,,,,,,,,,,,,
H2406,UnitedHealthcare,"Sierra Health And Life Insurance Company, Inc.","UnitedHealth Group, Inc.",No,C,D,N/A,D,,,,,,,,,,,,,,,,,,,,,,,,,,,,,,,,,,,,,,,,,,,,
H2416,PrimeWest Health,Primewest Rural Mn Health Care Access Initiative,PrimeWest Rural MN Health Care Access Initiative,No,C,D,N/A,E,,,,,,,,,,,,,,,,,,,,,,,,,,,,,,,,,,,,,,,,,,,,
H2417,Itasca Medical Care/IMCare Classic,Itasca Medical Care,Itasca County Health & Human Services,No,C,D,N/A,E,,,,,,,,,,,,,,,,,,,,,,,,,,,,,,,,,,,,,,,,,,,,
H2419,South Country Health Alliance,South Country Health Alliance,South Country Health Alliance,No,C,D,N/A,E,,,,,,,,,,,,,,,,,,,,,,,,,,,,,,,,,,,,,,,,,,,,
H2422,HealthPartners,"Healthpartners, Inc.","HealthPartners, Inc.",No,C,D,N/A,D,,,,,,,,,,,,,,,,,,,,,,,,,,,,,,,,,,,,,,,,,,,,
H2425,Blue Plus,Blue Plus,"Aware Integrated, Inc.",No,C,D,N/A,E,,,,,,,,,,,,,,,,,,,,,,,,,,,,,,,,,,,,,,,,,,,,
H2446,Blue Cross and Blue Shield of Minnesota,Blue Cross And Blue Shield Of Minnesota,"Aware Integrated, Inc.",No,N/A,N/A,N/A,N/A,,,,,,,,,,,,,,,,,,,,,,,,,,,,,,,,,,,,,,,,,,,,
H2450,Medica Insurance Company,Medica Insurance Company,Medica Holding Company,No,A,A,N/A,A,,,,,,,,,,,,,,,,,,,,,,,,,,,,,,,,,,,,,,,,,,,,
H2456,UCare's MSHO,Ucare Minnesota,UCare Minnesota,No,C,D,N/A,E,,,,,,,,,,,,,,,,,,,,,,,,,,,,,,,,,,,,,,,,,,,,
H2458,Medica Health Plans,Medica Health Plans,Medica Holding Company,No,D,D,N/A,E,,,,,,,,,,,,,,,,,,,,,,,,,,,,,,,,,,,,,,,,,,,,
H2459,UCare,Ucare Minnesota,UCare Minnesota,No,A,A,N/A,A,,,,,,,,,,,,,,,,,,,,,,,,,,,,,,,,,,,,,,,,,,,,
H2461,Blue Cross and Blue Shield of Minnesota,Blue Cross And Blue Shield Of Minnesota,"Aware Integrated, Inc.",No,A,A,N/A,A,,,,,,,,,,,,,,,,,,,,,,,,,,,,,,,,,,,,,,,,,,,,
H2462,HealthPartners,"Group Health Plan, Inc. (mn)","HealthPartners, Inc.",No,A,A,N/A,A,,,,,,,,,,,,,,,,,,,,,,,,,,,,,,,,,,,,,,,,,,,,
H2463,Humana,"Humana Health Plan Of Texas, Inc.",Humana Inc.,No,N/A,N/A,N/A,N/A,,,,,,,,,,,,,,,,,,,,,,,,,,,,,,,,,,,,,,,,,,,,
H2486,Humana,"Humana Medical Plan Of Utah, Inc.",Humana Inc.,No,B,C,N/A,C,,,,,,,,,,,,,,,,,,,,,,,,,,,,,,,,,,,,,,,,,,,,
H2491,WellCare,"Wellcare Health Insurance Of Arizona, Inc.","WellCare Health Plans, Inc.",No,D,D,N/A,E,,,,,,,,,,,,,,,,,,,,,,,,,,,,,,,,,,,,,,,,,,,,
H2563,Optima Medicare,Optima Health Plan,Sentara Health Care (SHC),No,B,C,N/A,C,,,,,,,,,,,,,,,,,,,,,,,,,,,,,,,,,,,,,,,,,,,,
H2591,Health Alliance Medicare,"Health Alliance - Midwest, Inc.",The Carle Foundation,No,A,A,N/A,A,,,,,,,,,,,,,,,,,,,,,,,,,,,,,,,,,,,,,,,,,,,,
H2593,Amerigroup,"Amerigroup Texas, Inc.",Anthem Inc.,No,B,B,N/A,C,,,,,,,,,,,,,,,,,,,,,,,,,,,,,,,,,,,,,,,,,,,,
H2610,Essence Healthcare,"Essence Healthcare, Inc.",Essence Group Holdings Corporation,No,A,B,N/A,B,,,,,,,,,,,,,,,,,,,,,,,,,,,,,,,,,,,,,,,,,,,,
H2663,Coventry Health Care,"Coventry Health Care Of Missouri, Inc",Aetna Inc.,No,A,B,N/A,B,,,,,,,,,,,,,,,,,,,,,,,,,,,,,,,,,,,,,,,,,,,,
H2758,Florida Blue Preferred HMO,"Behealthy Florida, Inc.",Guidewell Mutual Holding Corporation,No,B,B,N/A,B,,,,,,,,,,,,,,,,,,,,,,,,,,,,,,,,,,,,,,,,,,,,
H2773,QUALITY HEALTH PLANS,"Quality Health Plans Of New York, Inc.","QHP Financial Group, Inc.",No,B,C,N/A,C,,,,,,,,,,,,,,,,,,,,,,,,,,,,,,,,,,,,,,,,,,,,
H2775,WellCare,American Progressive Life & Hlth Ins Company Of Ny,"WellCare Health Plans, Inc.",No,B,B,N/A,C,,,,,,,,,,,,,,,,,,,,,,,,,,,,,,,,,,,,,,,,,,,,
H2793,"Imperial Insurance Company of Texas, Inc","Imperial Insurance Company Of Texas, Inc.",Imperial Health Plan of California,No,N/A,N/A,N/A,N/A,,,,,,,,,,,,,,,,,,,,,,,,,,,,,,,,,,,,,,,,,,,,
H2802,UnitedHealthcare,"Unitedhealthcare Of The Midlands, Inc.","UnitedHealth Group, Inc.",No,B,C,N/A,C,,,,,,,,,,,,,,,,,,,,,,,,,,,,,,,,,,,,,,,,,,,,
H2816,WellCare,American Progressive Life & Hlth Ins Company Of Ny,"WellCare Health Plans, Inc.",No,B,B,N/A,C,,,,,,,,,,,,,,,,,,,,,,,,,,,,,,,,,,,,,,,,,,,,
H2829,Innovation Health Medicare,"Innovation Health Plan, Inc.","Innovation Health Holdings, LLC",No,N/A,N/A,N/A,N/A,,,,,,,,,,,,,,,,,,,,,,,,,,,,,,,,,,,,,,,,,,,,
H2836,Anthem Blue Cross and Blue Shield,"Anthem Health Plans, Inc.",Anthem Inc.,No,N/A,N/A,N/A,N/A,,,,,,,,,,,,,,,,,,,,,,,,,,,,,,,,,,,,,,,,,,,,
H2879,Molina Healthcare of Wisconsin,Molina Healthcare Of Wisconsin,"Molina Healthcare, Inc.,",No,E,E,N/A,F,,,,,,,,,,,,,,,,,,,,,,,,,,,,,,,,,,,,,,,,,,,,
H2906,Senior Care Plus,"Hometown Health Plan, Inc.",Renown Health,No,B,B,N/A,B,,,,,,,,,,,,,,,,,,,,,,,,,,,,,,,,,,,,,,,,,,,,
H2915,Allwell,"Pennsylvania Health & Wellness, Inc.",Centene Corporation,No,N/A,N/A,N/A,N/A,,,,,,,,,,,,,,,,,,,,,,,,,,,,,,,,,,,,,,,,,,,,
H2926,PrimeWest Health,Primewest Rural Mn Health Care Access Initiative,PrimeWest Rural MN Health Care Access Initiative,No,E,E,N/A,F,,,,,,,,,,,,,,,,,,,,,,,,,,,,,,,,,,,,,,,,,,,,
H2944,Humana,Humana Insurance Company,Humana Inc.,No,B,C,N/A,C,,,,,,,,,,,,,,,,,,,,,,,,,,,,,,,,,,,,,,,,,,,,
H2960,Senior Care Plus,"Hometown Health Plan, Inc.",Renown Health,No,A,A,N/A,B,,,,,,,,,,,,,,,,,,,,,,,,,,,,,,,,,,,,,,,,,,,,
H2962,Ultimate Health Plans,"Ultimate Health Plans, Inc.","ULTIMATE HEALTH PLAN, INC.",No,B,B,N/A,B,,,,,,,,,,,,,,,,,,,,,,,,,,,,,,,,,,,,,,,,,,,,
H2986,Stanford Health Care Advantage,Stanford Healthcare Advantage,Stanford Health Care,No,A,A,N/A,A,,,,,,,,,,,,,,,,,,,,,,,,,,,,,,,,,,,,,,,,,,,,
H3054,Constellation Health,"Constellation Health, Llc.","Constellation Health, LLC.",Yes,E,E,N/A,F,,,,,,,,,,,,,,,,,,,,,,,,,,,,,,,,,,,,,,,,,,,,
H3071,"Community Care Alliance of Illinois, NFP","Community Care Alliance Of Illinois, Nfp",Family Health Network,No,C,D,N/A,D,,,,,,,,,,,,,,,,,,,,,,,,,,,,,,,,,,,,,,,,,,,,
H3113,UnitedHealthcare,"Oxford Health Plans (nj), Inc.","UnitedHealth Group, Inc.",No,D,D,N/A,E,,,,,,,,,,,,,,,,,,,,,,,,,,,,,,,,,,,,,,,,,,,,
H3132,AHF,"Ahf Mco Of Florida, Inc.",AIDS Healthcare Foundation,No,C,D,N/A,D,,,,,,,,,,,,,,,,,,,,,,,,,,,,,,,,,,,,,,,,,,,,
H3152,Aetna Medicare,Aetna Health Inc. (nj),Aetna Inc.,No,A,B,N/A,B,,,,,,,,,,,,,,,,,,,,,,,,,,,,,,,,,,,,,,,,,,,,
H3154,Horizon Blue Cross Blue Shield of New Jersey,Horizon Insurance Company,"Horizon Healthcare Services, Inc.",No,B,B,N/A,B,,,,,,,,,,,,,,,,,,,,,,,,,,,,,,,,,,,,,,,,,,,,
H3170,Blue Cross and Blue Shield of Nebraska,"Sapphire Edge, Inc.",Blue Cross Blue Shield of Nebraska,No,A,B,N/A,B,,,,,,,,,,,,,,,,,,,,,,,,,,,,,,,,,,,,,,,,,,,,
H3204,Presbyterian Health Plan,Presbyterian Health Plan,Presbyterian Healthcare Services,No,A,A,N/A,B,,,,,,,,,,,,,,,,,,,,,,,,,,,,,,,,,,,,,,,,,,,,
H3206,"Presbyterian Insurance Company, Inc.","Presbyterian Insurance Company, Inc.",Presbyterian Healthcare Services,No,A,B,N/A,B,,,,,,,,,,,,,,,,,,,,,,,,,,,,,,,,,,,,,,,,,,,,
H3219,Allina Health Aetna Medicare,Allina Health And Aetna Insurance Company,ALLINA HEALTH AND AETNA INSURANCE COMPANY,No,N/A,N/A,N/A,N/A,,,,,,,,,,,,,,,,,,,,,,,,,,,,,,,,,,,,,,,,,,,,
H3227,Kalos Health Plan,"Kalos Health, Inc.",ErieNiagara MLTC,No,N/A,N/A,N/A,N/A,,,,,,,,,,,,,,,,,,,,,,,,,,,,,,,,,,,,,,,,,,,,
H3239,Coventry Health Care,"Aetna Better Health, Inc. (la)",Aetna Inc.,No,N/A,N/A,N/A,N/A,,,,,,,,,,,,,,,,,,,,,,,,,,,,,,,,,,,,,,,,,,,,
H3240,Amerigroup Community Care,"Amerigroup New Jersey, Inc.",Anthem Inc.,No,D,D,N/A,E,,,,,,,,,,,,,,,,,,,,,,,,,,,,,,,,,,,,,,,,,,,,
H3251,Blue Cross and Blue Shield of New Mexico,Health Care Service Corporation,Health Care Service Corporation,No,B,B,N/A,C,,,,,,,,,,,,,,,,,,,,,,,,,,,,,,,,,,,,,,,,,,,,
H3259,BlueCare Plus Tennessee,Volunteer State Health Plan,BlueCross BlueShield of Tennessee,No,E,E,N/A,F,,,,,,,,,,,,,,,,,,,,,,,,,,,,,,,,,,,,,,,,,,,,
H3276,ConnectiCare,"Connecticare Insurance Company, Inc.","EmblemHealth, Inc.",No,N/A,N/A,N/A,N/A,,,,,,,,,,,,,,,,,,,,,,,,,,,,,,,,,,,,,,,,,,,,
H3291,PruittHealth Premier (HMO SNP),"Pruitthealth Premier, Inc.","UNICO Premier, LLC",No,D,D,N/A,E,,,,,,,,,,,,,,,,,,,,,,,,,,,,,,,,,,,,,,,,,,,,
H3293,"MMM of Florida, Inc.","Mmm Of Florida, Inc.",InnovaCare Inc.,No,N/A,N/A,N/A,N/A,,,,,,,,,,,,,,,,,,,,,,,,,,,,,,,,,,,,,,,,,,,,
H3305,MVP HEALTH CARE,"Mvp Health Plan, Inc.","MVP Health Care, Inc.",No,A,A,N/A,B,,,,,,,,,,,,,,,,,,,,,,,,,,,,,,,,,,,,,,,,,,,,
H3307,UnitedHealthcare,"Oxford Health Plans (ny), Inc.","UnitedHealth Group, Inc.",No,B,B,N/A,B,,,,,,,,,,,,,,,,,,,,,,,,,,,,,,,,,,,,,,,,,,,,
H3312,Aetna Medicare,Aetna Health Inc. (ny),Aetna Inc.,No,A,B,N/A,B,,,,,,,,,,,,,,,,,,,,,,,,,,,,,,,,,,,,,,,,,,,,
H3328,Fidelis Legacy Plan,"The New York State Catholic Health Plan, Inc.","The New York State Catholic Health Plan, Inc.",No,D,D,N/A,E,,,,,,,,,,,,,,,,,,,,,,,,,,,,,,,,,,,,,,,,,,,,
H3330,EmblemHealth Medicare HMO,Health Insurance Plan Of Greater New York,"EmblemHealth, Inc.",No,B,B,N/A,B,,,,,,,,,,,,,,,,,,,,,,,,,,,,,,,,,,,,,,,,,,,,
H3335,"Excellus Health Plan, Inc","Excellus Health Plan, Inc.","Lifetime Healthcare, Inc.",No,A,A,N/A,B,,,,,,,,,,,,,,,,,,,,,,,,,,,,,,,,,,,,,,,,,,,,
H3342,Empire BlueCross BlueShield,"Empire Healthchoice Assurance, Inc.",Anthem Inc.,No,A,A,N/A,A,,,,,,,,,,,,,,,,,,,,,,,,,,,,,,,,,,,,,,,,,,,,
H3344,Independent Health,Independent Health Benefits Corporation,"Independent Health Association, Inc.",No,A,A,N/A,A,,,,,,,,,,,,,,,,,,,,,,,,,,,,,,,,,,,,,,,,,,,,
H3347,Elderplan,"Elderplan, Inc.","Elderplan, Inc.",No,D,D,N/A,E,,,,,,,,,,,,,,,,,,,,,,,,,,,,,,,,,,,,,,,,,,,,
H3351,"Excellus Health Plan, Inc","Excellus Health Plan, Inc.","Lifetime Healthcare, Inc.",No,A,A,N/A,B,,,,,,,,,,,,,,,,,,,,,,,,,,,,,,,,,,,,,,,,,,,,
H3359,Healthfirst Medicare Plan,"Healthfirst Health Plan, Inc.","Healthfirst, Inc.",No,D,D,N/A,E,,,,,,,,,,,,,,,,,,,,,,,,,,,,,,,,,,,,,,,,,,,,
H3362,Independent Health,"Independent Health Association, Inc.","Independent Health Association, Inc.",No,A,B,N/A,B,,,,,,,,,,,,,,,,,,,,,,,,,,,,,,,,,,,,,,,,,,,,
H3379,UnitedHealthcare,"Unitedhealthcare Of New York, Inc.","UnitedHealth Group, Inc.",No,C,B,N/A,D,,,,,,,,,,,,,,,,,,,,,,,,,,,,,,,,,,,,,,,,,,,,
H3384,BlueCross BlueShield of WNY and BlueShield of NENY,Healthnow New York Inc.,HealthNow New York Inc.,No,A,B,N/A,B,,,,,,,,,,,,,,,,,,,,,,,,,,,,,,,,,,,,,,,,,,,,
H3387,UnitedHealthcare,"Unitedhealthcare Of New York, Inc.","UnitedHealth Group, Inc.",No,D,D,N/A,E,,,,,,,,,,,,,,,,,,,,,,,,,,,,,,,,,,,,,,,,,,,,
H3388,CDPHP Medicare Advantage,"Capital District Physicians' Health Plan, Inc.","Capital District Physicians' Health Plan, Inc.",No,A,A,N/A,B,,,,,,,,,,,,,,,,,,,,,,,,,,,,,,,,,,,,,,,,,,,,
H3404,Blue Cross and Blue Shield of North Carolina,Blue Cross And Blue Shield Of North Carolina,Blue Cross and Blue Shield of North Carolina,No,A,B,N/A,B,,,,,,,,,,,,,,,,,,,,,,,,,,,,,,,,,,,,,,,,,,,,
H3416,HealthPartners UnityPoint Health,"Healthpartners Unitypoint Health, Inc.","HealthPartners UnityPoint Health, Inc.",No,A,A,N/A,B,,,,,,,,,,,,,,,,,,,,,,,,,,,,,,,,,,,,,,,,,,,,
H3447,Anthem HealthKeepers,"Healthkeepers, Inc.",Anthem Inc.,No,B,C,N/A,D,,,,,,,,,,,,,,,,,,,,,,,,,,,,,,,,,,,,,,,,,,,,
H3449,Blue Cross and Blue Shield of North Carolina,Blue Cross And Blue Shield Of North Carolina,Blue Cross and Blue Shield of North Carolina,No,B,B,N/A,C,,,,,,,,,,,,,,,,,,,,,,,,,,,,,,,,,,,,,,,,,,,,
H3464,UnitedHealthcare,"Unitedhealthcare Of Arkansas, Inc.","UnitedHealth Group, Inc.",No,N/A,N/A,N/A,N/A,,,,,,,,,,,,,,,,,,,,,,,,,,,,,,,,,,,,,,,,,,,,
H3471,Health Alliance Northwest,Health Alliance Northwest Health Plan,The Carle Foundation,No,B,B,N/A,B,,,,,,,,,,,,,,,,,,,,,,,,,,,,,,,,,,,,,,,,,,,,
H3499,Allwell,Coordinated Care Corporation,Centene Corporation,No,N/A,N/A,N/A,N/A,,,,,,,,,,,,,,,,,,,,,,,,,,,,,,,,,,,,,,,,,,,,
H3528,ConnectiCare,"Connecticare, Inc.","EmblemHealth, Inc.",No,B,B,N/A,C,,,,,,,,,,,,,,,,,,,,,,,,,,,,,,,,,,,,,,,,,,,,
H3533,Humana,"Humana Health Company Of New York, Inc.",Humana Inc.,No,B,C,N/A,D,,,,,,,,,,,,,,,,,,,,,,,,,,,,,,,,,,,,,,,,,,,,
H3536,Anthem Blue Cross and Blue Shield,"Matthew Thornton Health Plan, Inc.",Anthem Inc.,No,C,D,N/A,D,,,,,,,,,,,,,,,,,,,,,,,,,,,,,,,,,,,,,,,,,,,,
H3561,"HEALTH NET COMMUNITY SOLUTIONS, INC.","Health Net Community Solutions, Inc.",Centene Corporation,No,D,D,N/A,E,,,,,,,,,,,,,,,,,,,,,,,,,,,,,,,,,,,,,,,,,,,,
H3572,AHF,"Ahf Mco Of Georgia, Inc.",AIDS Healthcare Foundation,No,N/A,N/A,N/A,N/A,,,,,,,,,,,,,,,,,,,,,,,,,,,,,,,,,,,,,,,,,,,,
H3597,Aetna Medicare,Aetna Health Inc. (me),Aetna Inc.,No,B,B,N/A,B,,,,,,,,,,,,,,,,,,,,,,,,,,,,,,,,,,,,,,,,,,,,
H3653,Paramount Elite,"Paramount Care, Inc.",Promedica Health System,No,A,B,N/A,B,,,,,,,,,,,,,,,,,,,,,,,,,,,,,,,,,,,,,,,,,,,,
H3655,Anthem Blue Cross and Blue Shield,Community Insurance Company,Anthem Inc.,No,B,B,N/A,C,,,,,,,,,,,,,,,,,,,,,,,,,,,,,,,,,,,,,,,,,,,,
H3660,SummaCare Medicare Advantage Plans,Summacare Inc.,Summa Health System Community,No,A,A,N/A,B,,,,,,,,,,,,,,,,,,,,,,,,,,,,,,,,,,,,,,,,,,,,
H3664,PrimeTime Health Plan,Aultcare Health Insuring Corporation,Aultman Health Foundation,No,A,A,N/A,A,,,,,,,,,,,,,,,,,,,,,,,,,,,,,,,,,,,,,,,,,,,,
H3668,MediGold,"Mount Carmel Health Plan, Inc.",Trinity Health,No,A,B,N/A,B,,,,,,,,,,,,,,,,,,,,,,,,,,,,,,,,,,,,,,,,,,,,
H3672,The Health Plan,The Health Plan Of West Virginia,Health Plan of West Virginia,No,B,B,N/A,C,,,,,,,,,,,,,,,,,,,,,,,,,,,,,,,,,,,,,,,,,,,,
H3706,GlobalHealth,"Globalhealth, Inc.","Momentum Health Holdings, LLC",No,B,C,N/A,D,,,,,,,,,,,,,,,,,,,,,,,,,,,,,,,,,,,,,,,,,,,,
H3708,American Health Advantage of Oklahoma,"Oklahoma Superior Select, Inc.","American Health Companies, Inc.",No,D,D,N/A,E,,,,,,,,,,,,,,,,,,,,,,,,,,,,,,,,,,,,,,,,,,,,
H3749,UnitedHealthcare,"Unitedhealthcare Of Oklahoma, Inc.","UnitedHealth Group, Inc.",No,B,C,N/A,C,,,,,,,,,,,,,,,,,,,,,,,,,,,,,,,,,,,,,,,,,,,,
H3755,CommunityCare Senior Health Plan (HMO),"Community Care Hmo, Inc","CommunityCare Managed Healthcare Plans of OK, Inc.",No,A,B,N/A,B,,,,,,,,,,,,,,,,,,,,,,,,,,,,,,,,,,,,,,,,,,,,
H3794,UnitedHealthcare,Care Improvement Plus Wisconsin Insurance Company,"UnitedHealth Group, Inc.",No,E,E,N/A,F,,,,,,,,,,,,,,,,,,,,,,,,,,,,,,,,,,,,,,,,,,,,
H3805,UnitedHealthcare,"Unitedhealthcare Of Oregon, Inc.","UnitedHealth Group, Inc.",No,B,B,N/A,B,,,,,,,,,,,,,,,,,,,,,,,,,,,,,,,,,,,,,,,,,,,,
H3810,AllCare Advantage,"Allcare Health Plan, Inc.","AllCare Health, Inc.",No,A,B,N/A,B,,,,,,,,,,,,,,,,,,,,,,,,,,,,,,,,,,,,,,,,,,,,
H3811,Samaritan Advantage Health Plan,"Samaritan Health Plans, Inc.",Samaritan Health Services,No,B,C,N/A,D,,,,,,,,,,,,,,,,,,,,,,,,,,,,,,,,,,,,,,,,,,,,
H3813,"Moda Health Plan, Inc.","Moda Health Plan, Inc.","Moda, Inc.",No,A,A,N/A,A,,,,,,,,,,,,,,,,,,,,,,,,,,,,,,,,,,,,,,,,,,,,
H3814,ATRIO Health Plans,Atrio Health Plans,ATRIO Health Plans,No,E,E,N/A,F,,,,,,,,,,,,,,,,,,,,,,,,,,,,,,,,,,,,,,,,,,,,
H3815,Alignment Health Plan,Alignment Health Plan,"Alignment Healthcare USA, LLC",No,B,B,N/A,C,,,,,,,,,,,,,,,,,,,,,,,,,,,,,,,,,,,,,,,,,,,,
H3817,Regence BlueCross BlueShield of Oregon,Regence Bluecross Blueshield Of Oregon,"Cambia Health Solutions, Inc.",No,A,A,N/A,B,,,,,,,,,,,,,,,,,,,,,,,,,,,,,,,,,,,,,,,,,,,,
H3822,"Blue Cross and Blue Shield of IL, NM",Health Care Service Corporation,Health Care Service Corporation,No,A,B,N/A,B,,,,,,,,,,,,,,,,,,,,,,,,,,,,,,,,,,,,,,,,,,,,
H3832,HMSA Akamai Advantage,Hawaii Medical Service Association,Hawaii Medical Service Association,No,A,A,N/A,A,,,,,,,,,,,,,,,,,,,,,,,,,,,,,,,,,,,,,,,,,,,,
H3864,PacificSource Medicare,Pacificsource Community Health Plans,PacificSource Health Plans,No,B,B,N/A,B,,,,,,,,,,,,,,,,,,,,,,,,,,,,,,,,,,,,,,,,,,,,
H3890,Johns Hopkins HealthCare,"Hopkins Health Advantage, Inc.",Johns Hopkins Healthcare LLC,No,B,B,N/A,C,,,,,,,,,,,,,,,,,,,,,,,,,,,,,,,,,,,,,,,,,,,,
H3907,UPMC for Life,"Upmc Health Plan, Inc.",UPMC Health System,No,A,B,N/A,B,,,,,,,,,,,,,,,,,,,,,,,,,,,,,,,,,,,,,,,,,,,,
H3909,Personal Choice 65 PPO,Qcc Insurance Company,"Independence Health Group, Inc.",No,A,A,N/A,A,,,,,,,,,,,,,,,,,,,,,,,,,,,,,,,,,,,,,,,,,,,,
H3916,Highmark Senior Health Company,Highmark Senior Health Company,Highmark Health,No,A,A,N/A,A,,,,,,,,,,,,,,,,,,,,,,,,,,,,,,,,,,,,,,,,,,,,
H3923,Capital Advantage Insurance Company,Capital Advantage Insurance Company,Capital BlueCross,No,A,A,N/A,B,,,,,,,,,,,,,,,,,,,,,,,,,,,,,,,,,,,,,,,,,,,,
H3924,Geisinger Gold,Geisinger Indemnity Insurance Company,Geisinger Health System,No,B,B,N/A,B,,,,,,,,,,,,,,,,,,,,,,,,,,,,,,,,,,,,,,,,,,,,
H3928,Coventry Health Care,"Aetna Health, Inc. (la)",Aetna Inc.,No,B,C,N/A,D,,,,,,,,,,,,,,,,,,,,,,,,,,,,,,,,,,,,,,,,,,,,
H3930,Sunrise Advantage Plan (HMO SNP),"Spartan Plan Ny, Inc.",Public Sector Pension Investment Board,No,N/A,N/A,N/A,N/A,,,,,,,,,,,,,,,,,,,,,,,,,,,,,,,,,,,,,,,,,,,,
H3931,Aetna Medicare,Aetna Health Inc. (pa),Aetna Inc.,No,B,B,N/A,C,,,,,,,,,,,,,,,,,,,,,,,,,,,,,,,,,,,,,,,,,,,,
H3949,Cigna-HealthSpring,"Bravo Health Pennsylvania, Inc.",CIGNA,No,C,D,N/A,D,,,,,,,,,,,,,,,,,,,,,,,,,,,,,,,,,,,,,,,,,,,,
H3952,Keystone 65 HMO,"Keystone Health Plan East, Inc.","Independence Health Group, Inc.",No,A,A,N/A,B,,,,,,,,,,,,,,,,,,,,,,,,,,,,,,,,,,,,,,,,,,,,
H3954,Geisinger Gold,Geisinger Health Plan,Geisinger Health System,No,B,B,N/A,C,,,,,,,,,,,,,,,,,,,,,,,,,,,,,,,,,,,,,,,,,,,,
H3957,Highmark Choice Company,Highmark Choice Company,Highmark Health,No,A,A,N/A,B,,,,,,,,,,,,,,,,,,,,,,,,,,,,,,,,,,,,,,,,,,,,
H3959,Coventry Health Care,Aetna Health Inc. (pa),Aetna Inc.,No,B,B,N/A,C,,,,,,,,,,,,,,,,,,,,,,,,,,,,,,,,,,,,,,,,,,,,
H3962,"Keystone Health Plan Central, Inc.","Keystone Health Plan Central, Inc.",Capital BlueCross,No,A,B,N/A,B,,,,,,,,,,,,,,,,,,,,,,,,,,,,,,,,,,,,,,,,,,,,
H3979,Blue Cross and Blue Shield of OK,"Ghs Health Maintenance Organization, Inc.",Health Care Service Corporation,No,B,B,N/A,C,,,,,,,,,,,,,,,,,,,,,,,,,,,,,,,,,,,,,,,,,,,,
H4003,Medicare y Mucho Mßs,"Mmm Healthcare, Llc",InnovaCare Inc.,Yes,D,D,N/A,E,,,,,,,,,,,,,,,,,,,,,,,,,,,,,,,,,,,,,,,,,,,,
H4004,PMC Medicare Choice,"Mmm Healthcare, Llc",InnovaCare Inc.,Yes,E,E,N/A,F,,,,,,,,,,,,,,,,,,,,,,,,,,,,,,,,,,,,,,,,,,,,
H4005,Triple-S Advantage,"Triple S Advantage, Inc.",Triple-S Management Corporation,Yes,C,B,N/A,D,,,,,,,,,,,,,,,,,,,,,,,,,,,,,,,,,,,,,,,,,,,,
H4007,Humana,"Humana Health Plans Of Puerto Rico, Inc.",Humana Inc.,Yes,E,E,N/A,F,,,,,,,,,,,,,,,,,,,,,,,,,,,,,,,,,,,,,,,,,,,,
H4036,Anthem Blue Cross and Blue Shield,"Anthem Insurance Companies, Inc.",Anthem Inc.,No,A,A,N/A,A,,,,,,,,,,,,,,,,,,,,,,,,,,,,,,,,,,,,,,,,,,,,
H4089,UnitedHealthcare,"Unitedhealthcare Of Louisiana, Inc.","UnitedHealth Group, Inc.",No,N/A,N/A,N/A,N/A,,,,,,,,,,,,,,,,,,,,,,,,,,,,,,,,,,,,,,,,,,,,
H4091,SIMPRA Advantage (PPO SNP),"Simpra Advantage, Inc.","SeniorSelect, LLC",No,N/A,N/A,N/A,N/A,,,,,,,,,,,,,,,,,,,,,,,,,,,,,,,,,,,,,,,,,,,,
H4093,Provider Partners Pennsylvania Advantage Plan,"Provider Partners Health Plan Of Pennsylvania, Inc","Rifkin Managed Care Holding Company, LLC",No,D,D,N/A,E,,,,,,,,,,,,,,,,,,,,,,,,,,,,,,,,,,,,,,,,,,,,
H4094,UnitedHealthcare,"Optimum Choice, Inc.","UnitedHealth Group, Inc.",No,N/A,N/A,N/A,N/A,,,,,,,,,,,,,,,,,,,,,,,,,,,,,,,,,,,,,,,,,,,,
H4140,"Doctors HealthCare Plans, Inc.","Doctors Healthcare Plans, Inc.","DOCTORS HEALTHCARE PLANS, INC.",No,N/A,N/A,N/A,N/A,,,,,,,,,,,,,,,,,,,,,,,,,,,,,,,,,,,,,,,,,,,,
H4141,Humana,"Humana Employers Health Plan Of Georgia, Inc.",Humana Inc.,No,B,C,N/A,D,,,,,,,,,,,,,,,,,,,,,,,,,,,,,,,,,,,,,,,,,,,,
H4152,Blue Cross & Blue Shield of Rhode Island,Blue Cross & Blue Shield Of Rhode Island,Blue Cross & Blue Shield of Rhode Island,No,A,B,N/A,B,,,,,,,,,,,,,,,,,,,,,,,,,,,,,,,,,,,,,,,,,,,,
H4172,NHC Advantage (HMO SNP),"Nhc Advantage, Llc","Missouri Healthcare Advisors, LLC",No,D,D,N/A,E,,,,,,,,,,,,,,,,,,,,,,,,,,,,,,,,,,,,,,,,,,,,
H4198,CommunityCare Advantage Medicare Plan (HMO),"Communitycare Government Programs, Inc.",St Francis Health System & St John Health System,No,A,A,N/A,B,,,,,,,,,,,,,,,,,,,,,,,,,,,,,,,,,,,,,,,,,,,,
H4213,ARKANSAS BLUE CROSS AND BLUE SHIELD,Usable Mutual Insurance Company,USAble Mutual Insurance Company,No,B,C,N/A,C,,,,,,,,,,,,,,,,,,,,,,,,,,,,,,,,,,,,,,,,,,,,
H4227,VISTA Health Plan Inc.,"Vista Health Plan, Inc.","Independence Health Group, Inc.",No,E,E,N/A,F,,,,,,,,,,,,,,,,,,,,,,,,,,,,,,,,,,,,,,,,,,,,
H4236,Sunrise Advantage Plan (HMO SNP),"Spartan Plan Pa, Inc.",Public Sector Pension Investment Board,No,N/A,N/A,N/A,N/A,,,,,,,,,,,,,,,,,,,,,,,,,,,,,,,,,,,,,,,,,,,,
H4279,UPMC for Life Dual,"Upmc For You, Inc",UPMC Health System,No,E,E,N/A,F,,,,,,,,,,,,,,,,,,,,,,,,,,,,,,,,,,,,,,,,,,,,
H4346,Anthem Blue Cross and Blue Shield,"Hmo Colorado, Inc.",Anthem Inc.,No,B,B,N/A,C,,,,,,,,,,,,,,,,,,,,,,,,,,,,,,,,,,,,,,,,,,,,
H4388,"Security Health Plan of Wisconsin, Inc.","Security Health Plan Of Wisconsin, Inc.","Marshfield Clinic Health System, Inc.",No,A,N/A,N/A,N/A,,,,,,,,,,,,,,,,,,,,,,,,,,,,,,,,,,,,,,,,,,,,
H4407,Cigna-HealthSpring,Healthspring Life & Health Insurance Company,CIGNA,No,C,D,N/A,D,,,,,,,,,,,,,,,,,,,,,,,,,,,,,,,,,,,,,,,,,,,,
H4461,Humana,Cariten Health Plan Inc.,Humana Inc.,No,B,C,N/A,C,,,,,,,,,,,,,,,,,,,,,,,,,,,,,,,,,,,,,,,,,,,,
H4490,Missouri Medicare Select (HMO SNP),"Missouri Medicare Select, Llc","MO Select, LLC",No,D,D,N/A,E,,,,,,,,,,,,,,,,,,,,,,,,,,,,,,,,,,,,,,,,,,,,
H4497,Medical Mutual of Ohio,Medical Mutual Of Ohio,MEDICAL MUTUAL OF OHIO,No,A,A,N/A,A,,,,,,,,,,,,,,,,,,,,,,,,,,,,,,,,,,,,,,,,,,,,
H4506,WellCare,"Selectcare Of Texas, Inc.","WellCare Health Plans, Inc.",No,B,B,N/A,C,,,,,,,,,,,,,,,,,,,,,,,,,,,,,,,,,,,,,,,,,,,,
H4513,Cigna-HealthSpring,"Healthspring Life & Health Insurance Company, Inc.",CIGNA,No,C,B,N/A,D,,,,,,,,,,,,,,,,,,,,,,,,,,,,,,,,,,,,,,,,,,,,
H4514,UnitedHealthcare,"Unitedhealthcare Community Plan Of Texas, L.l.c.","UnitedHealth Group, Inc.",No,D,D,N/A,E,,,,,,,,,,,,,,,,,,,,,,,,,,,,,,,,,,,,,,,,,,,,
H4523,Aetna Medicare,Aetna Health Inc. (tx),Aetna Inc.,No,B,C,N/A,C,,,,,,,,,,,,,,,,,,,,,,,,,,,,,,,,,,,,,,,,,,,,
H4527,UnitedHealthcare,"Physicians Health Choice Of Texas, Llc","UnitedHealth Group, Inc.",No,B,B,N/A,C,,,,,,,,,,,,,,,,,,,,,,,,,,,,,,,,,,,,,,,,,,,,
H4590,UnitedHealthcare,"Unitedhealthcare Benefits Of Texas, Inc.","UnitedHealth Group, Inc.",No,B,B,N/A,C,,,,,,,,,,,,,,,,,,,,,,,,,,,,,,,,,,,,,,,,,,,,
H4604,UnitedHealthcare,"Unitedhealthcare Of Utah, Inc.","UnitedHealth Group, Inc.",No,A,B,N/A,B,,,,,,,,,,,,,,,,,,,,,,,,,,,,,,,,,,,,,,,,,,,,
H4605,Regence BlueCross BlueShield of Utah,Regence Bluecross Blueshield Of Utah,"Cambia Health Solutions, Inc.",No,A,A,N/A,A,,,,,,,,,,,,,,,,,,,,,,,,,,,,,,,,,,,,,,,,,,,,
H4623,Humana,"Humana Regional Health Plan, Inc.",Humana Inc.,No,N/A,N/A,N/A,N/A,,,,,,,,,,,,,,,,,,,,,,,,,,,,,,,,,,,,,,,,,,,,
H4754,PacificSource Medicare,Pacificsource Community Health Plans,PacificSource Health Plans,No,A,B,N/A,B,,,,,,,,,,,,,,,,,,,,,,,,,,,,,,,,,,,,,,,,,,,,
H4778,Sunrise Advantage Plan (HMO SNP),"Spartan Plan Il, Inc.",Public Sector Pension Investment Board,No,N/A,N/A,N/A,N/A,,,,,,,,,,,,,,,,,,,,,,,,,,,,,,,,,,,,,,,,,,,,
H4847,WELLCARE,"Wellcare Of South Carolina, Inc.","WellCare Health Plans, Inc.",No,N/A,N/A,N/A,N/A,,,,,,,,,,,,,,,,,,,,,,,,,,,,,,,,,,,,,,,,,,,,
H4853,Bright Health,Bright Health Company Of Arizona,Bright Health Management,No,N/A,N/A,N/A,N/A,,,,,,,,,,,,,,,,,,,,,,,,,,,,,,,,,,,,,,,,,,,,
H4868,WellCare,"Wellcare Of New York, Inc.","WellCare Health Plans, Inc.",No,N/A,N/A,N/A,N/A,,,,,,,,,,,,,,,,,,,,,,,,,,,,,,,,,,,,,,,,,,,,
H4875,Priority Health Medicare,Priority Health,Spectrum Health System,No,B,B,N/A,B,,,,,,,,,,,,,,,,,,,,,,,,,,,,,,,,,,,,,,,,,,,,
H4876,Constellation Health,"Constellation Health, Llc.","Constellation Health, LLC.",Yes,C,B,N/A,D,,,,,,,,,,,,,,,,,,,,,,,,,,,,,,,,,,,,,,,,,,,,
H4882,HealthPartners,"Healthpartners, Inc.","HealthPartners, Inc.",No,A,A,N/A,A,,,,,,,,,,,,,,,,,,,,,,,,,,,,,,,,,,,,,,,,,,,,
H4909,Anthem Blue Cross and Blue Shield,"Anthem Insurance Companies, Inc.",Anthem Inc.,No,A,A,N/A,A,,,,,,,,,,,,,,,,,,,,,,,,,,,,,,,,,,,,,,,,,,,,
H4922,AgeWell New York,"Agewell New York, Llc","ParkerCare New York, LLC",No,B,B,N/A,C,,,,,,,,,,,,,,,,,,,,,,,,,,,,,,,,,,,,,,,,,,,,
H4931,Banner - University Care Advantage,Banner - University Care Advantage,Banner Health,No,E,E,N/A,F,,,,,,,,,,,,,,,,,,,,,,,,,,,,,,,,,,,,,,,,,,,,
H5008,UnitedHealthcare,Unitedhealthcare Insurance Company,"UnitedHealth Group, Inc.",No,D,D,N/A,E,,,,,,,,,,,,,,,,,,,,,,,,,,,,,,,,,,,,,,,,,,,,
H5009,Regence BlueShield,Regence Blueshield,"Cambia Health Solutions, Inc.",No,A,A,N/A,A,,,,,,,,,,,,,,,,,,,,,,,,,,,,,,,,,,,,,,,,,,,,
H5010,Asuris Northwest Health,Asuris Northwest Health,"Cambia Health Solutions, Inc.",No,A,B,N/A,B,,,,,,,,,,,,,,,,,,,,,,,,,,,,,,,,,,,,,,,,,,,,
H5042,CDPHP Medicare Advantage,"Cdphp Universal Benefits, Inc.","Capital District Physicians' Health Plan, Inc.",No,A,A,N/A,A,,,,,,,,,,,,,,,,,,,,,,,,,,,,,,,,,,,,,,,,,,,,
H5050,Kaiser Foundation Health Plan of Washington,Kaiser Foundation Health Plan Of Washington,"Kaiser Foundation Health Plan, Inc.",No,A,A,N/A,A,,,,,,,,,,,,,,,,,,,,,,,,,,,,,,,,,,,,,,,,,,,,
H5087,Easy Choice Health Plan,Easy Choice Health Plan Inc.,"WellCare Health Plans, Inc.",No,C,D,N/A,E,,,,,,,,,,,,,,,,,,,,,,,,,,,,,,,,,,,,,,,,,,,,
H5106,Highmark Senior Solutions Company,Highmark Senior Solutions Company,Highmark Health,No,A,B,N/A,B,,,,,,,,,,,,,,,,,,,,,,,,,,,,,,,,,,,,,,,,,,,,
H5117,Allwell,"Louisiana Healthcare Connections, Inc.",Centene Corporation,No,N/A,N/A,N/A,N/A,,,,,,,,,,,,,,,,,,,,,,,,,,,,,,,,,,,,,,,,,,,,
H5141,Clover Health,Clover Insurance Company,"Clover Health Holdings, Inc.",No,C,C,N/A,D,,,,,,,,,,,,,,,,,,,,,,,,,,,,,,,,,,,,,,,,,,,,
H5190,Allwell,"Sunshine State Health Plan, Inc.",Centene Corporation,No,E,E,N/A,F,,,,,,,,,,,,,,,,,,,,,,,,,,,,,,,,,,,,,,,,,,,,
H5199,WellCare,"Wellcare Health Insurance Of Arizona, Inc.","WellCare Health Plans, Inc.",No,N/A,N/A,N/A,N/A,,,,,,,,,,,,,,,,,,,,,,,,,,,,,,,,,,,,,,,,,,,,
H5209,"Care Wisconsin Health Plan, Inc.","Care Wisconsin Health Plan, Inc.","Care Wisconsin First, Inc.",No,E,E,N/A,F,,,,,,,,,,,,,,,,,,,,,,,,,,,,,,,,,,,,,,,,,,,,
H5211,"Security Health Plan of Wisconsin, Inc.","Security Health Plan Of Wisconsin, Inc.","Marshfield Clinic Health System, Inc.",No,A,A,N/A,B,,,,,,,,,,,,,,,,,,,,,,,,,,,,,,,,,,,,,,,,,,,,
H5215,Network Health Medicare Advantage Plans,Network Health Insurance Corporation,"Network Health, Inc.",No,A,A,N/A,B,,,,,,,,,,,,,,,,,,,,,,,,,,,,,,,,,,,,,,,,,,,,
H5216,Humana,Humana Insurance Company,Humana Inc.,No,B,B,N/A,B,,,,,,,,,,,,,,,,,,,,,,,,,,,,,,,,,,,,,,,,,,,,
H5253,UnitedHealthcare,"Unitedhealthcare Of Wisconsin, Inc.","UnitedHealth Group, Inc.",No,B,C,N/A,C,,,,,,,,,,,,,,,,,,,,,,,,,,,,,,,,,,,,,,,,,,,,
H5256,Medical Associates Clinic Health Plan of Wisconsin,Medical Associates Clinic Health Plan,"Medical Associates Clinic, P.C.",No,A,N/A,N/A,N/A,,,,,,,,,,,,,,,,,,,,,,,,,,,,,,,,,,,,,,,,,,,,
H5262,Senior Preferred,Gundersen Health Plan,University of Wisconsin Hospitals and Clincs Autho,No,A,A,N/A,B,,,,,,,,,,,,,,,,,,,,,,,,,,,,,,,,,,,,,,,,,,,,
H5264,"Dean Health Plan, Inc.","Dean Health Plan, Inc.",SSM Healthcare Corporation,No,A,N/A,N/A,N/A,,,,,,,,,,,,,,,,,,,,,,,,,,,,,,,,,,,,,,,,,,,,
H5273,CarePartners of Connecticut,"Carepartners Of Connecticut, Inc.","Tufts Associated HMO, Inc.",No,N/A,N/A,N/A,N/A,,,,,,,,,,,,,,,,,,,,,,,,,,,,,,,,,,,,,,,,,,,,
H5294,Allwell,"Superior Health Plan, Inc.",Centene Corporation,No,E,E,N/A,F,,,,,,,,,,,,,,,,,,,,,,,,,,,,,,,,,,,,,,,,,,,,
H5302,AETNA HEALTH INC. (GA),Aetna Health Inc. (ga),Aetna Inc.,No,B,B,N/A,B,,,,,,,,,,,,,,,,,,,,,,,,,,,,,,,,,,,,,,,,,,,,
H5322,UnitedHealthcare,Care Improvement Plus South Central Insurance Co.,"UnitedHealth Group, Inc.",No,D,D,N/A,E,,,,,,,,,,,,,,,,,,,,,,,,,,,,,,,,,,,,,,,,,,,,
H5325,Coventry Health Care,"Coventry Health Care Of Kansas, Inc.",Aetna Inc.,No,N/A,N/A,N/A,N/A,,,,,,,,,,,,,,,,,,,,,,,,,,,,,,,,,,,,,,,,,,,,
H5337,Aetna Better Health of Ohio (HMO SNP),"Aetna Better Health, Inc. (oh)",Aetna Inc.,No,N/A,N/A,N/A,N/A,,,,,,,,,,,,,,,,,,,,,,,,,,,,,,,,,,,,,,,,,,,,
H5377,Humana,"Humana Medical Plan Of Pennsylvania, Inc.",Humana Inc.,No,N/A,N/A,N/A,N/A,,,,,,,,,,,,,,,,,,,,,,,,,,,,,,,,,,,,,,,,,,,,
H5386,Sharp Health Plan,Sharp Health Plan,Sharp Healthcare,No,A,A,N/A,A,,,,,,,,,,,,,,,,,,,,,,,,,,,,,,,,,,,,,,,,,,,,
H5410,"HealthSpring of Florida, Inc.",Healthspring Of Florida,CIGNA,No,B,B,N/A,C,,,,,,,,,,,,,,,,,,,,,,,,,,,,,,,,,,,,,,,,,,,,
H5420,UnitedHealthcare,"Medica Healthcare Plans, Inc.","UnitedHealth Group, Inc.",No,B,B,N/A,C,,,,,,,,,,,,,,,,,,,,,,,,,,,,,,,,,,,,,,,,,,,,
H5422,Anthem Blue Cross and Blue Shield,Blue Cross Blue Shield Healthcare Plan Of Georgia,Anthem Inc.,No,C,C,N/A,D,,,,,,,,,,,,,,,,,,,,,,,,,,,,,,,,,,,,,,,,,,,,
H5425,SCAN Health Plan,Scan Health Plan,SCAN Health Plan,No,B,B,N/A,C,,,,,,,,,,,,,,,,,,,,,,,,,,,,,,,,,,,,,,,,,,,,
H5427,"Freedom Health, Inc.","Freedom Health, Inc.",Anthem Inc.,No,B,C,N/A,D,,,,,,,,,,,,,,,,,,,,,,,,,,,,,,,,,,,,,,,,,,,,
H5430,WellCare,Onecare By Care1st Health Plan Arizona Inc.,"WellCare Health Plans, Inc.",No,E,E,N/A,F,,,,,,,,,,,,,,,,,,,,,,,,,,,,,,,,,,,,,,,,,,,,
H5431,"HealthSun Health Plans, Inc.","Healthsun Health Plans, Inc.",Anthem Inc.,No,B,B,N/A,C,,,,,,,,,,,,,,,,,,,,,,,,,,,,,,,,,,,,,,,,,,,,
H5433,OneCare,Orange County Health Authority,Orange County Health Authority,No,E,E,N/A,F,,,,,,,,,,,,,,,,,,,,,,,,,,,,,,,,,,,,,,,,,,,,
H5434,Florida Blue,"Blue Cross And Blue Shield Of Florida, Inc.",Guidewell Mutual Holding Corporation,No,A,A,N/A,A,,,,,,,,,,,,,,,,,,,,,,,,,,,,,,,,,,,,,,,,,,,,
H5435,UnitedHealthcare,Unitedhealthcare Insurance Company,"UnitedHealth Group, Inc.",No,B,C,N/A,C,,,,,,,,,,,,,,,,,,,,,,,,,,,,,,,,,,,,,,,,,,,,
H5439,Health Net Life Insurance Company,Health Net Life Insurance Company,Centene Corporation,No,N/A,N/A,N/A,N/A,,,,,,,,,,,,,,,,,,,,,,,,,,,,,,,,,,,,,,,,,,,,
H5454,Clear Spring Health,"Clear Spring Health Of Illinois, Inc.",Delaware Life Insurance Company,No,N/A,N/A,N/A,N/A,,,,,,,,,,,,,,,,,,,,,,,,,,,,,,,,,,,,,,,,,,,,
H5471,"Simply Healthcare Plans, Inc.","Simply Healthcare Plans, Inc.",Anthem Inc.,No,C,D,N/A,D,,,,,,,,,,,,,,,,,,,,,,,,,,,,,,,,,,,,,,,,,,,,
H5475,MeridianCare,"Meridian Health Plan Of Michigan, Inc.","Caidan Enterprises, Inc.",No,D,D,N/A,E,,,,,,,,,,,,,,,,,,,,,,,,,,,,,,,,,,,,,,,,,,,,
H5496,"Imperial Health Plan of California, Inc.","Imperial Health Plan Of California, Inc.",Imperial Health Plan of California,No,N/A,N/A,N/A,N/A,,,,,,,,,,,,,,,,,,,,,,,,,,,,,,,,,,,,,,,,,,,,
H5521,Aetna Medicare,Aetna Life Insurance Company,Aetna Inc.,No,A,A,N/A,B,,,,,,,,,,,,,,,,,,,,,,,,,,,,,,,,,,,,,,,,,,,,
H5522,Coventry Health Care,"Healthassurance Pennsylvania, Inc.",Aetna Inc.,No,A,B,N/A,B,,,,,,,,,,,,,,,,,,,,,,,,,,,,,,,,,,,,,,,,,,,,
H5525,Humana,"Humana Benefit Plan Of Illinois, Inc.",Humana Inc.,No,B,C,N/A,C,,,,,,,,,,,,,,,,,,,,,,,,,,,,,,,,,,,,,,,,,,,,
H5526,BlueCross BlueShield of WNY and BlueShield of NENY,Healthnow New York Inc.,HealthNow New York Inc.,No,A,A,N/A,A,,,,,,,,,,,,,,,,,,,,,,,,,,,,,,,,,,,,,,,,,,,,
H5528,EmblemHealth Medicare PPO,Group Health Incorporated,"EmblemHealth, Inc.",No,A,A,N/A,B,,,,,,,,,,,,,,,,,,,,,,,,,,,,,,,,,,,,,,,,,,,,
H5533,UPMC for Life,"Upmc Health Network, Inc.",UPMC Health System,No,A,A,N/A,A,,,,,,,,,,,,,,,,,,,,,,,,,,,,,,,,,,,,,,,,,,,,
H5549,VNSNY CHOICE Medicare,Vns Choice,Visiting Nurse Service of New York,No,D,D,N/A,E,,,,,,,,,,,,,,,,,,,,,,,,,,,,,,,,,,,,,,,,,,,,
H5576,"Vantage Health Plan, Inc.","Vantage Health Plan, Inc.","Vantage Holdings, Inc.",No,C,D,N/A,D,,,,,,,,,,,,,,,,,,,,,,,,,,,,,,,,,,,,,,,,,,,,
H5577,MCS Classicare,"Mcs Advantage, Inc.","Medical Card System, Inc.",Yes,D,D,N/A,E,,,,,,,,,,,,,,,,,,,,,,,,,,,,,,,,,,,,,,,,,,,,
H5580,Mercy Care Advantage,Mercy Care,Mercy Care,No,E,E,N/A,F,,,,,,,,,,,,,,,,,,,,,,,,,,,,,,,,,,,,,,,,,,,,
H5587,Steward Health Choice Generations (HMO SNP),"Health Choice Arizona, Inc.",IASIS Healthcare,No,E,E,N/A,F,,,,,,,,,,,,,,,,,,,,,,,,,,,,,,,,,,,,,,,,,,,,
H5590,Allwell,Bridgeway Health Solutions,Centene Corporation,No,E,E,N/A,F,,,,,,,,,,,,,,,,,,,,,,,,,,,,,,,,,,,,,,,,,,,,
H5591,Martin's Point Generations Advantage,"Martin's Point Generations Advantage, Inc.","Martin's Point Health Care, Inc.",No,A,A,N/A,B,,,,,,,,,,,,,,,,,,,,,,,,,,,,,,,,,,,,,,,,,,,,
H5594,"Optimum HealthCare, Inc.","Optimum Healthcare, Inc.",Anthem Inc.,No,B,C,N/A,C,,,,,,,,,,,,,,,,,,,,,,,,,,,,,,,,,,,,,,,,,,,,
H5608,"Denver Health Medical Plan, Inc.","Denver Health Medical Plan, Inc.",Denver Health and Hospital Authority,No,D,D,N/A,E,,,,,,,,,,,,,,,,,,,,,,,,,,,,,,,,,,,,,,,,,,,,
H5613,MVP HEALTH CARE,"Mvp Health Plan, Inc.","MVP Health Care, Inc.",No,A,N/A,N/A,N/A,,,,,,,,,,,,,,,,,,,,,,,,,,,,,,,,,,,,,,,,,,,,
H5619,Humana,"Arcadian Health Plan, Inc.",Humana Inc.,No,B,B,N/A,C,,,,,,,,,,,,,,,,,,,,,,,,,,,,,,,,,,,,,,,,,,,,
H5628,Molina Healthcare of Utah,"Molina Healthcare Of Utah, Inc.","Molina Healthcare, Inc.,",No,D,D,N/A,E,,,,,,,,,,,,,,,,,,,,,,,,,,,,,,,,,,,,,,,,,,,,
H5644,Network Health Medicare Advantage Plans,Network Health Insurance Corporation,"Network Health, Inc.",No,N/A,N/A,N/A,N/A,,,,,,,,,,,,,,,,,,,,,,,,,,,,,,,,,,,,,,,,,,,,
H5649,Central Health Medicare Plan,"Central Health Plan Of California, Inc.",AHMC Central Health LLC,No,B,B,N/A,C,,,,,,,,,,,,,,,,,,,,,,,,,,,,,,,,,,,,,,,,,,,,
H5652,UnitedHealthcare,"Sierra Health And Life Insurance Company, Inc.","UnitedHealth Group, Inc.",No,A,A,N/A,A,,,,,,,,,,,,,,,,,,,,,,,,,,,,,,,,,,,,,,,,,,,,
H5656,WellCare,"Selectcare Health Plans, Inc.","WellCare Health Plans, Inc.",No,B,C,N/A,D,,,,,,,,,,,,,,,,,,,,,,,,,,,,,,,,,,,,,,,,,,,,
H5703,South Country Health Alliance,South Country Health Alliance,South Country Health Alliance,No,E,E,N/A,F,,,,,,,,,,,,,,,,,,,,,,,,,,,,,,,,,,,,,,,,,,,,
H5742,FirstCare Advantage,"Sha, Llc",Covenant Health - Hendrick Medical Center,No,N/A,N/A,N/A,N/A,,,,,,,,,,,,,,,,,,,,,,,,,,,,,,,,,,,,,,,,,,,,
H5746,Amerigroup Community Care of New Mexico,"Amerigroup Community Care Of New Mexico, Inc.",Anthem Inc.,No,C,D,N/A,D,,,,,,,,,,,,,,,,,,,,,,,,,,,,,,,,,,,,,,,,,,,,
H5774,Triple S Advantage,"Triple S Advantage, Inc.",Triple-S Management Corporation,Yes,D,D,N/A,E,,,,,,,,,,,,,,,,,,,,,,,,,,,,,,,,,,,,,,,,,,,,
H5779,MeridianCare,"Meridian Health Plan Of Illinois, Inc.","Caidan Enterprises, Inc.",No,B,C,N/A,D,,,,,,,,,,,,,,,,,,,,,,,,,,,,,,,,,,,,,,,,,,,,
H5793,Aetna Medicare,Aetna Health Inc. (ct),Aetna Inc.,No,B,B,N/A,C,,,,,,,,,,,,,,,,,,,,,,,,,,,,,,,,,,,,,,,,,,,,
H5810,Molina Healthcare of California,Molina Healthcare Of California,"Molina Healthcare, Inc.,",No,E,E,N/A,F,,,,,,,,,,,,,,,,,,,,,,,,,,,,,,,,,,,,,,,,,,,,
H5823,"Molina Healthcare of Washington, Inc.","Molina Healthcare Of Washington, Inc.","Molina Healthcare, Inc.,",No,E,E,N/A,F,,,,,,,,,,,,,,,,,,,,,,,,,,,,,,,,,,,,,,,,,,,,
H5826,Community HealthFirst Medicare Advantage Plan,Community Health Plan Of Washington,Community Health Plan of Washington,No,D,D,N/A,E,,,,,,,,,,,,,,,,,,,,,,,,,,,,,,,,,,,,,,,,,,,,
H5852,AHF,Aids Healthcare Foundation,AIDS Healthcare Foundation,No,D,D,N/A,E,,,,,,,,,,,,,,,,,,,,,,,,,,,,,,,,,,,,,,,,,,,,
H5854,Anthem Blue Cross and Blue Shield,"Anthem Health Plans, Inc.",Anthem Inc.,No,D,D,N/A,E,,,,,,,,,,,,,,,,,,,,,,,,,,,,,,,,,,,,,,,,,,,,
H5859,CareOregon Advantage,"Health Plan Of Careoregon, Inc.","CareOregon, Inc.",No,D,D,N/A,E,,,,,,,,,,,,,,,,,,,,,,,,,,,,,,,,,,,,,,,,,,,,
H5883,Blue Care Network,Blue Care Network Of Michigan,Blue Cross Blue Shield of Michigan Mutual Insuranc,No,B,B,N/A,B,,,,,,,,,,,,,,,,,,,,,,,,,,,,,,,,,,,,,,,,,,,,
H5926,Molina Healthcare of Michigan,"Molina Healthcare Of Michigan, Inc.","Molina Healthcare, Inc.,",No,E,E,N/A,F,,,,,,,,,,,,,,,,,,,,,,,,,,,,,,,,,,,,,,,,,,,,
H5928,Blue Shield of California Promise Health Plan,Care1st Health Plan,California Physicians' Service,No,C,B,N/A,D,,,,,,,,,,,,,,,,,,,,,,,,,,,,,,,,,,,,,,,,,,,,
H5932,Gateway Health Medicare Assured,"Gateway Health Plan, Inc.","Gateway Health Plan, LP",No,D,D,N/A,E,,,,,,,,,,,,,,,,,,,,,,,,,,,,,,,,,,,,,,,,,,,,
H5937,UCare,Ucare Minnesota,UCare Minnesota,No,E,E,N/A,F,,,,,,,,,,,,,,,,,,,,,,,,,,,,,,,,,,,,,,,,,,,,
H5938,Capital Health Plan,Capital Health Plan,Guidewell Mutual Holding Corporation,No,A,A,N/A,A,,,,,,,,,,,,,,,,,,,,,,,,,,,,,,,,,,,,,,,,,,,,
H5943,VillageHealth,Scan Health Plan,SCAN Health Plan,No,D,D,N/A,E,,,,,,,,,,,,,,,,,,,,,,,,,,,,,,,,,,,,,,,,,,,,
H5945,Prominence Health Plan,Prominence Healthfirst,"Universal Health Services, Inc.",No,B,B,N/A,B,,,,,,,,,,,,,,,,,,,,,,,,,,,,,,,,,,,,,,,,,,,,
H5959,Blue Cross Blue Shield of Minnesota,Blue Cross And Blue Shield Of Minnesota,"Aware Integrated, Inc.",No,A,A,N/A,A,,,,,,,,,,,,,,,,,,,,,,,,,,,,,,,,,,,,,,,,,,,,
H5969,AlohaCare,Alohacare,AlohaCare,No,D,D,N/A,E,,,,,,,,,,,,,,,,,,,,,,,,,,,,,,,,,,,,,,,,,,,,
H5970,Humana,Humana Insurance Company Of New York,Humana Inc.,No,A,B,N/A,B,,,,,,,,,,,,,,,,,,,,,,,,,,,,,,,,,,,,,,,,,,,,
H5989,CenterLight Healthcare,"Centerlight Healthcare, Inc.","CenterLight Health System, Inc.",No,D,D,N/A,E,,,,,,,,,,,,,,,,,,,,,,,,,,,,,,,,,,,,,,,,,,,,
H5991,Affinity Health Plan,"Affinity Health Plan, Inc.","Affinity Health Services Holdings, Inc.",No,D,D,N/A,E,,,,,,,,,,,,,,,,,,,,,,,,,,,,,,,,,,,,,,,,,,,,
H5992,Senior Whole Health of New York,"Senior Whole Health Of New York, Inc.","Magellan Health, Inc.",No,C,D,N/A,D,,,,,,,,,,,,,,,,,,,,,,,,,,,,,,,,,,,,,,,,,,,,
H5995,ATRIO Health Plans,Atrio Health Plans,ATRIO Health Plans,No,E,E,N/A,F,,,,,,,,,,,,,,,,,,,,,,,,,,,,,,,,,,,,,,,,,,,,
H6154,Medica Health Plans,Medica Health Plans,Medica Holding Company,No,A,A,N/A,A,,,,,,,,,,,,,,,,,,,,,,,,,,,,,,,,,,,,,,,,,,,,
H6237,Regence BlueCross BlueShield of Oregon,Regence Bluecross Blueshield Of Oregon,"Cambia Health Solutions, Inc.",No,A,B,N/A,B,,,,,,,,,,,,,,,,,,,,,,,,,,,,,,,,,,,,,,,,,,,,
H6306,FirstMedicare Direct,Firstcarolinacare Insurance Company,"FirstHealth of the Carolinas, Inc.",No,B,B,N/A,C,,,,,,,,,,,,,,,,,,,,,,,,,,,,,,,,,,,,,,,,,,,,
H6328,Care NÆ Care Insurance Company,"Care N' Care Insurance Company, Inc.",Texas Health Resources,No,A,B,N/A,B,,,,,,,,,,,,,,,,,,,,,,,,,,,,,,,,,,,,,,,,,,,,
H6345,PruittHealth Premier (HMO SNP),"Pruitthealth Premier North Carolina, Llc","UNICO Premier, LLC",No,N/A,N/A,N/A,N/A,,,,,,,,,,,,,,,,,,,,,,,,,,,,,,,,,,,,,,,,,,,,
H6348,Allwell,Coordinated Care Corporation,Centene Corporation,No,N/A,N/A,N/A,N/A,,,,,,,,,,,,,,,,,,,,,,,,,,,,,,,,,,,,,,,,,,,,
H6351,Liberty Advantage (HMO SNP),"Liberty Advantage, Llc",Liberty Healthcare Insurance,No,N/A,N/A,N/A,N/A,,,,,,,,,,,,,,,,,,,,,,,,,,,,,,,,,,,,,,,,,,,,
H6396,CareSource,Caresource,CareSource Management Group Co.,No,C,D,N/A,D,,,,,,,,,,,,,,,,,,,,,,,,,,,,,,,,,,,,,,,,,,,,
H6439,WellCare,"Wellcare Health Plans Of Arizona, Inc.","WellCare Health Plans, Inc.",No,N/A,N/A,N/A,N/A,,,,,,,,,,,,,,,,,,,,,,,,,,,,,,,,,,,,,,,,,,,,
H6453,HMO Louisiana,"Hmo Louisiana, Inc.",Louisiana Health Service & Indemnity Company,No,B,B,N/A,B,,,,,,,,,,,,,,,,,,,,,,,,,,,,,,,,,,,,,,,,,,,,
H6502,Blue Cross and Blue Shield of Kansas City (Blue KC,Missouri Valley Life And Health Insurance Company,Blue Cross and Blue Shield of Kansas City,No,N/A,N/A,N/A,N/A,,,,,,,,,,,,,,,,,,,,,,,,,,,,,,,,,,,,,,,,,,,,
H6526,UnitedHealthcare,"Unitedhealthcare Of New Mexico, Inc.","UnitedHealth Group, Inc.",No,N/A,N/A,N/A,N/A,,,,,,,,,,,,,,,,,,,,,,,,,,,,,,,,,,,,,,,,,,,,
H6528,UnitedHealthcare,Care Improvement Plus South Central Insurance Co.,"UnitedHealth Group, Inc.",No,B,B,N/A,C,,,,,,,,,,,,,,,,,,,,,,,,,,,,,,,,,,,,,,,,,,,,
H6550,Allwell,"Sunflower State Health Plan, Inc.",Centene Corporation,No,N/A,N/A,N/A,N/A,,,,,,,,,,,,,,,,,,,,,,,,,,,,,,,,,,,,,,,,,,,,
H6595,UnitedHealthcare,"Unitedhealthcare Of Kentucky, Ltd.","UnitedHealth Group, Inc.",No,N/A,N/A,N/A,N/A,,,,,,,,,,,,,,,,,,,,,,,,,,,,,,,,,,,,,,,,,,,,
H6622,Humana,Humana Wi Health Organization Insurance Corp,Humana Inc.,No,B,C,N/A,C,,,,,,,,,,,,,,,,,,,,,,,,,,,,,,,,,,,,,,,,,,,,
H6672,Eon Health,"Eon Health, Inc. (ga)","Eon Health Plan, LLC",No,C,D,N/A,D,,,,,,,,,,,,,,,,,,,,,,,,,,,,,,,,,,,,,,,,,,,,
H6723,Medical Mutual of Ohio,Medical Mutual Of Ohio,MEDICAL MUTUAL OF OHIO,No,B,B,N/A,C,,,,,,,,,,,,,,,,,,,,,,,,,,,,,,,,,,,,,,,,,,,,
H6743,ATRIO Health Plans,Atrio Health Plans,ATRIO Health Plans,No,B,B,N/A,B,,,,,,,,,,,,,,,,,,,,,,,,,,,,,,,,,,,,,,,,,,,,
H6750,"Harvard Pilgrim Health Care of New England, Inc.","Harvard Pilgrim Health Care Of New England, Inc.","Harvard Pilgrim Health Care, Inc.",No,B,B,N/A,B,,,,,,,,,,,,,,,,,,,,,,,,,,,,,,,,,,,,,,,,,,,,
H6776,RiverSpring Health Plans,"Elderserve Health, Inc.",Riverspring Health Holding Corp.,No,C,B,N/A,D,,,,,,,,,,,,,,,,,,,,,,,,,,,,,,,,,,,,,,,,,,,,
H6786,Anthem Blue Cross and Blue Shield,"Anthem Health Plans Of Maine, Inc.",Anthem Inc.,No,A,A,N/A,A,,,,,,,,,,,,,,,,,,,,,,,,,,,,,,,,,,,,,,,,,,,,
H6815,"Health Net Health Plan of Oregon, Inc.",Health Net Health Plan Of Oregon,Centene Corporation,No,B,B,N/A,B,,,,,,,,,,,,,,,,,,,,,,,,,,,,,,,,,,,,,,,,,,,,
H6821,Mutual of Omaha Medicare Advantage Company,Mutual Of Omaha Medicare Advantage Company,Mutual of Omaha Insurance Company,No,N/A,N/A,N/A,N/A,,,,,,,,,,,,,,,,,,,,,,,,,,,,,,,,,,,,,,,,,,,,
H6975,WellCare,"Wellcare Of Alabama, Inc.","WellCare Health Plans, Inc.",No,N/A,N/A,N/A,N/A,,,,,,,,,,,,,,,,,,,,,,,,,,,,,,,,,,,,,,,,,,,,
H6988,Centers Plan for Healthy Living,"Centers Plan For Healthy Living, Llc","Centers Plan for Healthy Living, LLC",No,C,D,N/A,D,,,,,,,,,,,,,,,,,,,,,,,,,,,,,,,,,,,,,,,,,,,,
H7006,ATRIO Health Plans,Atrio Health Plans,ATRIO Health Plans,No,A,A,N/A,A,,,,,,,,,,,,,,,,,,,,,,,,,,,,,,,,,,,,,,,,,,,,
H7020,Cigna-HealthSpring,"Cigna Healthcare Of South Carolina, Inc.",CIGNA,No,B,D,N/A,D,,,,,,,,,,,,,,,,,,,,,,,,,,,,,,,,,,,,,,,,,,,,
H7115,Memorial Hermann Health Plan,Memorial Hermann Health Plan,Memorial Hermann Health System,No,A,A,N/A,B,,,,,,,,,,,,,,,,,,,,,,,,,,,,,,,,,,,,,,,,,,,,
H7119,Provider Partners Ohio Advantage Plan,Provider Partners Health Plan Of Ohio,"Rifkin Managed Care Holding Company, LLC",No,N/A,N/A,N/A,N/A,,,,,,,,,,,,,,,,,,,,,,,,,,,,,,,,,,,,,,,,,,,,
H7149,Aetna Medicare,Aetna Health Inc. (pa),Aetna Inc.,No,B,C,N/A,C,,,,,,,,,,,,,,,,,,,,,,,,,,,,,,,,,,,,,,,,,,,,
H7165,Blue Cross Blue Shield of South Carolina,Bluecross And Blueshield Of South Carolina,BlueCross BlueShield of South Carolina (BCBSSC),No,N/A,N/A,N/A,N/A,,,,,,,,,,,,,,,,,,,,,,,,,,,,,,,,,,,,,,,,,,,,
H7173,Allwell,"Peach State Health Plan, Inc.",Centene Corporation,No,D,D,N/A,E,,,,,,,,,,,,,,,,,,,,,,,,,,,,,,,,,,,,,,,,,,,,
H7220,Indiana University Health Plans - Medicare,"Indiana University Health Plans Nfp, Inc.",Indiana University Health,No,A,B,N/A,B,,,,,,,,,,,,,,,,,,,,,,,,,,,,,,,,,,,,,,,,,,,,
H7245,Premera Blue Cross Medicare Advantage,Premera Blue Cross,Premera,No,A,B,N/A,B,,,,,,,,,,,,,,,,,,,,,,,,,,,,,,,,,,,,,,,,,,,,
H7284,Humana,"Humana Health Insurance Company Of Florida, Inc.",Humana Inc.,No,N/A,N/A,N/A,N/A,,,,,,,,,,,,,,,,,,,,,,,,,,,,,,,,,,,,,,,,,,,,
H7301,Aetna Medicare,"Coventry Health Care Of Illinois, Inc.",Aetna Inc.,No,A,B,N/A,B,,,,,,,,,,,,,,,,,,,,,,,,,,,,,,,,,,,,,,,,,,,,
H7317,Essential Advantage,Hawaii Medical Service Association (hmsa),Hawaii Medical Service Association,No,N/A,N/A,N/A,N/A,,,,,,,,,,,,,,,,,,,,,,,,,,,,,,,,,,,,,,,,,,,,
H7326,WellCare,"Wellcare Of South Carolina, Inc.","WellCare Health Plans, Inc.",No,N/A,N/A,N/A,N/A,,,,,,,,,,,,,,,,,,,,,,,,,,,,,,,,,,,,,,,,,,,,
H7404,UnitedHealthcare,Pacificare Life Assurance Company,"UnitedHealth Group, Inc.",No,N/A,N/A,N/A,N/A,,,,,,,,,,,,,,,,,,,,,,,,,,,,,,,,,,,,,,,,,,,,
H7445,UnitedHealthcare,"Unitedhealthcare Of Illinois, Inc.","UnitedHealth Group, Inc.",No,N/A,N/A,N/A,N/A,,,,,,,,,,,,,,,,,,,,,,,,,,,,,,,,,,,,,,,,,,,,
H7464,UnitedHealthcare,"Unitedhealthcare Of The Mid-atlantic, Inc.","UnitedHealth Group, Inc.",No,N/A,N/A,N/A,N/A,,,,,,,,,,,,,,,,,,,,,,,,,,,,,,,,,,,,,,,,,,,,
H7511,Great Plains Medicare Advantage (HMO SNP),"Good Samaritan Insurance Plan Of Nebraska, Inc.","Good Samaritan Insurance Plan, LLC",No,N/A,N/A,N/A,N/A,,,,,,,,,,,,,,,,,,,,,,,,,,,,,,,,,,,,,,,,,,,,
H7522,Medicare y Mucho Mßs,"Mmm Healthcare, Llc",InnovaCare Inc.,Yes,C,B,N/A,D,,,,,,,,,,,,,,,,,,,,,,,,,,,,,,,,,,,,,,,,,,,,
H7621,Humana,"Humana Health Plan Of California, Inc.",Humana Inc.,No,N/A,N/A,N/A,N/A,,,,,,,,,,,,,,,,,,,,,,,,,,,,,,,,,,,,,,,,,,,,
H7678,"Molina Healthcare of Texas, Inc.","Molina Healthcare Of Texas, Inc.","Molina Healthcare, Inc.,",No,E,E,N/A,F,,,,,,,,,,,,,,,,,,,,,,,,,,,,,,,,,,,,,,,,,,,,
H7680,Prominence Health Plan,Prominence Healthfirst Of Texas,"Universal Health Services, Inc.",No,B,C,N/A,D,,,,,,,,,,,,,,,,,,,,,,,,,,,,,,,,,,,,,,,,,,,,
H7728,Anthem Blue Cross and Blue Shield,"Anthem Health Plans Of New Hampshire, Inc.",Anthem Inc.,No,A,A,N/A,A,,,,,,,,,,,,,,,,,,,,,,,,,,,,,,,,,,,,,,,,,,,,
H7779,American Health Advantage of Tennessee,"American Health Plan, Inc.","American Health Companies, Inc.",No,N/A,N/A,N/A,N/A,,,,,,,,,,,,,,,,,,,,,,,,,,,,,,,,,,,,,,,,,,,,
H7787,Cigna-HealthSpring,"Healthspring Life & Health Insurance Company, Inc.",CIGNA,No,B,C,N/A,C,,,,,,,,,,,,,,,,,,,,,,,,,,,,,,,,,,,,,,,,,,,,
H7802,Sunrise Advantage Plan (HMO SNP),"Spartan Plan Va, Inc.",Public Sector Pension Investment Board,No,N/A,N/A,N/A,N/A,,,,,,,,,,,,,,,,,,,,,,,,,,,,,,,,,,,,,,,,,,,,
H7853,Bright Health,Bright Health Insurance Company,Bright Health Management,No,N/A,N/A,N/A,N/A,,,,,,,,,,,,,,,,,,,,,,,,,,,,,,,,,,,,,,,,,,,,
H7917,BlueCross BlueShield of Tennessee,"Bluecross Blueshield Of Tennessee, Inc.",BlueCross BlueShield of Tennessee,No,B,B,N/A,C,,,,,,,,,,,,,,,,,,,,,,,,,,,,,,,,,,,,,,,,,,,,
H7971,Horizon Blue Cross Blue Shield of New Jersey,Horizon Insurance Company,"Horizon Healthcare Services, Inc.",No,A,A,N/A,A,,,,,,,,,,,,,,,,,,,,,,,,,,,,,,,,,,,,,,,,,,,,
H8003,Blue Cross Blue Shield of South Carolina,Bluecross And Blueshield Of South Carolina,BlueCross BlueShield of South Carolina (BCBSSC),No,N/A,N/A,N/A,N/A,,,,,,,,,,,,,,,,,,,,,,,,,,,,,,,,,,,,,,,,,,,,
H8010,Clover Health,"Clover Hmo Of New Jersey, Inc.","Clover Health Holdings, Inc.",No,N/A,N/A,N/A,N/A,,,,,,,,,,,,,,,,,,,,,,,,,,,,,,,,,,,,,,,,,,,,
H8064,FirstMedicare Direct,Firstcarolinacare Insurance Company,"FirstHealth of the Carolinas, Inc.",No,B,B,N/A,B,,,,,,,,,,,,,,,,,,,,,,,,,,,,,,,,,,,,,,,,,,,,
H8067,Provider Partners Maryland Advantage Plan,"Provider Partners Health Plan, Inc.","Rifkin Managed Care Holding Company, LLC",No,D,D,N/A,E,,,,,,,,,,,,,,,,,,,,,,,,,,,,,,,,,,,,,,,,,,,,
H8087,Humana,Humanadental Insurance Company,Humana Inc.,No,N/A,N/A,N/A,N/A,,,,,,,,,,,,,,,,,,,,,,,,,,,,,,,,,,,,,,,,,,,,
H8130,Molina Healthcare of Florida,"Molina Healthcare Of Florida, Inc.","Molina Healthcare, Inc.,",No,E,E,N/A,F,,,,,,,,,,,,,,,,,,,,,,,,,,,,,,,,,,,,,,,,,,,,
H8133,Blue Cross and Blue Shield of Texas,Ghs Insurance Company,Health Care Service Corporation,No,B,B,N/A,C,,,,,,,,,,,,,,,,,,,,,,,,,,,,,,,,,,,,,,,,,,,,
H8142,Scott and White Health Plan,Scott And White Health Plan,Baylor Scott & White Holdings,No,A,B,N/A,B,,,,,,,,,,,,,,,,,,,,,,,,,,,,,,,,,,,,,,,,,,,,
H8145,Humana,Humana Insurance Company,Humana Inc.,No,B,C,N/A,C,,,,,,,,,,,,,,,,,,,,,,,,,,,,,,,,,,,,,,,,,,,,
H8170,America's 1st Choice of South Carolina,"America's 1st Choice Of South Carolina, Inc.",Anthem Inc.,No,B,C,N/A,D,,,,,,,,,,,,,,,,,,,,,,,,,,,,,,,,,,,,,,,,,,,,
H8189,Allwell,"Managed Health Services, Wisconsin",Centene Corporation,No,E,E,N/A,F,,,,,,,,,,,,,,,,,,,,,,,,,,,,,,,,,,,,,,,,,,,,
H8211,UnitedHealthcare,Mamsi Life And Health Insurance Company,"UnitedHealth Group, Inc.",No,N/A,N/A,N/A,N/A,,,,,,,,,,,,,,,,,,,,,,,,,,,,,,,,,,,,,,,,,,,,
H8266,Constellation Health,"Constellation Health, Llc.","Constellation Health, LLC.",Yes,C,D,N/A,D,,,,,,,,,,,,,,,,,,,,,,,,,,,,,,,,,,,,,,,,,,,,
H8280,Bright Health,"Bright Health Insurance Company Of Alabama, Inc.",Bright Health Management,No,N/A,N/A,N/A,N/A,,,,,,,,,,,,,,,,,,,,,,,,,,,,,,,,,,,,,,,,,,,,
H8298,Horizon Blue Cross Blue Shield of New Jersey,"Horizon Healthcare Of New Jersey, Inc.","Horizon Healthcare Services, Inc.",No,E,E,N/A,F,,,,,,,,,,,,,,,,,,,,,,,,,,,,,,,,,,,,,,,,,,,,
H8432,Empire BlueCross BlueShield,"Empire Healthchoice Hmo, Inc.",Anthem Inc.,No,D,D,N/A,E,,,,,,,,,,,,,,,,,,,,,,,,,,,,,,,,,,,,,,,,,,,,
H8457,Longevity Health Plan (HMO SNP),"Longevity Health Plan Of New York, Inc.","Longevity Health Founders, LLC",No,N/A,N/A,N/A,N/A,,,,,,,,,,,,,,,,,,,,,,,,,,,,,,,,,,,,,,,,,,,,
H8506,"Moda Health Plan, Inc.","Moda Health Plan, Inc.","Moda, Inc.",No,B,C,N/A,D,,,,,,,,,,,,,,,,,,,,,,,,,,,,,,,,,,,,,,,,,,,,
H8552,Anthem Blue Cross Life and Health Insurance Co.,Anthem Blue Cross Life And Health Ins Company,Anthem Inc.,No,A,A,N/A,A,,,,,,,,,,,,,,,,,,,,,,,,,,,,,,,,,,,,,,,,,,,,
H8554,Blue Cross and Blue Shield of Texas,Ghs Insurance Company,Health Care Service Corporation,No,B,B,N/A,C,,,,,,,,,,,,,,,,,,,,,,,,,,,,,,,,,,,,,,,,,,,,
H8578,Health New England Medicare Advantage Plans,"Health New England, Inc.","Baystate Health, Inc.",No,A,A,N/A,A,,,,,,,,,,,,,,,,,,,,,,,,,,,,,,,,,,,,,,,,,,,,
H8597,Aetna Medicare,Aetna Better Health Of Texas Inc.,Aetna Inc.,No,N/A,N/A,N/A,N/A,,,,,,,,,,,,,,,,,,,,,,,,,,,,,,,,,,,,,,,,,,,,
H8604,The Health Plan,Thp Insurance Company,Health Plan of West Virginia,No,B,C,N/A,B,,,,,,,,,,,,,,,,,,,,,,,,,,,,,,,,,,,,,,,,,,,,
H8634,"Blue Cross and Blue Shield of IL, NM",Health Care Service Corporation,Health Care Service Corporation,No,A,A,N/A,A,,,,,,,,,,,,,,,,,,,,,,,,,,,,,,,,,,,,,,,,,,,,
H8649,Aetna Medicare,"Aetna Health Of Utah, Inc",Aetna Inc.,No,A,B,N/A,B,,,,,,,,,,,,,,,,,,,,,,,,,,,,,,,,,,,,,,,,,,,,
H8748,UnitedHealthcare,Unitedhealthcare Insurance Company,"UnitedHealth Group, Inc.",No,B,C,N/A,C,,,,,,,,,,,,,,,,,,,,,,,,,,,,,,,,,,,,,,,,,,,,
H8764,Aspire Health Plan,Aspire Health Plan,Montage Health,No,A,A,N/A,B,,,,,,,,,,,,,,,,,,,,,,,,,,,,,,,,,,,,,,,,,,,,
H8768,UnitedHealthcare,Unitedhealthcare Insurance Co Of The River Valley,"UnitedHealth Group, Inc.",No,N/A,N/A,N/A,N/A,,,,,,,,,,,,,,,,,,,,,,,,,,,,,,,,,,,,,,,,,,,,
H8783,UCare,"Ucare Health, Inc.",UCare Minnesota,No,N/A,N/A,N/A,N/A,,,,,,,,,,,,,,,,,,,,,,,,,,,,,,,,,,,,,,,,,,,,
H8854,University of Maryland Health Advantage,"University Of Maryland Health Advantage, Inc.",University of Maryland Medical System Corporation,No,C,D,N/A,D,,,,,,,,,,,,,,,,,,,,,,,,,,,,,,,,,,,,,,,,,,,,
H8889,Medica Health Plans,Medica Health Plans,Medica Holding Company,No,A,A,N/A,A,,,,,,,,,,,,,,,,,,,,,,,,,,,,,,,,,,,,,,,,,,,,
H8908,Humana,"Humana Medical Plan Of Michigan, Inc.",Humana Inc.,No,B,C,N/A,D,,,,,,,,,,,,,,,,,,,,,,,,,,,,,,,,,,,,,,,,,,,,
H8967,Great Plains Medicare Advantage (HMO SNP),"Good Samaritan Insurance Plan Of North Dakota, Llc","Good Samaritan Insurance Plan, LLC",No,N/A,N/A,N/A,N/A,,,,,,,,,,,,,,,,,,,,,,,,,,,,,,,,,,,,,,,,,,,,
H9001,Fallon Health,Fallon Community Health Plan,Fallon Community Health Plan,No,B,B,N/A,C,,,,,,,,,,,,,,,,,,,,,,,,,,,,,,,,,,,,,,,,,,,,
H9003,Kaiser Permanente,Kaiser Foundation Hp Of The N W,"Kaiser Foundation Health Plan, Inc.",No,A,A,N/A,B,,,,,,,,,,,,,,,,,,,,,,,,,,,,,,,,,,,,,,,,,,,,
H9047,Providence Health Assurance,Providence Health Assurance,Providence Health & Services,No,A,A,N/A,B,,,,,,,,,,,,,,,,,,,,,,,,,,,,,,,,,,,,,,,,,,,,
H9066,Nascentia Health Plus,Visiting Nurse Association Of Central New York,VISITING NURSE ASSOCIATION OF CENTRAL NEW YORK,No,N/A,N/A,N/A,N/A,,,,,,,,,,,,,,,,,,,,,,,,,,,,,,,,,,,,,,,,,,,,
H9070,Humana,Compbenefits Insurance Company,Humana Inc.,No,N/A,N/A,N/A,N/A,,,,,,,,,,,,,,,,,,,,,,,,,,,,,,,,,,,,,,,,,,,,
H9082,"Molina Healthcare of New Mexico, Inc.","Molina Healthcare Of New Mexico, Inc.","Molina Healthcare, Inc.,",No,E,E,N/A,F,,,,,,,,,,,,,,,,,,,,,,,,,,,,,,,,,,,,,,,,,,,,
H9096,"Dean Advantage, Prevea360 Medicare Advantage","Dean Health Plan, Inc.",SSM Healthcare Corporation,No,A,A,N/A,A,,,,,,,,,,,,,,,,,,,,,,,,,,,,,,,,,,,,,,,,,,,,
H9104,SCAN Health Plan,Scan Health Plan,SCAN Health Plan,No,B,B,N/A,C,,,,,,,,,,,,,,,,,,,,,,,,,,,,,,,,,,,,,,,,,,,,
H9153,West Virginia Senior Advantage (HMO SNP),"West Virginia Senior Advantage, Inc.","Stonerise Senior Advantage Holdings, LLC",No,D,D,N/A,E,,,,,,,,,,,,,,,,,,,,,,,,,,,,,,,,,,,,,,,,,,,,
H9190,Gateway Health Medicare Assured,"Gateway Health Plan Of Ohio, Inc.","Gateway Health Plan, LP",No,C,D,N/A,D,,,,,,,,,,,,,,,,,,,,,,,,,,,,,,,,,,,,,,,,,,,,
H9207,Health Partners Medicare,"Health Partners Plans, Inc.","Health Partners Plans, Inc.",No,D,D,N/A,E,,,,,,,,,,,,,,,,,,,,,,,,,,,,,,,,,,,,,,,,,,,,
H9276,Allwell,"Sunshine Health Community Solutions, Inc.",Centene Corporation,No,C,D,N/A,D,,,,,,,,,,,,,,,,,,,,,,,,,,,,,,,,,,,,,,,,,,,,
H9287,Allwell,"Health Net Community Solutions Of Arizona, Inc.",Centene Corporation,No,B,B,N/A,D,,,,,,,,,,,,,,,,,,,,,,,,,,,,,,,,,,,,,,,,,,,,
H9302,Soundpath Health,Soundpath Health,Catholic Health Initiatives,No,A,B,N/A,B,,,,,,,,,,,,,,,,,,,,,,,,,,,,,,,,,,,,,,,,,,,,
H9364,WellCare,"Wellcare Of Maine, Inc.","WellCare Health Plans, Inc.",No,N/A,N/A,N/A,N/A,,,,,,,,,,,,,,,,,,,,,,,,,,,,,,,,,,,,,,,,,,,,
H9403,Eon Health,"Eon Health, Inc. (sc)","Eon Health Plan, LLC",No,C,D,N/A,D,,,,,,,,,,,,,,,,,,,,,,,,,,,,,,,,,,,,,,,,,,,,
H9408,Vibra Health Plan,"Vibra Health Plan, Inc.",Capital BlueCross,No,B,C,N/A,B,,,,,,,,,,,,,,,,,,,,,,,,,,,,,,,,,,,,,,,,,,,,
H9412,Geisinger Gold,"Geisinger Quality Options, Inc.",Geisinger Health System,No,N/A,N/A,N/A,N/A,,,,,,,,,,,,,,,,,,,,,,,,,,,,,,,,,,,,,,,,,,,,
H9431,Aetna Medicare,First Health Life & Health Insurance Company,Aetna Inc.,No,N/A,N/A,N/A,N/A,,,,,,,,,,,,,,,,,,,,,,,,,,,,,,,,,,,,,,,,,,,,
H9455,Steward Health Choice Generations (HMO SNP),"Health Choice Utah, Inc.",IASIS Healthcare,No,N/A,N/A,N/A,N/A,,,,,,,,,,,,,,,,,,,,,,,,,,,,,,,,,,,,,,,,,,,,
H9460,Cigna-HealthSpring,"Cigna Healthcare Of St Louis, Inc.",CIGNA,No,B,C,N/A,C,,,,,,,,,,,,,,,,,,,,,,,,,,,,,,,,,,,,,,,,,,,,
H9516,Bright Health,Bright Health Insurance Company Of New York,Bright Health Management,No,N/A,N/A,N/A,N/A,,,,,,,,,,,,,,,,,,,,,,,,,,,,,,,,,,,,,,,,,,,,
H9525,Anthem Blue Cross and Blue Shield,Compcare Health Services Insurance Corporation,Anthem Inc.,No,B,C,N/A,C,,,,,,,,,,,,,,,,,,,,,,,,,,,,,,,,,,,,,,,,,,,,
H9572,Blue Cross Blue Shield of Michigan,Bcbs Of Michigan Mutual Insurance Company,Blue Cross Blue Shield of Michigan Mutual Insuranc,No,A,A,N/A,A,,,,,,,,,,,,,,,,,,,,,,,,,,,,,,,,,,,,,,,,,,,,
H9585,BMC HealthNet Plan Senior Care Options,"Boston Medical Center Health Plan, Inc.","BMC Health System, Inc.",No,D,D,N/A,E,,,,,,,,,,,,,,,,,,,,,,,,,,,,,,,,,,,,,,,,,,,,
H9589,Eon Health,"Eon Health, Inc. (ga)","Eon Health Plan, LLC",No,B,D,N/A,D,,,,,,,,,,,,,,,,,,,,,,,,,,,,,,,,,,,,,,,,,,,,
H9590,Longevity Health Plan (HMO SNP),"Longevity Health Plan Of Illinois, Inc.","Longevity Health Founders, LLC",No,N/A,N/A,N/A,N/A,,,,,,,,,,,,,,,,,,,,,,,,,,,,,,,,,,,,,,,,,,,,
H9615,MVP HEALTH CARE,"Mvp Health Plan, Inc.","MVP Health Care, Inc.",No,A,A,N/A,A,,,,,,,,,,,,,,,,,,,,,,,,,,,,,,,,,,,,,,,,,,,,
H9630,Allwell,"Arkansas Health And Wellness Health Plan, Inc",Centene Corporation,No,N/A,N/A,N/A,N/A,,,,,,,,,,,,,,,,,,,,,,,,,,,,,,,,,,,,,,,,,,,,
H9699,Health Advantage,"Hmo Partners, Inc.",USAble Mutual Insurance Company,No,B,C,N/A,C,,,,,,,,,,,,,,,,,,,,,,,,,,,,,,,,,,,,,,,,,,,,
H9725,Cigna-HealthSpring,"Cigna Healthcare Of North Carolina, Inc.",CIGNA,No,B,C,N/A,D,,,,,,,,,,,,,,,,,,,,,,,,,,,,,,,,,,,,,,,,,,,,
H9730,WellCare,"Wellcare Health Insurance Company Of Kentucky, Inc","WellCare Health Plans, Inc.",No,D,D,N/A,E,,,,,,,,,,,,,,,,,,,,,,,,,,,,,,,,,,,,,,,,,,,,
H9808,CARE N' CARE INSURANCE COMPANY OF NORTH CAROLINA,Care N' Care Insurance Company Of North Carolina,Moses H. Cone Memorial Hospital Corp.,No,A,B,N/A,B,,,,,,,,,,,,,,,,,,,,,,,,,,,,,,,,,,,,,,,,,,,,
H9811,Allwell,"Magnolia Health Plan, Inc.",Centene Corporation,No,B,C,N/A,D,,,,,,,,,,,,,,,,,,,,,,,,,,,,,,,,,,,,,,,,,,,,
H9834,Senior Preferred,Gundersen Health Plan Of Minnesota,University of Wisconsin Hospitals and Clincs Autho,No,A,A,N/A,A,,,,,,,,,,,,,,,,,,,,,,,,,,,,,,,,,,,,,,,,,,,,
H9870,Passport Advantage,"University Health Care, Inc.","University Health Care, Inc.",No,E,E,N/A,F,,,,,,,,,,,,,,,,,,,,,,,,,,,,,,,,,,,,,,,,,,,,
H9877,Virginia Premier,"Virginia Premier Health Plan, Inc.",Virginia Cwlth University Hlth System Authority,No,E,E,N/A,F,,,,,,,,,,,,,,,,,,,,,,,,,,,,,,,,,,,,,,,,,,,,
H9878,Bright Health,"Bright Health Insurance Company Of Ohio, Inc.",Bright Health Management,No,N/A,N/A,N/A,N/A,,,,,,,,,,,,,,,,,,,,,,,,,,,,,,,,,,,,,,,,,,,,
H9952,Medica Health Plans,Medica Health Plans,Medica Holding Company,No,N/A,N/A,N/A,N/A,,,,,,,,,,,,,,,,,,,,,,,,,,,,,,,,,,,,,,,,,,,,
R0110,Humana,Humana Insurance Company,Humana Inc.,No,N/A,N/A,N/A,N/A,,,,,,,,,,,,,,,,,,,,,,,,,,,,,,,,,,,,,,,,,,,,
R0802,Martin's Point Generations Advantage,"Martin's Point Generations Advantage, Inc.","Martin's Point Health Care, Inc.",No,N/A,N/A,N/A,N/A,,,,,,,,,,,,,,,,,,,,,,,,,,,,,,,,,,,,,,,,,,,,
R0865,Humana,Humana Insurance Company,Humana Inc.,No,N/A,N/A,N/A,N/A,,,,,,,,,,,,,,,,,,,,,,,,,,,,,,,,,,,,,,,,,,,,
R0923,Humana,Humana Insurance Company,Humana Inc.,No,N/A,N/A,N/A,N/A,,,,,,,,,,,,,,,,,,,,,,,,,,,,,,,,,,,,,,,,,,,,
R1390,Humana,Humana Insurance Company,Humana Inc.,No,N/A,N/A,N/A,N/A,,,,,,,,,,,,,,,,,,,,,,,,,,,,,,,,,,,,,,,,,,,,
R1532,Humana,Humana Insurance Company,Humana Inc.,No,N/A,N/A,N/A,N/A,,,,,,,,,,,,,,,,,,,,,,,,,,,,,,,,,,,,,,,,,,,,
R1548,UnitedHealthcare,Unitedhealthcare Insurance Co Of The River Valley,"UnitedHealth Group, Inc.",No,N/A,N/A,N/A,N/A,,,,,,,,,,,,,,,,,,,,,,,,,,,,,,,,,,,,,,,,,,,,
R3175,UnitedHealthcare,Unitedhealthcare Insurance Company,"UnitedHealth Group, Inc.",No,E,E,N/A,F,,,,,,,,,,,,,,,,,,,,,,,,,,,,,,,,,,,,,,,,,,,,
R3332,Florida Blue,"Blue Cross And Blue Shield Of Florida, Inc.",Guidewell Mutual Holding Corporation,No,A,B,N/A,B,,,,,,,,,,,,,,,,,,,,,,,,,,,,,,,,,,,,,,,,,,,,
R3392,Humana,Humana Insurance Company,Humana Inc.,No,N/A,N/A,N/A,N/A,,,,,,,,,,,,,,,,,,,,,,,,,,,,,,,,,,,,,,,,,,,,
R3444,UnitedHealthcare,Care Improvement Plus South Central Insurance Co.,"UnitedHealth Group, Inc.",No,C,D,N/A,D,,,,,,,,,,,,,,,,,,,,,,,,,,,,,,,,,,,,,,,,,,,,
R3887,Humana,Humana Insurance Company,Humana Inc.,No,N/A,N/A,N/A,N/A,,,,,,,,,,,,,,,,,,,,,,,,,,,,,,,,,,,,,,,,,,,,
R4182,Humana,Humana Insurance Company,Humana Inc.,No,N/A,N/A,N/A,N/A,,,,,,,,,,,,,,,,,,,,,,,,,,,,,,,,,,,,,,,,,,,,
R4487,Anthem Blue Cross and Blue Shield,"Anthem Insurance Companies, Inc.",Anthem Inc.,No,B,C,N/A,C,,,,,,,,,,,,,,,,,,,,,,,,,,,,,,,,,,,,,,,,,,,,
R4845,Humana,Humana Insurance Company,Humana Inc.,No,N/A,N/A,N/A,N/A,,,,,,,,,,,,,,,,,,,,,,,,,,,,,,,,,,,,,,,,,,,,
R5329,UnitedHealthcare,"Sierra Health And Life Insurance Company, Inc.","UnitedHealth Group, Inc.",No,B,B,N/A,B,,,,,,,,,,,,,,,,,,,,,,,,,,,,,,,,,,,,,,,,,,,,
R5342,UnitedHealthcare,Unitedhealthcare Insurance Company Of New York,"UnitedHealth Group, Inc.",No,B,B,N/A,C,,,,,,,,,,,,,,,,,,,,,,,,,,,,,,,,,,,,,,,,,,,,
R5361,Humana,Humana Insurance Company,Humana Inc.,No,N/A,N/A,N/A,N/A,,,,,,,,,,,,,,,,,,,,,,,,,,,,,,,,,,,,,,,,,,,,
R5495,Humana,Humana Insurance Company,Humana Inc.,No,N/A,N/A,N/A,N/A,,,,,,,,,,,,,,,,,,,,,,,,,,,,,,,,,,,,,,,,,,,,
R5826,Humana,Humana Insurance Company,Humana Inc.,No,B,C,N/A,C,,,,,,,,,,,,,,,,,,,,,,,,,,,,,,,,,,,,,,,,,,,,
R5941,Anthem Blue Cross and Blue Shield,"Anthem Insurance Companies, Inc.",Anthem Inc.,No,B,C,N/A,C,,,,,,,,,,,,,,,,,,,,,,,,,,,,,,,,,,,,,,,,,,,,
R6694,Aetna Medicare,Aetna Life Insurance Company,Aetna Inc.,No,A,A,N/A,A,,,,,,,,,,,,,,,,,,,,,,,,,,,,,,,,,,,,,,,,,,,,
R6801,UnitedHealthcare,Care Improvement Plus Of Texas Insurance Company,"UnitedHealth Group, Inc.",No,C,D,N/A,D,,,,,,,,,,,,,,,,,,,,,,,,,,,,,,,,,,,,,,,,,,,,
R7220,Humana,Humana Insurance Company,Humana Inc.,No,N/A,N/A,N/A,N/A,,,,,,,,,,,,,,,,,,,,,,,,,,,,,,,,,,,,,,,,,,,,
R7315,Humana,Humana Insurance Company,Humana Inc.,No,N/A,N/A,N/A,N/A,,,,,,,,,,,,,,,,,,,,,,,,,,,,,,,,,,,,,,,,,,,,
R7444,UnitedHealthcare,Unitedhealthcare Insurance Company,"UnitedHealth Group, Inc.",No,C,C,N/A,D,,,,,,,,,,,,,,,,,,,,,,,,,,,,,,,,,,,,,,,,,,,,
S0586,MVP Health Care,"Mvp Health Plan, Inc.","MVP Health Care, Inc.",No,N/A,N/A,A,N/A,,,,,,,,,,,,,,,,,,,,,,,,,,,,,,,,,,,,,,,,,,,,
S0655,Tufts Health Plan,Tufts Insurance Company,"Tufts Associated HMO, Inc.",No,N/A,N/A,A,N/A,,,,,,,,,,,,,,,,,,,,,,,,,,,,,,,,,,,,,,,,,,,,
S1030,BlueRx (PDP),Bcbs Of Alabama & Utic Insurance Company,BlueCross BlueShield of Alabama,No,N/A,N/A,B,N/A,,,,,,,,,,,,,,,,,,,,,,,,,,,,,,,,,,,,,,,,,,,,
S1140,BlueCross BlueShield of WNY and BlueShield of NENY,Healthnow New York Inc.,HealthNow New York Inc.,No,N/A,N/A,N/A,N/A,,,,,,,,,,,,,,,,,,,,,,,,,,,,,,,,,,,,,,,,,,,,
S1822,HealthPartners,"Healthpartners, Inc.","HealthPartners, Inc.",No,N/A,N/A,A,N/A,,,,,,,,,,,,,,,,,,,,,,,,,,,,,,,,,,,,,,,,,,,,
S1894,CommunityCare Prescription Drug Plan (PDP),"Communitycare Government Programs, Inc.",St Francis Health System & St John Health System,No,N/A,N/A,N/A,N/A,,,,,,,,,,,,,,,,,,,,,,,,,,,,,,,,,,,,,,,,,,,,
S2468,Blue Shield of California,California Physicians' Service,California Physicians' Service,No,N/A,N/A,B,N/A,,,,,,,,,,,,,,,,,,,,,,,,,,,,,,,,,,,,,,,,,,,,
S2668,Farm Bureau Health Plans,Members Health Insurance Company,Tennessee Rural Health Improvement Association,No,N/A,N/A,B,N/A,,,,,,,,,,,,,,,,,,,,,,,,,,,,,,,,,,,,,,,,,,,,
S2874,Humana,"Humana Insurance Of Puerto Rico, Inc.",Humana Inc.,Yes,N/A,N/A,C,N/A,,,,,,,,,,,,,,,,,,,,,,,,,,,,,,,,,,,,,,,,,,,,
S2893,Blue MedicareRx,Anthem Insurance Co. & Bcbsma & Bcbsri & Bcbsvt,Anthem Insurance Co. & BCBSMA & BCBSRI & BCBSVT,No,N/A,N/A,B,N/A,,,,,,,,,,,,,,,,,,,,,,,,,,,,,,,,,,,,,,,,,,,,
S3285,MG Insurance Company,Mg Insurance Company,"MedImpact Holdings, Inc.",No,N/A,N/A,N/A,N/A,,,,,,,,,,,,,,,,,,,,,,,,,,,,,,,,,,,,,,,,,,,,
S3389,UPMC Health Plan,"Upmc Health Benefits, Inc.",UPMC Health System,No,N/A,N/A,A,N/A,,,,,,,,,,,,,,,,,,,,,,,,,,,,,,,,,,,,,,,,,,,,
S3521,"Excellus Health Plan, Inc","Excellus Health Plan, Inc.","Lifetime Healthcare, Inc.",No,N/A,N/A,B,N/A,,,,,,,,,,,,,,,,,,,,,,,,,,,,,,,,,,,,,,,,,,,,
S3875,Granite Alliance,Granite Alliance Insurance Company,"Magellan Health, Inc.",No,N/A,N/A,B,N/A,,,,,,,,,,,,,,,,,,,,,,,,,,,,,,,,,,,,,,,,,,,,
S3994,HMSAs Medicare Rx Plan,Hawaii Medical Service Association (hmsa),Hawaii Medical Service Association,No,N/A,N/A,N/A,N/A,,,,,,,,,,,,,,,,,,,,,,,,,,,,,,,,,,,,,,,,,,,,
S4219,Health Alliance Medicare Prescription Plan,Health Alliance Medical Plans,The Carle Foundation,No,N/A,N/A,A,N/A,,,,,,,,,,,,,,,,,,,,,,,,,,,,,,,,,,,,,,,,,,,,
S4501,Pharmacy Benefit Dimensions PDP,Independent Health Benefits Corporation,"Independent Health Association, Inc.",No,N/A,N/A,A,N/A,,,,,,,,,,,,,,,,,,,,,,,,,,,,,,,,,,,,,,,,,,,,
S4607,Magellan Rx Medicare,Merit Health Insurance Company,"Magellan Health, Inc.",No,N/A,N/A,C,N/A,,,,,,,,,,,,,,,,,,,,,,,,,,,,,,,,,,,,,,,,,,,,
S4802,WellCare,"Wellcare Prescription Insurance, Inc.","WellCare Health Plans, Inc.",No,N/A,N/A,C,N/A,,,,,,,,,,,,,,,,,,,,,,,,,,,,,,,,,,,,,,,,,,,,
S5450,BlueScripts,"Securitycare Of Tennessee, Inc.",BlueCross BlueShield of Tennessee,No,N/A,N/A,N/A,N/A,,,,,,,,,,,,,,,,,,,,,,,,,,,,,,,,,,,,,,,,,,,,
S5540,Blue Cross and Blue Shield of North Carolina,Blue Cross And Blue Shield Of North Carolina,Blue Cross and Blue Shield of North Carolina,No,N/A,N/A,B,N/A,,,,,,,,,,,,,,,,,,,,,,,,,,,,,,,,,,,,,,,,,,,,
S5552,Humana,Humana Insurance Company Of New York,Humana Inc.,No,N/A,N/A,C,N/A,,,,,,,,,,,,,,,,,,,,,,,,,,,,,,,,,,,,,,,,,,,,
S5584,Blue Cross Blue Shield of Michigan,Bcbs Of Michigan Mutual Insurance Company,Blue Cross Blue Shield of Michigan Mutual Insuranc,No,N/A,N/A,B,N/A,,,,,,,,,,,,,,,,,,,,,,,,,,,,,,,,,,,,,,,,,,,,
S5588,Paramount Prescription Drug Plan,Paramount Insurance Company,Promedica Health System,No,N/A,N/A,B,N/A,,,,,,,,,,,,,,,,,,,,,,,,,,,,,,,,,,,,,,,,,,,,
S5593,HM Health Insurance Company,Hm Health Insurance Company,Highmark Health,No,N/A,N/A,B,N/A,,,,,,,,,,,,,,,,,,,,,,,,,,,,,,,,,,,,,,,,,,,,
S5596,Blue MedicareRx,"Anthem Insurance Companies, Inc.",Anthem Inc.,No,N/A,N/A,B,N/A,,,,,,,,,,,,,,,,,,,,,,,,,,,,,,,,,,,,,,,,,,,,
S5601,SilverScript,Silverscript Insurance Company,CVS Health Corporation,No,N/A,N/A,C,N/A,,,,,,,,,,,,,,,,,,,,,,,,,,,,,,,,,,,,,,,,,,,,
S5609,Asuris Northwest Health,Asuris Northwest Health,"Cambia Health Solutions, Inc.",No,N/A,N/A,B,N/A,,,,,,,,,,,,,,,,,,,,,,,,,,,,,,,,,,,,,,,,,,,,
S5617,Cigna-HealthSpring Rx,Cigna Health And Life Insurance Company,CIGNA,No,N/A,N/A,C,N/A,,,,,,,,,,,,,,,,,,,,,,,,,,,,,,,,,,,,,,,,,,,,
S5660,Express Scripts Medicare,Medco Containment Life And Medco Containment Ny,Express Scripts Holding Company,No,N/A,N/A,B,N/A,,,,,,,,,,,,,,,,,,,,,,,,,,,,,,,,,,,,,,,,,,,,
S5715,"HISC-Blue and Cross Blue Shield of IL, NM, OK, TX",Hcsc Insurance Services Company,Health Care Service Corporation,No,N/A,N/A,C,N/A,,,,,,,,,,,,,,,,,,,,,,,,,,,,,,,,,,,,,,,,,,,,
S5726,Blue MedicareRx,Blue Cross And Blue Shield Of Kansas,Blue Cross Blue Shield of Kansas,No,N/A,N/A,B,N/A,,,,,,,,,,,,,,,,,,,,,,,,,,,,,,,,,,,,,,,,,,,,
S5743,MedicareBlue Rx,"Wellmark  Ia & Sd, & Bcbs Mn, Mt, Ne, Nd,& Wy","BCBS MN, MT, NE, ND, WY, Wellmark IA and SD",No,N/A,N/A,B,N/A,,,,,,,,,,,,,,,,,,,,,,,,,,,,,,,,,,,,,,,,,,,,
S5753,WPS Health Insurance,Wisconsin Physicians Service Insurance Corporation,Wisconsin Physicians Service Ins Corporation.,No,N/A,N/A,B,N/A,,,,,,,,,,,,,,,,,,,,,,,,,,,,,,,,,,,,,,,,,,,,
S5768,Aetna Medicare,First Health Life & Health Insurance Company,Aetna Inc.,No,N/A,N/A,B,N/A,,,,,,,,,,,,,,,,,,,,,,,,,,,,,,,,,,,,,,,,,,,,
S5795,ARKANSAS BLUE CROSS AND BLUE SHIELD,Usable Mutual Insurance Company,USAble Mutual Insurance Company,No,N/A,N/A,B,N/A,,,,,,,,,,,,,,,,,,,,,,,,,,,,,,,,,,,,,,,,,,,,
S5805,UnitedHealthcare,Unitedhealthcare Insurance Company Of New York,"UnitedHealth Group, Inc.",No,N/A,N/A,B,N/A,,,,,,,,,,,,,,,,,,,,,,,,,,,,,,,,,,,,,,,,,,,,
S5810,Aetna Medicare,Aetna Life Insurance Company,Aetna Inc.,No,N/A,N/A,C,N/A,,,,,,,,,,,,,,,,,,,,,,,,,,,,,,,,,,,,,,,,,,,,
S5820,UnitedHealthcare,Unitedhealthcare Insurance Company,"UnitedHealth Group, Inc.",No,N/A,N/A,B,N/A,,,,,,,,,,,,,,,,,,,,,,,,,,,,,,,,,,,,,,,,,,,,
S5857,Priority Health Medicare,Priority Health Insurance Company,Spectrum Health System,No,N/A,N/A,A,N/A,,,,,,,,,,,,,,,,,,,,,,,,,,,,,,,,,,,,,,,,,,,,
S5877,EMI Health,Educators Mutual Insurance Association,Educators Mutual Insurance Association,No,N/A,N/A,A,N/A,,,,,,,,,,,,,,,,,,,,,,,,,,,,,,,,,,,,,,,,,,,,
S5884,Humana,Humana Insurance Company,Humana Inc.,No,N/A,N/A,C,N/A,,,,,,,,,,,,,,,,,,,,,,,,,,,,,,,,,,,,,,,,,,,,
S5904,Florida Blue,"Blue Cross And Blue Shield Of Florida, Inc.",Guidewell Mutual Holding Corporation,No,N/A,N/A,B,N/A,,,,,,,,,,,,,,,,,,,,,,,,,,,,,,,,,,,,,,,,,,,,
S5916,Regence BlueShield of Idaho and Regence BC BS Utah,Regence Blueshield Of Idaho And Regence Bc Bs Utah,"Cambia Health Solutions, Inc.",No,N/A,N/A,B,N/A,,,,,,,,,,,,,,,,,,,,,,,,,,,,,,,,,,,,,,,,,,,,
S5921,UnitedHealthcare,Unitedhealthcare Ins. Co. & Uhc Ins. Co. Of Ny,"UnitedHealth Group, Inc.",No,N/A,N/A,C,N/A,,,,,,,,,,,,,,,,,,,,,,,,,,,,,,,,,,,,,,,,,,,,
S5953,Blue Cross Blue Shield of South Carolina,Bluecross And Blueshield Of South Carolina,BlueCross BlueShield of South Carolina (BCBSSC),No,N/A,N/A,B,N/A,,,,,,,,,,,,,,,,,,,,,,,,,,,,,,,,,,,,,,,,,,,,
S5960,UniCare,Unicare Life & Health Insurance Company,Anthem Inc.,No,N/A,N/A,B,N/A,,,,,,,,,,,,,,,,,,,,,,,,,,,,,,,,,,,,,,,,,,,,
S5966,EmblemHealth Medicare PDP,Group Health Incorporated,"EmblemHealth, Inc.",No,N/A,N/A,A,N/A,,,,,,,,,,,,,,,,,,,,,,,,,,,,,,,,,,,,,,,,,,,,
S5975,"Moda Health Plan, Inc.","Moda Health Plan, Inc.","Moda, Inc.",No,N/A,N/A,A,N/A,,,,,,,,,,,,,,,,,,,,,,,,,,,,,,,,,,,,,,,,,,,,
S5983,Express Scripts Medicare,Medco Containment Insurance Company Of New York,Express Scripts Holding Company,No,N/A,N/A,C,N/A,,,,,,,,,,,,,,,,,,,,,,,,,,,,,,,,,,,,,,,,,,,,
S5993,Horizon Blue Cross Blue Shield of New Jersey,Horizon Insurance Company,"Horizon Healthcare Services, Inc.",No,N/A,N/A,B,N/A,,,,,,,,,,,,,,,,,,,,,,,,,,,,,,,,,,,,,,,,,,,,
S6506,Blue Cross and Blue Shield of Arizona,"Blue Cross And Blue Shield Arizona, Inc.",Blue Cross Blue Shield of Arizona,No,N/A,N/A,C,N/A,,,,,,,,,,,,,,,,,,,,,,,,,,,,,,,,,,,,,,,,,,,,
S6875,Select Option,Qcc Insurance Company,"Independence Health Group, Inc.",No,N/A,N/A,A,N/A,,,,,,,,,,,,,,,,,,,,,,,,,,,,,,,,,,,,,,,,,,,,
S6986,"MII Life Insurance, Incorporated","Mii Life, Inc.","Aware Integrated, Inc.",No,N/A,N/A,C,N/A,,,,,,,,,,,,,,,,,,,,,,,,,,,,,,,,,,,,,,,,,,,,
S7126,Mutual of Omaha Rx,Omaha Health Insurance Company,Mutual of Omaha Insurance Company,No,N/A,N/A,N/A,N/A,,,,,,,,,,,,,,,,,,,,,,,,,,,,,,,,,,,,,,,,,,,,
S7694,EnvisionRx Plus,Envision Insurance Company,Rite Aid Corporation,No,N/A,N/A,C,N/A,,,,,,,,,,,,,,,,,,,,,,,,,,,,,,,,,,,,,,,,,,,,
S8067,Avalon Insurance Company,Avalon Insurance Company,Capital BlueCross,No,N/A,N/A,B,N/A,,,,,,,,,,,,,,,,,,,,,,,,,,,,,,,,,,,,,,,,,,,,
S8677,Providence Health Assurance,Providence Health Assurance,Providence Health & Services,No,N/A,N/A,N/A,N/A,,,,,,,,,,,,,,,,,,,,,,,,,,,,,,,,,,,,,,,,,,,,
S8841,"Optum Insurance of Ohio, Inc.","Optum Insurance Of Ohio, Inc.","UnitedHealth Group, Inc.",No,N/A,N/A,A,N/A,,,,,,,,,,,,,,,,,,,,,,,,,,,,,,,,,,,,,,,,,,,,
S9701,Navitus MedicareRx,"Dean Health Insurance, Inc.",SSM Healthcare Corporation,No,N/A,N/A,A,N/A,,,,,,,,,,,,,,,,,,,,,,,,,,,,,,,,,,,,,,,,,,,,
