2018 CAI View: Medicare Report Card Master Table,,,,,,,,,,,,,,,,,,,,,,,,,,,,,,,,,,,,,,,,,,,,,,,,,,,,
Contract Number,Organization Marketing Name,Contract Name,Parent Organization,Puerto Rico Only,Part C FAC,Part D MA-PD FAC,Part D PDP FAC,Overall FAC,,,,,,,,,,,,,,,,,,,,,,,,,,,,,,,,,,,,,,,,,,,,
E0654,TEAMStar Medicare Part D Prescription Drug Program,Ibt Voluntary Employee Benefits Trust,IBT Voluntary Employee Benefits Trust,No,N/A,N/A,B,N/A,,,,,,,,,,,,,,,,,,,,,,,,,,,,,,,,,,,,,,,,,,,,
E3014,Pennsylvania Public School Employees Retirement Sy,Psers Hop Program,Commonwealth of PA Pub Schools Retirement System,No,N/A,N/A,A,N/A,,,,,,,,,,,,,,,,,,,,,,,,,,,,,,,,,,,,,,,,,,,,
E4744,MISSOURI DEPARTMENT OF TRANSPORTATION,Modot/mshp Medical And Life Insurance Plan,Missouri Highways and Transportation Commission,No,N/A,N/A,B,N/A,,,,,,,,,,,,,,,,,,,,,,,,,,,,,,,,,,,,,,,,,,,,
H0028,"CHA HMO, Inc.","Cha Hmo, Inc.",Humana Inc.,No,C,B,N/A,B,,,,,,,,,,,,,,,,,,,,,,,,,,,,,,,,,,,,,,,,,,,,
H0029,Allwell,"Coordinated Care Of Washington, Inc.",Centene Corporation,No,N/A,N/A,N/A,N/A,,,,,,,,,,,,,,,,,,,,,,,,,,,,,,,,,,,,,,,,,,,,
H0062,Allwell,"Superior Healthplan Community Solutions, Inc.",Centene Corporation,No,N/A,N/A,N/A,N/A,,,,,,,,,,,,,,,,,,,,,,,,,,,,,,,,,,,,,,,,,,,,
H0088,WellCare,"Wellcare Health Insurance Of New York, Inc.","WellCare Health Plans, Inc.",No,N/A,N/A,N/A,N/A,,,,,,,,,,,,,,,,,,,,,,,,,,,,,,,,,,,,,,,,,,,,
H0104,Blue Advantage (PPO),Blue Cross And Blue Shield Of Alabama,BlueCross BlueShield of Alabama,No,C,B,N/A,D,,,,,,,,,,,,,,,,,,,,,,,,,,,,,,,,,,,,,,,,,,,,
H0107,Blue Cross and Blue Shield of Montana,Health Care Service Corporation,Health Care Service Corporation,No,B,B,N/A,B,,,,,,,,,,,,,,,,,,,,,,,,,,,,,,,,,,,,,,,,,,,,
H0111,WellCare,"Wellcare Of Georgia, Inc.","WellCare Health Plans, Inc.",No,N/A,N/A,N/A,N/A,,,,,,,,,,,,,,,,,,,,,,,,,,,,,,,,,,,,,,,,,,,,
H0150,Cigna-HealthSpring,"Healthspring Of Alabama, Inc.",CIGNA,No,D,E,N/A,F,,,,,,,,,,,,,,,,,,,,,,,,,,,,,,,,,,,,,,,,,,,,
H0154,VIVA Medicare,"Viva Health, Inc.",UAB Health System,No,D,E,N/A,F,,,,,,,,,,,,,,,,,,,,,,,,,,,,,,,,,,,,,,,,,,,,
H0169,UnitedHealthcare,"Unitedhealthcare Of The Midwest, Inc.","UnitedHealth Group, Inc.",No,N/A,N/A,N/A,N/A,,,,,,,,,,,,,,,,,,,,,,,,,,,,,,,,,,,,,,,,,,,,
H0174,"Universal American, A WellCare Company","Today's Options Of Texas, Inc.","WellCare Health Plans, Inc.",No,E,H,N/A,G,,,,,,,,,,,,,,,,,,,,,,,,,,,,,,,,,,,,,,,,,,,,
H0251,UnitedHealthcare,"Unitedhealthcare Plan Of The River Valley, Inc.","UnitedHealth Group, Inc.",No,D,G,N/A,F,,,,,,,,,,,,,,,,,,,,,,,,,,,,,,,,,,,,,,,,,,,,
H0294,UnitedHealthcare,Care Improvement Plus Wisconsin Insurance Company,"UnitedHealth Group, Inc.",No,C,B,N/A,B,,,,,,,,,,,,,,,,,,,,,,,,,,,,,,,,,,,,,,,,,,,,
H0302,Blue Cross Blue Shield of Arizona Advantage,"Medisun, Inc.","Veritage, LLC",No,B,A,N/A,B,,,,,,,,,,,,,,,,,,,,,,,,,,,,,,,,,,,,,,,,,,,,
H0321,UnitedHealthcare,"Arizona Physicians Ipa, Inc.","UnitedHealth Group, Inc.",No,E,G,N/A,G,,,,,,,,,,,,,,,,,,,,,,,,,,,,,,,,,,,,,,,,,,,,
H0332,KelseyCare Advantage,"Ks Plan Administrators, Llc","Kelsey-Seybold Medical Group, PLLC",No,A,A,N/A,A,,,,,,,,,,,,,,,,,,,,,,,,,,,,,,,,,,,,,,,,,,,,
H0351,Allwell,"Health Net Of Arizona, Inc.",Centene Corporation,No,C,B,N/A,C,,,,,,,,,,,,,,,,,,,,,,,,,,,,,,,,,,,,,,,,,,,,
H0354,Cigna,"Cigna Healthcare Of Arizona, Inc.",CIGNA,No,C,B,N/A,B,,,,,,,,,,,,,,,,,,,,,,,,,,,,,,,,,,,,,,,,,,,,
H0423,MetroPlus Health Plan,"Metroplus Health Plan, Inc.",New York City Health and Hospitals Corporation,No,D,D,N/A,E,,,,,,,,,,,,,,,,,,,,,,,,,,,,,,,,,,,,,,,,,,,,
H0432,UnitedHealthcare,"Unitedhealthcare Of Alabama, Inc.","UnitedHealth Group, Inc.",No,N/A,N/A,N/A,N/A,,,,,,,,,,,,,,,,,,,,,,,,,,,,,,,,,,,,,,,,,,,,
H0439,Cigna-HealthSpring,"Cigna Healthcare Of Georgia, Inc.",CIGNA,No,C,C,N/A,D,,,,,,,,,,,,,,,,,,,,,,,,,,,,,,,,,,,,,,,,,,,,
H0490,Molina Healthcare of Ohio,"Molina Healthcare Of Ohio, Inc.","Molina Healthcare, Inc.,",No,D,G,N/A,F,,,,,,,,,,,,,,,,,,,,,,,,,,,,,,,,,,,,,,,,,,,,
H0502,Contra Costa Health Plan,The Contra Costa Health Plan,Contra Costa Health Services,No,C,N/A,N/A,N/A,,,,,,,,,,,,,,,,,,,,,,,,,,,,,,,,,,,,,,,,,,,,
H0504,Blue Shield of California,California Physicians' Service,California Physicians' Service,No,B,A,N/A,B,,,,,,,,,,,,,,,,,,,,,,,,,,,,,,,,,,,,,,,,,,,,
H0523,Aetna Medicare,Aetna Health Of California Inc.,Aetna Inc.,No,B,B,N/A,B,,,,,,,,,,,,,,,,,,,,,,,,,,,,,,,,,,,,,,,,,,,,
H0524,Kaiser Permanente,"Kaiser Foundation Hp, Inc.","Kaiser Foundation Health Plan, Inc.",No,B,B,N/A,B,,,,,,,,,,,,,,,,,,,,,,,,,,,,,,,,,,,,,,,,,,,,
H0543,UnitedHealthcare,Uhc Of California,"UnitedHealth Group, Inc.",No,B,B,N/A,B,,,,,,,,,,,,,,,,,,,,,,,,,,,,,,,,,,,,,,,,,,,,
H0544,Anthem Blue Cross,Blue Cross Of California,Anthem Inc.,No,C,B,N/A,C,,,,,,,,,,,,,,,,,,,,,,,,,,,,,,,,,,,,,,,,,,,,
H0545,Inter Valley Health Plan,"Inter Valley Health Plan, Inc.",InterValley Health Plan,No,B,B,N/A,B,,,,,,,,,,,,,,,,,,,,,,,,,,,,,,,,,,,,,,,,,,,,
H0562,Health Net of California,"Health Net Of California,inc.",Centene Corporation,No,C,B,N/A,C,,,,,,,,,,,,,,,,,,,,,,,,,,,,,,,,,,,,,,,,,,,,
H0571,Chinese Community Health Plan,Chinese Community Health Plan,Chinese Hospital Association,No,C,D,N/A,C,,,,,,,,,,,,,,,,,,,,,,,,,,,,,,,,,,,,,,,,,,,,
H0602,Rocky Mountain Health Plans,Rocky Mountain Health Maintenance Organization,"UnitedHealth Group, Inc.",No,B,N/A,N/A,N/A,,,,,,,,,,,,,,,,,,,,,,,,,,,,,,,,,,,,,,,,,,,,
H0609,UnitedHealthcare,"Pacificare Of Colorado, Inc","UnitedHealth Group, Inc.",No,B,B,N/A,B,,,,,,,,,,,,,,,,,,,,,,,,,,,,,,,,,,,,,,,,,,,,
H0624,UnitedHealthcare,Unitedhealthcare Insurance Company,"UnitedHealth Group, Inc.",No,D,G,N/A,F,,,,,,,,,,,,,,,,,,,,,,,,,,,,,,,,,,,,,,,,,,,,
H0630,Kaiser Permanente,Kaiser Foundation Hp Of Co,"Kaiser Foundation Health Plan, Inc.",No,B,A,N/A,B,,,,,,,,,,,,,,,,,,,,,,,,,,,,,,,,,,,,,,,,,,,,
H0657,Friday Health Plans of Colorado,Colorado Choice Health Plans,Colorado Choice Health Plans,No,C,N/A,N/A,N/A,,,,,,,,,,,,,,,,,,,,,,,,,,,,,,,,,,,,,,,,,,,,
H0710,UnitedHealthcare,Unitedhealthcare Insurance Company,"UnitedHealth Group, Inc.",No,D,D,N/A,E,,,,,,,,,,,,,,,,,,,,,,,,,,,,,,,,,,,,,,,,,,,,
H0712,WellCare,"Wellcare Of Connecticut, Inc.","WellCare Health Plans, Inc.",No,D,F,N/A,F,,,,,,,,,,,,,,,,,,,,,,,,,,,,,,,,,,,,,,,,,,,,
H0724,Allwell,Buckeye Health Plan Community Solutions,Centene Corporation,No,N/A,N/A,N/A,N/A,,,,,,,,,,,,,,,,,,,,,,,,,,,,,,,,,,,,,,,,,,,,
H0735,EssentiaCare,Ucare Minnesota,UCare Minnesota,No,B,A,N/A,B,,,,,,,,,,,,,,,,,,,,,,,,,,,,,,,,,,,,,,,,,,,,
H0755,UnitedHealthcare,"Oxford Health Plans (ct), Inc.","UnitedHealth Group, Inc.",No,C,B,N/A,C,,,,,,,,,,,,,,,,,,,,,,,,,,,,,,,,,,,,,,,,,,,,
H0838,Brand New Day,"Universal Care, Inc.","Universal Care, Inc",No,D,F,N/A,F,,,,,,,,,,,,,,,,,,,,,,,,,,,,,,,,,,,,,,,,,,,,
H0904,CMC Care Advantege,Golden Cross Health Plan Corp.,CMC Care Holding Corp.,Yes,N/A,N/A,N/A,N/A,,,,,,,,,,,,,,,,,,,,,,,,,,,,,,,,,,,,,,,,,,,,
H0908,Allwell,"Buckeye Community Health Plan, Inc.",Centene Corporation,No,E,H,N/A,G,,,,,,,,,,,,,,,,,,,,,,,,,,,,,,,,,,,,,,,,,,,,
H0913,WellCare,"Wellcare Health Plans Of New Jersey, Inc.","WellCare Health Plans, Inc.",No,D,D,N/A,F,,,,,,,,,,,,,,,,,,,,,,,,,,,,,,,,,,,,,,,,,,,,
H1016,AvMed Medicare,"Avmed, Inc.","AvMed, Inc.",No,B,A,N/A,B,,,,,,,,,,,,,,,,,,,,,,,,,,,,,,,,,,,,,,,,,,,,
H1019,"CarePlus Health Plans, Inc.","Careplus Health Plans, Inc.",Humana Inc.,No,D,D,N/A,E,,,,,,,,,,,,,,,,,,,,,,,,,,,,,,,,,,,,,,,,,,,,
H1026,Florida Blue HMO,"Health Options, Inc.",Guidewell Mutual Holding Corporation,No,B,A,N/A,B,,,,,,,,,,,,,,,,,,,,,,,,,,,,,,,,,,,,,,,,,,,,
H1032,WellCare,"Wellcare Of Florida, Inc.","WellCare Health Plans, Inc.",No,D,E,N/A,F,,,,,,,,,,,,,,,,,,,,,,,,,,,,,,,,,,,,,,,,,,,,
H1035,Florida Health Care Plans,"Florida Health Care Plan, Inc.",Guidewell Mutual Holding Corporation,No,B,A,N/A,B,,,,,,,,,,,,,,,,,,,,,,,,,,,,,,,,,,,,,,,,,,,,
H1036,"Humana Medical Plan, Inc.","Humana Medical Plan, Inc.",Humana Inc.,No,C,B,N/A,C,,,,,,,,,,,,,,,,,,,,,,,,,,,,,,,,,,,,,,,,,,,,
H1045,UnitedHealthcare,"Preferred Care Partners, Inc.","UnitedHealth Group, Inc.",No,C,B,N/A,C,,,,,,,,,,,,,,,,,,,,,,,,,,,,,,,,,,,,,,,,,,,,
H1099,"Health First Health Plans, Inc.",Health First Health Plans,"Health First, Inc.",No,B,A,N/A,B,,,,,,,,,,,,,,,,,,,,,,,,,,,,,,,,,,,,,,,,,,,,
H1100,Innovation Health,Innovation Health Insurance Company,"Innovation Health Holdings, LLC",No,N/A,N/A,N/A,N/A,,,,,,,,,,,,,,,,,,,,,,,,,,,,,,,,,,,,,,,,,,,,
H1109,Aetna Medicare,Aetna Health Inc.(ga),Aetna Inc.,No,C,B,N/A,B,,,,,,,,,,,,,,,,,,,,,,,,,,,,,,,,,,,,,,,,,,,,
H1111,UnitedHealthcare,"Unitedhealthcare Of Georgia, Inc.","UnitedHealth Group, Inc.",No,C,B,N/A,D,,,,,,,,,,,,,,,,,,,,,,,,,,,,,,,,,,,,,,,,,,,,
H1112,WellCare,"Wellcare Of Georgia, Inc.","WellCare Health Plans, Inc.",No,D,F,N/A,F,,,,,,,,,,,,,,,,,,,,,,,,,,,,,,,,,,,,,,,,,,,,
H1170,Kaiser Permanente,"Kaiser Foundation Hp Of Ga, Inc.","Kaiser Foundation Health Plan, Inc.",No,B,A,N/A,B,,,,,,,,,,,,,,,,,,,,,,,,,,,,,,,,,,,,,,,,,,,,
H1181,Network Health Medicare Advantage Plans,Network Health Insurance Corporation,"Network Health, Inc.",No,A,N/A,N/A,N/A,,,,,,,,,,,,,,,,,,,,,,,,,,,,,,,,,,,,,,,,,,,,
H1189,CHRISTUS Health Plan Generations,Christus Health Plan,CHRISTUS Health Plan,No,C,C,N/A,D,,,,,,,,,,,,,,,,,,,,,,,,,,,,,,,,,,,,,,,,,,,,
H1225,Johns Hopkins HealthCare,"Hopkins Health Advantage, Inc.",Johns Hopkins Healthcare LLC,No,N/A,N/A,N/A,N/A,,,,,,,,,,,,,,,,,,,,,,,,,,,,,,,,,,,,,,,,,,,,
H1230,Kaiser Permanente,"Kaiser Foundation Hp, Inc.","Kaiser Foundation Health Plan, Inc.",No,A,A,N/A,A,,,,,,,,,,,,,,,,,,,,,,,,,,,,,,,,,,,,,,,,,,,,
H1264,WellCare,"Wellcare Of Texas, Inc.","WellCare Health Plans, Inc.",No,D,F,N/A,F,,,,,,,,,,,,,,,,,,,,,,,,,,,,,,,,,,,,,,,,,,,,
H1286,UnitedHealthcare,Unitedhealthcare Insurance Company,"UnitedHealth Group, Inc.",No,C,B,N/A,B,,,,,,,,,,,,,,,,,,,,,,,,,,,,,,,,,,,,,,,,,,,,
H1302,Blue Cross of Idaho,"Blue Cross Of Idaho Care Plus, Inc.","Blue Cross of Idaho Health Services, Inc.",No,B,N/A,N/A,N/A,,,,,,,,,,,,,,,,,,,,,,,,,,,,,,,,,,,,,,,,,,,,
H1304,Regence BlueShield Of Idaho,Regence Blueshield Of Idaho,"Cambia Health Solutions, Inc.",No,B,B,N/A,B,,,,,,,,,,,,,,,,,,,,,,,,,,,,,,,,,,,,,,,,,,,,
H1343,Fresenius Health Plans,"Fresenius Health Plans Of Texas, Inc.",Fresenius Medicare Care AG & Co. KGaA,No,N/A,N/A,N/A,N/A,,,,,,,,,,,,,,,,,,,,,,,,,,,,,,,,,,,,,,,,,,,,
H1350,Blue Cross of Idaho,"Blue Cross Of Idaho Care Plus, Inc.","Blue Cross of Idaho Health Services, Inc.",No,C,B,N/A,B,,,,,,,,,,,,,,,,,,,,,,,,,,,,,,,,,,,,,,,,,,,,
H1352,Blue Cross and Blue Shield of Kansas City (Blue KC,"Blue-advantage Plus Of Kansas City, Inc.",Blue Cross and Blue Shield of Kansas City,No,B,B,N/A,B,,,,,,,,,,,,,,,,,,,,,,,,,,,,,,,,,,,,,,,,,,,,
H1365,Martin's Point Generations Advantage,"Martin's Point Generations Advantage, Inc.","Martin's Point Health Care, Inc.",No,A,A,N/A,A,,,,,,,,,,,,,,,,,,,,,,,,,,,,,,,,,,,,,,,,,,,,
H1372,AgeRight Advantage Health Plan (HMO SNP),"Marquis Advantage, Inc.","Marquis Companies I, Inc.",No,N/A,N/A,N/A,N/A,,,,,,,,,,,,,,,,,,,,,,,,,,,,,,,,,,,,,,,,,,,,
H1415,Cigna-HealthSpring,"Healthspring Of Tennessee, Inc.",CIGNA,No,C,D,N/A,D,,,,,,,,,,,,,,,,,,,,,,,,,,,,,,,,,,,,,,,,,,,,
H1416,WellCare,"Harmony Health Plan,  Inc.","WellCare Health Plans, Inc.",No,D,F,N/A,F,,,,,,,,,,,,,,,,,,,,,,,,,,,,,,,,,,,,,,,,,,,,
H1436,Allwell,"Absolute Total Care, Inc.",Centene Corporation,No,N/A,N/A,N/A,N/A,,,,,,,,,,,,,,,,,,,,,,,,,,,,,,,,,,,,,,,,,,,,
H1463,Health Alliance Medicare,"Health Alliance Connect, Inc.",The Carle Foundation,No,B,B,N/A,B,,,,,,,,,,,,,,,,,,,,,,,,,,,,,,,,,,,,,,,,,,,,
H1468,"Humana Benefit Plan of Illinois, Inc.","Humana Benefit Plan Of Illinois, Inc.",Humana Inc.,No,B,A,N/A,B,,,,,,,,,,,,,,,,,,,,,,,,,,,,,,,,,,,,,,,,,,,,
H1537,UnitedHealthcare,Unitedhealthcare Insurance Company Of New York,"UnitedHealth Group, Inc.",No,B,B,N/A,B,,,,,,,,,,,,,,,,,,,,,,,,,,,,,,,,,,,,,,,,,,,,
H1587,Superior Select Health Plans,"Arkansas Superior Select, Inc.","Select Founders, LLC",No,E,H,N/A,G,,,,,,,,,,,,,,,,,,,,,,,,,,,,,,,,,,,,,,,,,,,,
H1607,Anthem Blue Cross and Blue Shield,"Anthem Insurance Companies, Inc.",Anthem Inc.,No,C,B,N/A,B,,,,,,,,,,,,,,,,,,,,,,,,,,,,,,,,,,,,,,,,,,,,
H1608,Coventry Health Care,Coventry Health And Life Insurance Company,Aetna Inc.,No,C,B,N/A,B,,,,,,,,,,,,,,,,,,,,,,,,,,,,,,,,,,,,,,,,,,,,
H1609,Coventry Health Care,Aetna Health Inc. (fl),Aetna Inc.,No,C,B,N/A,B,,,,,,,,,,,,,,,,,,,,,,,,,,,,,,,,,,,,,,,,,,,,
H1610,Aetna Better Health of Virginia,"Aetna Better Health, Inc. (va)",Aetna Inc.,No,N/A,N/A,N/A,N/A,,,,,,,,,,,,,,,,,,,,,,,,,,,,,,,,,,,,,,,,,,,,
H1651,"Medical Associates Health Plan, Inc.","Medical Associates Health Plan, Inc.","Medical Associates Clinic, P.C.",No,A,N/A,N/A,N/A,,,,,,,,,,,,,,,,,,,,,,,,,,,,,,,,,,,,,,,,,,,,
H1659,Piedmont Medicare Advantage,"Piedmont Community Healthcare, Inc.",Piedmont Community Health Plan,No,C,C,N/A,D,,,,,,,,,,,,,,,,,,,,,,,,,,,,,,,,,,,,,,,,,,,,
H1660,"Harvard Pilgrim Health Care, Inc.",Harvard Pilgrim Health Care Inc.,"Harvard Pilgrim Health Care, Inc.",No,B,A,N/A,B,,,,,,,,,,,,,,,,,,,,,,,,,,,,,,,,,,,,,,,,,,,,
H1664,Allwell,"Home State Health Plan, Inc.",Centene Corporation,No,N/A,N/A,N/A,N/A,,,,,,,,,,,,,,,,,,,,,,,,,,,,,,,,,,,,,,,,,,,,
H1666,Blue Cross Blue Shield of Texas,Hcsc Insurance Services Company,Health Care Service Corporation,No,B,B,N/A,B,,,,,,,,,,,,,,,,,,,,,,,,,,,,,,,,,,,,,,,,,,,,
H1692,Coventry Health Care,"Coventry Health Care Of West Virginia, Inc.",Aetna Inc.,No,C,E,N/A,D,,,,,,,,,,,,,,,,,,,,,,,,,,,,,,,,,,,,,,,,,,,,
H1737,Health Alliance Medicare,"Health Alliance - Midwest, Inc.",The Carle Foundation,No,B,B,N/A,B,,,,,,,,,,,,,,,,,,,,,,,,,,,,,,,,,,,,,,,,,,,,
H1777,ArchCare Advantage,"Catholic Special Needs Plan, Llc",Catholic Health Care System,No,D,D,N/A,E,,,,,,,,,,,,,,,,,,,,,,,,,,,,,,,,,,,,,,,,,,,,
H1787,Great Plains Medicare Advantage,"Good Samaritan Insurance Plan Of South Dakota, Inc","Good Samaritan Insurance Plan, LLC",No,N/A,N/A,N/A,N/A,,,,,,,,,,,,,,,,,,,,,,,,,,,,,,,,,,,,,,,,,,,,
H1846,MediGold,Mount Carmel Health Insurance Company,Trinity Health,No,B,A,N/A,B,,,,,,,,,,,,,,,,,,,,,,,,,,,,,,,,,,,,,,,,,,,,
H1894,AMERIGROUP,"Amerigroup Washington, Inc.",Anthem Inc.,No,C,D,N/A,D,,,,,,,,,,,,,,,,,,,,,,,,,,,,,,,,,,,,,,,,,,,,
H1944,UnitedHealthcare,"Unitedhealthcare Of New England, Inc.","UnitedHealth Group, Inc.",No,C,B,N/A,B,,,,,,,,,,,,,,,,,,,,,,,,,,,,,,,,,,,,,,,,,,,,
H1951,"Humana Health Benefit Plan of Louisiana, Inc.","Humana Health Benefit Plan Of Louisiana, Inc.",Humana Inc.,No,C,B,N/A,B,,,,,,,,,,,,,,,,,,,,,,,,,,,,,,,,,,,,,,,,,,,,
H1961,Peoples Health,"Peoples Health, Inc.","PH Holdings, LLC",No,C,C,N/A,D,,,,,,,,,,,,,,,,,,,,,,,,,,,,,,,,,,,,,,,,,,,,
H1969,Regence BlueShield of Idaho,Regence Blueshield Of Idaho,"Cambia Health Solutions, Inc.",No,B,B,N/A,B,,,,,,,,,,,,,,,,,,,,,,,,,,,,,,,,,,,,,,,,,,,,
H1994,SelectHealth,"Selecthealth, Inc.","Intermountain Health Care, Inc.",No,B,A,N/A,B,,,,,,,,,,,,,,,,,,,,,,,,,,,,,,,,,,,,,,,,,,,,
H1997,Regence BlueShield,Regence Blueshield,"Cambia Health Solutions, Inc.",No,B,A,N/A,B,,,,,,,,,,,,,,,,,,,,,,,,,,,,,,,,,,,,,,,,,,,,
H2001,UnitedHealthcare,"Sierra Health And Life Insurance Company, Inc.","UnitedHealth Group, Inc.",No,A,A,N/A,A,,,,,,,,,,,,,,,,,,,,,,,,,,,,,,,,,,,,,,,,,,,,
H2029,"Humana Insurance of Puerto Rico, Inc.","Humana Insurance Of Puerto Rico, Inc.",Humana Inc.,Yes,D,D,N/A,C,,,,,,,,,,,,,,,,,,,,,,,,,,,,,,,,,,,,,,,,,,,,
H2032,Baylor Scott & White Health Plan,Insurance Company Of Scott And White,Baylor Scott & White Holdings,No,N/A,N/A,N/A,N/A,,,,,,,,,,,,,,,,,,,,,,,,,,,,,,,,,,,,,,,,,,,,
H2034,Community Care,"Community Care Health Plan, Inc.","Community Care, Inc.",No,D,G,N/A,F,,,,,,,,,,,,,,,,,,,,,,,,,,,,,,,,,,,,,,,,,,,,
H2108,Cigna-HealthSpring,"Bravo Health Mid-atlantic, Inc.",CIGNA,No,D,D,N/A,E,,,,,,,,,,,,,,,,,,,,,,,,,,,,,,,,,,,,,,,,,,,,
H2150,Kaiser Permanente,Kaiser Fndn Hp Of The Mid-atlantic Sts,"Kaiser Foundation Health Plan, Inc.",No,B,A,N/A,B,,,,,,,,,,,,,,,,,,,,,,,,,,,,,,,,,,,,,,,,,,,,
H2161,Upper Peninsula Health Plan,"Upper Peninsula Health Plan, Llc","DLP Marquette General Hospital, LLC",No,C,E,N/A,D,,,,,,,,,,,,,,,,,,,,,,,,,,,,,,,,,,,,,,,,,,,,
H2168,VillageCareMAX,Village Senior Services Corporation,"Village Care of New York, Inc.",No,N/A,N/A,N/A,N/A,,,,,,,,,,,,,,,,,,,,,,,,,,,,,,,,,,,,,,,,,,,,
H2171,Care N' Care Insurance Company,"Care N' Care Insurance Company, Inc.",North Texas Specialty Physicians,No,C,C,N/A,D,,,,,,,,,,,,,,,,,,,,,,,,,,,,,,,,,,,,,,,,,,,,
H2172,Kaiser Permanente,Kaiser Fdtn Hlth Plan Of The Mid-atlantic States,"Kaiser Foundation Health Plan, Inc.",No,B,A,N/A,B,,,,,,,,,,,,,,,,,,,,,,,,,,,,,,,,,,,,,,,,,,,,
H2174,Trillium Medicare Advantage,Trillium Community Health Plan,Centene Corporation,No,D,G,N/A,F,,,,,,,,,,,,,,,,,,,,,,,,,,,,,,,,,,,,,,,,,,,,
H2185,LifeWorks Advantage (HMO SNP),"Lifeworks Advantage, Llc","MFA Lifeworks, LLC",No,N/A,N/A,N/A,N/A,,,,,,,,,,,,,,,,,,,,,,,,,,,,,,,,,,,,,,,,,,,,
H2224,Senior Whole Health,"Senior Whole Health, Llc","SWH Holdings, Inc.",No,D,D,N/A,E,,,,,,,,,,,,,,,,,,,,,,,,,,,,,,,,,,,,,,,,,,,,
H2225,"Commonwealth Care Alliance, Inc.","Commonwealth Care Alliance, Inc.","Commonwealth Care Alliance, Inc.",No,E,D,N/A,E,,,,,,,,,,,,,,,,,,,,,,,,,,,,,,,,,,,,,,,,,,,,
H2226,UnitedHealthcare,Unitedhealthcare Insurance Company,"UnitedHealth Group, Inc.",No,D,D,N/A,E,,,,,,,,,,,,,,,,,,,,,,,,,,,,,,,,,,,,,,,,,,,,
H2228,UnitedHealthcare,Unitedhealthcare Insurance Company,"UnitedHealth Group, Inc.",No,C,D,N/A,D,,,,,,,,,,,,,,,,,,,,,,,,,,,,,,,,,,,,,,,,,,,,
H2230,Blue Cross Blue Shield of Massachusetts,"Bcbs  Of Massachusetts Hmo Blue, Inc.","Blue Cross and Blue Shield of Massachusetts, Inc.",No,A,A,N/A,A,,,,,,,,,,,,,,,,,,,,,,,,,,,,,,,,,,,,,,,,,,,,
H2237,iCare,"Independent Care Health Plan, Inc.",Independent Care Health Plan Inc.,No,E,H,N/A,G,,,,,,,,,,,,,,,,,,,,,,,,,,,,,,,,,,,,,,,,,,,,
H2241,Golden State,Golden State Medicare Health Plan,Golden State Medicare Health Plan,No,B,A,N/A,B,,,,,,,,,,,,,,,,,,,,,,,,,,,,,,,,,,,,,,,,,,,,
H2247,UnitedHealthcare,"Unitedhealthcare Community Plan, Inc.","UnitedHealth Group, Inc.",No,N/A,N/A,N/A,N/A,,,,,,,,,,,,,,,,,,,,,,,,,,,,,,,,,,,,,,,,,,,,
H2256,Tufts Health Plan,Tufts Associated Health Maintenance Organization,"Tufts Associated HMO, Inc.",No,B,A,N/A,B,,,,,,,,,,,,,,,,,,,,,,,,,,,,,,,,,,,,,,,,,,,,
H2261,Blue Cross Blue Shield of Massachusetts,"Bcbs  Of Massachusetts Hmo Blue, Inc.","Blue Cross and Blue Shield of Massachusetts, Inc.",No,B,A,N/A,B,,,,,,,,,,,,,,,,,,,,,,,,,,,,,,,,,,,,,,,,,,,,
H2320,Priority Health Medicare,Priority Health,Spectrum Health System,No,B,A,N/A,B,,,,,,,,,,,,,,,,,,,,,,,,,,,,,,,,,,,,,,,,,,,,
H2322,HAP Senior Plus (PPO),Alliance Health And Life Insurance Company,Henry Ford Health System,No,B,A,N/A,A,,,,,,,,,,,,,,,,,,,,,,,,,,,,,,,,,,,,,,,,,,,,
H2334,Eon Health,"Eon Health, Inc. (sc)","Eon Health Plan, LLC",No,N/A,N/A,N/A,N/A,,,,,,,,,,,,,,,,,,,,,,,,,,,,,,,,,,,,,,,,,,,,
H2354,HAP Senior Plus,Health Alliance Plan Of Michigan,Henry Ford Health System,No,B,A,N/A,B,,,,,,,,,,,,,,,,,,,,,,,,,,,,,,,,,,,,,,,,,,,,
H2392,Kansas Superior Select,"Kansas Superior Select, Inc.",Kansas Superior Select,No,N/A,N/A,N/A,N/A,,,,,,,,,,,,,,,,,,,,,,,,,,,,,,,,,,,,,,,,,,,,
H2400,Signature Advantage (HMO SNP),"Signature Advantage, Llc","SA Plan, LLC",No,D,G,N/A,F,,,,,,,,,,,,,,,,,,,,,,,,,,,,,,,,,,,,,,,,,,,,
H2406,UnitedHealthcare,"Sierra Health And Life Insurance Company, Inc.","UnitedHealth Group, Inc.",No,C,B,N/A,C,,,,,,,,,,,,,,,,,,,,,,,,,,,,,,,,,,,,,,,,,,,,
H2416,PrimeWest Health,Primewest Rural Mn Health Care Access Initiative,PrimeWest Rural MN Health Care Access Initiative,No,E,D,N/A,E,,,,,,,,,,,,,,,,,,,,,,,,,,,,,,,,,,,,,,,,,,,,
H2417,Itasca Medical Care/IMCare Classic,Itasca Medical Care,Itasca County Health & Human Services,No,E,D,N/A,E,,,,,,,,,,,,,,,,,,,,,,,,,,,,,,,,,,,,,,,,,,,,
H2419,South Country Health Alliance,South Country Health Alliance,South Country Health Alliance,No,E,D,N/A,E,,,,,,,,,,,,,,,,,,,,,,,,,,,,,,,,,,,,,,,,,,,,
H2422,HealthPartners,"Healthpartners, Inc.","HealthPartners, Inc.",No,D,D,N/A,E,,,,,,,,,,,,,,,,,,,,,,,,,,,,,,,,,,,,,,,,,,,,
H2425,Blue Plus,Blue Plus,"Aware Integrated, Inc.",No,E,D,N/A,E,,,,,,,,,,,,,,,,,,,,,,,,,,,,,,,,,,,,,,,,,,,,
H2450,Medica Insurance Company,Medica Insurance Company,Medica Holding Company,No,A,A,N/A,A,,,,,,,,,,,,,,,,,,,,,,,,,,,,,,,,,,,,,,,,,,,,
H2456,UCare's MSHO,Ucare Minnesota,UCare Minnesota,No,E,D,N/A,E,,,,,,,,,,,,,,,,,,,,,,,,,,,,,,,,,,,,,,,,,,,,
H2458,Medica Health Plans,Medica Health Plans,Medica Holding Company,No,E,D,N/A,E,,,,,,,,,,,,,,,,,,,,,,,,,,,,,,,,,,,,,,,,,,,,
H2459,UCare,Ucare Minnesota,UCare Minnesota,No,A,A,N/A,A,,,,,,,,,,,,,,,,,,,,,,,,,,,,,,,,,,,,,,,,,,,,
H2461,Blue Cross and Blue Shield of Minnesota,Blue Cross And Blue Shield Of Minnesota,"Aware Integrated, Inc.",No,A,A,N/A,A,,,,,,,,,,,,,,,,,,,,,,,,,,,,,,,,,,,,,,,,,,,,
H2462,HealthPartners,"Group Health Plan, Inc. (mn)","HealthPartners, Inc.",No,A,A,N/A,A,,,,,,,,,,,,,,,,,,,,,,,,,,,,,,,,,,,,,,,,,,,,
H2486,"Humana Medical Plan of Utah, Inc.","Humana Medical Plan Of Utah, Inc.",Humana Inc.,No,C,B,N/A,D,,,,,,,,,,,,,,,,,,,,,,,,,,,,,,,,,,,,,,,,,,,,
H2491,WellCare Health Plan,"Wellcare Health Insurance Of Arizona, Inc.","WellCare Health Plans, Inc.",No,D,G,N/A,F,,,,,,,,,,,,,,,,,,,,,,,,,,,,,,,,,,,,,,,,,,,,
H2563,Optima Medicare,Optima Health Plan,Sentara Health Care (SHC),No,C,C,N/A,D,,,,,,,,,,,,,,,,,,,,,,,,,,,,,,,,,,,,,,,,,,,,
H2591,Health Alliance Medicare,"Health Alliance - Midwest, Inc.",The Carle Foundation,No,B,A,N/A,B,,,,,,,,,,,,,,,,,,,,,,,,,,,,,,,,,,,,,,,,,,,,
H2593,"CareMore Health Plan of Arizona, Inc.","Caremore Health Plan Of Arizona, Inc.",Anthem Inc.,No,C,B,N/A,D,,,,,,,,,,,,,,,,,,,,,,,,,,,,,,,,,,,,,,,,,,,,
H2610,Essence Healthcare,"Essence Healthcare, Inc.",Essence Group Holdings Corporation,No,B,A,N/A,B,,,,,,,,,,,,,,,,,,,,,,,,,,,,,,,,,,,,,,,,,,,,
H2649,"Humana Health Plan, Inc.","Humana Health Plan, Inc.",Humana Inc.,No,C,C,N/A,D,,,,,,,,,,,,,,,,,,,,,,,,,,,,,,,,,,,,,,,,,,,,
H2663,Coventry Health Care,"Coventry Health Care Of Missouri, Inc",Aetna Inc.,No,B,A,N/A,B,,,,,,,,,,,,,,,,,,,,,,,,,,,,,,,,,,,,,,,,,,,,
H2758,Florida Blue Preferred HMO,"Behealthy Florida, Inc.",Guidewell Mutual Holding Corporation,No,C,B,N/A,B,,,,,,,,,,,,,,,,,,,,,,,,,,,,,,,,,,,,,,,,,,,,
H2773,QUALITY HEALTH PLANS,"Quality Health Plans Of New York, Inc.","QHP Financial Group, Inc.",No,C,B,N/A,D,,,,,,,,,,,,,,,,,,,,,,,,,,,,,,,,,,,,,,,,,,,,
H2775,"Universal American, A WellCare Company",American Progressive Life & Hlth Ins Company Of Ny,"WellCare Health Plans, Inc.",No,C,B,N/A,C,,,,,,,,,,,,,,,,,,,,,,,,,,,,,,,,,,,,,,,,,,,,
H2802,UnitedHealthcare,"Unitedhealthcare Of The Midlands, Inc.","UnitedHealth Group, Inc.",No,C,B,N/A,B,,,,,,,,,,,,,,,,,,,,,,,,,,,,,,,,,,,,,,,,,,,,
H2816,"Universal American, A WellCare Company",American Progressive Life & Hlth Ins Company Of Ny,"WellCare Health Plans, Inc.",No,C,B,N/A,C,,,,,,,,,,,,,,,,,,,,,,,,,,,,,,,,,,,,,,,,,,,,
H2829,Innovation Health,"Innovation Health Plan, Inc.","Innovation Health Holdings, LLC",No,N/A,N/A,N/A,N/A,,,,,,,,,,,,,,,,,,,,,,,,,,,,,,,,,,,,,,,,,,,,
H2836,Anthem Blue Cross and Blue Shield,"Anthem Health Plans, Inc.",Anthem Inc.,No,N/A,N/A,N/A,N/A,,,,,,,,,,,,,,,,,,,,,,,,,,,,,,,,,,,,,,,,,,,,
H2879,Molina Healthcare of Wisconsin,Molina Healthcare Of Wisconsin,"Molina Healthcare, Inc.,",No,D,G,N/A,F,,,,,,,,,,,,,,,,,,,,,,,,,,,,,,,,,,,,,,,,,,,,
H2906,Senior Care Plus,"Hometown Health Plan, Inc.",Renown Health,No,C,B,N/A,B,,,,,,,,,,,,,,,,,,,,,,,,,,,,,,,,,,,,,,,,,,,,
H2915,Allwell,"Pennsylvania Health And Wellness, Inc.",Centene Corporation,No,N/A,N/A,N/A,N/A,,,,,,,,,,,,,,,,,,,,,,,,,,,,,,,,,,,,,,,,,,,,
H2926,PrimeWest Health,Primewest Rural Mn Health Care Access Initiative,PrimeWest Rural MN Health Care Access Initiative,No,E,H,N/A,G,,,,,,,,,,,,,,,,,,,,,,,,,,,,,,,,,,,,,,,,,,,,
H2931,UnitedHealthcare,"Health Plan Of Nevada, Inc.","UnitedHealth Group, Inc.",No,C,B,N/A,B,,,,,,,,,,,,,,,,,,,,,,,,,,,,,,,,,,,,,,,,,,,,
H2944,Humana Insurance Company,Humana Insurance Company,Humana Inc.,No,C,C,N/A,D,,,,,,,,,,,,,,,,,,,,,,,,,,,,,,,,,,,,,,,,,,,,
H2960,Senior Care Plus,"Hometown Health Plan, Inc.",Renown Health,No,B,A,N/A,B,,,,,,,,,,,,,,,,,,,,,,,,,,,,,,,,,,,,,,,,,,,,
H2962,Ultimate Health Plans,"Ultimate Health Plans, Inc.","ULTIMATE HEALTH PLAN, INC.",No,C,B,N/A,B,,,,,,,,,,,,,,,,,,,,,,,,,,,,,,,,,,,,,,,,,,,,
H2968,Memorial Hermann Health Plan,Memorial Hermann Health Insurance Company,Memorial Hermann Health System,No,B,A,N/A,B,,,,,,,,,,,,,,,,,,,,,,,,,,,,,,,,,,,,,,,,,,,,
H2986,Stanford Health Care Advantage,Stanford Healthcare Advantage,Stanford Health Care,No,A,A,N/A,A,,,,,,,,,,,,,,,,,,,,,,,,,,,,,,,,,,,,,,,,,,,,
H3054,Constellation Health,"Constellation Health, Llc.","Constellation Health, LLC.",Yes,E,H,N/A,G,,,,,,,,,,,,,,,,,,,,,,,,,,,,,,,,,,,,,,,,,,,,
H3071,"Community Care Alliance of Illinois, NFP","Community Care Alliance Of Illinois, Nfp",Family Health Network,No,D,F,N/A,F,,,,,,,,,,,,,,,,,,,,,,,,,,,,,,,,,,,,,,,,,,,,
H3113,UnitedHealthcare,"Oxford Health Plans (nj), Inc.","UnitedHealth Group, Inc.",No,D,G,N/A,F,,,,,,,,,,,,,,,,,,,,,,,,,,,,,,,,,,,,,,,,,,,,
H3132,AHF,"Ahf Mco Of Florida, Inc.",AIDS Healthcare Foundation,No,D,F,N/A,F,,,,,,,,,,,,,,,,,,,,,,,,,,,,,,,,,,,,,,,,,,,,
H3152,Aetna Medicare,Aetna Health Inc. (nj),Aetna Inc.,No,B,B,N/A,B,,,,,,,,,,,,,,,,,,,,,,,,,,,,,,,,,,,,,,,,,,,,
H3154,Horizon Blue Cross Blue Shield of New Jersey,Horizon Insurance Company,"Horizon Healthcare Services, Inc.",No,C,B,N/A,B,,,,,,,,,,,,,,,,,,,,,,,,,,,,,,,,,,,,,,,,,,,,
H3170,Blue Cross and Blue Shield of Nebraska,"Sapphire Edge, Inc.",Blue Cross Blue Shield of Nebraska,No,N/A,N/A,N/A,N/A,,,,,,,,,,,,,,,,,,,,,,,,,,,,,,,,,,,,,,,,,,,,
H3204,Presbyterian Health Plan,Presbyterian Health Plan,Presbyterian Healthcare Services,No,B,A,N/A,B,,,,,,,,,,,,,,,,,,,,,,,,,,,,,,,,,,,,,,,,,,,,
H3206,"Presbyterian Insurance Company, Inc.","Presbyterian Insurance Company, Inc.",Presbyterian Healthcare Services,No,A,A,N/A,A,,,,,,,,,,,,,,,,,,,,,,,,,,,,,,,,,,,,,,,,,,,,
H3227,Kalos Health Plan,Erieniagara Mltc,ErieNiagara MLTC,No,N/A,N/A,N/A,N/A,,,,,,,,,,,,,,,,,,,,,,,,,,,,,,,,,,,,,,,,,,,,
H3233,Premier Health Plan,Premier Health Insuring Corporation,Premier Health Partners,No,C,B,N/A,B,,,,,,,,,,,,,,,,,,,,,,,,,,,,,,,,,,,,,,,,,,,,
H3240,Amerigroup Community Care,"Amerigroup New Jersey, Inc.",Anthem Inc.,No,E,G,N/A,G,,,,,,,,,,,,,,,,,,,,,,,,,,,,,,,,,,,,,,,,,,,,
H3251,Blue Cross Blue Shield of New Mexico,Health Care Service Corporation,Health Care Service Corporation,No,C,B,N/A,B,,,,,,,,,,,,,,,,,,,,,,,,,,,,,,,,,,,,,,,,,,,,
H3259,BlueCare Plus Tennessee,Volunteer State Health Plan,BlueCross BlueShield of Tennessee,No,E,H,N/A,G,,,,,,,,,,,,,,,,,,,,,,,,,,,,,,,,,,,,,,,,,,,,
H3262,Fresenius Health Plans,"Fresenius Health Plans Of New York, Inc.",Fresenius Medicare Care AG & Co. KGaA,No,N/A,N/A,N/A,N/A,,,,,,,,,,,,,,,,,,,,,,,,,,,,,,,,,,,,,,,,,,,,
H3291,PruittHealth Premier (HMO SNP),"Pruitthealth Premier, Inc.","UNICO Premier, LLC",No,D,G,N/A,F,,,,,,,,,,,,,,,,,,,,,,,,,,,,,,,,,,,,,,,,,,,,
H3305,MVP HEALTH CARE,"Mvp Health Plan, Inc.","MVP Health Care, Inc.",No,A,A,N/A,A,,,,,,,,,,,,,,,,,,,,,,,,,,,,,,,,,,,,,,,,,,,,
H3307,UnitedHealthcare,"Oxford Health Plans (ny), Inc.","UnitedHealth Group, Inc.",No,C,B,N/A,B,,,,,,,,,,,,,,,,,,,,,,,,,,,,,,,,,,,,,,,,,,,,
H3312,Aetna Medicare,Aetna Health Inc. (ny),Aetna Inc.,No,B,A,N/A,B,,,,,,,,,,,,,,,,,,,,,,,,,,,,,,,,,,,,,,,,,,,,
H3314,HIP Health Plan of Greater New York,Health Insurance Plan Of Greater New York,"EmblemHealth, Inc.",No,B,N/A,N/A,N/A,,,,,,,,,,,,,,,,,,,,,,,,,,,,,,,,,,,,,,,,,,,,
H3328,Fidelis Care,"The New York State Catholic Health Plan, Inc.","The New York State Catholic Health Plan, Inc.",No,D,D,N/A,E,,,,,,,,,,,,,,,,,,,,,,,,,,,,,,,,,,,,,,,,,,,,
H3330,EmblemHealth Medicare HMO,Health Insurance Plan Of Greater New York,"EmblemHealth, Inc.",No,C,B,N/A,B,,,,,,,,,,,,,,,,,,,,,,,,,,,,,,,,,,,,,,,,,,,,
H3335,"Excellus Health Plan, Inc","Excellus Health Plan, Inc.","Lifetime Healthcare, Inc.",No,B,A,N/A,B,,,,,,,,,,,,,,,,,,,,,,,,,,,,,,,,,,,,,,,,,,,,
H3342,Empire BlueCross BlueShield,"Empire Healthchoice Assurance, Inc.",Anthem Inc.,No,A,A,N/A,A,,,,,,,,,,,,,,,,,,,,,,,,,,,,,,,,,,,,,,,,,,,,
H3344,Independent Health,Independent Health Benefits Corporation,"Independent Health Association, Inc.",No,A,A,N/A,A,,,,,,,,,,,,,,,,,,,,,,,,,,,,,,,,,,,,,,,,,,,,
H3347,Elderplan,"Elderplan, Inc.","Elderplan, Inc.",No,D,D,N/A,E,,,,,,,,,,,,,,,,,,,,,,,,,,,,,,,,,,,,,,,,,,,,
H3351,"Excellus Health Plan, Inc","Excellus Health Plan, Inc.","Lifetime Healthcare, Inc.",No,B,A,N/A,B,,,,,,,,,,,,,,,,,,,,,,,,,,,,,,,,,,,,,,,,,,,,
H3359,Healthfirst Medicare Plan,"Healthfirst Health Plan, Inc.","Healthfirst, Inc.",No,D,D,N/A,E,,,,,,,,,,,,,,,,,,,,,,,,,,,,,,,,,,,,,,,,,,,,
H3361,WellCare,"Wellcare Of New York, Inc.","WellCare Health Plans, Inc.",No,D,D,N/A,E,,,,,,,,,,,,,,,,,,,,,,,,,,,,,,,,,,,,,,,,,,,,
H3362,Independent Health,"Independent Health Association, Inc.","Independent Health Association, Inc.",No,B,A,N/A,B,,,,,,,,,,,,,,,,,,,,,,,,,,,,,,,,,,,,,,,,,,,,
H3379,UnitedHealthcare,"Unitedhealthcare Of New York, Inc.","UnitedHealth Group, Inc.",No,C,B,N/A,C,,,,,,,,,,,,,,,,,,,,,,,,,,,,,,,,,,,,,,,,,,,,
H3384,BlueCross BlueShield of WNY and BlueShield of NENY,Healthnow New York Inc.,HealthNow New York Inc.,No,B,B,N/A,B,,,,,,,,,,,,,,,,,,,,,,,,,,,,,,,,,,,,,,,,,,,,
H3387,UnitedHealthcare,"Unitedhealthcare Of New York, Inc.","UnitedHealth Group, Inc.",No,E,D,N/A,E,,,,,,,,,,,,,,,,,,,,,,,,,,,,,,,,,,,,,,,,,,,,
H3388,CDPHP Medicare Choices,"Capital District Physicians' Health Plan, Inc.","Capital District Physicians' Health Plan, Inc.",No,B,A,N/A,B,,,,,,,,,,,,,,,,,,,,,,,,,,,,,,,,,,,,,,,,,,,,
H3404,Blue Cross and Blue Shield of North Carolina,Blue Cross And Blue Shield Of North Carolina,Blue Cross and Blue Shield of North Carolina,No,B,B,N/A,B,,,,,,,,,,,,,,,,,,,,,,,,,,,,,,,,,,,,,,,,,,,,
H3416,HealthPartners UnityPoint Health,"Healthpartners Unitypoint Health, Inc.","HealthPartners UnityPoint Health, Inc.",No,N/A,N/A,N/A,N/A,,,,,,,,,,,,,,,,,,,,,,,,,,,,,,,,,,,,,,,,,,,,
H3447,Anthem HealthKeepers,"Healthkeepers, Inc.",Anthem Inc.,No,C,C,N/A,D,,,,,,,,,,,,,,,,,,,,,,,,,,,,,,,,,,,,,,,,,,,,
H3449,Blue Cross and Blue Shield of North Carolina,Blue Cross And Blue Shield Of North Carolina,Blue Cross and Blue Shield of North Carolina,No,C,B,N/A,B,,,,,,,,,,,,,,,,,,,,,,,,,,,,,,,,,,,,,,,,,,,,
H3464,UnitedHealthcare,"Unitedhealthcare Of Arkansas, Inc.","UnitedHealth Group, Inc.",No,N/A,N/A,N/A,N/A,,,,,,,,,,,,,,,,,,,,,,,,,,,,,,,,,,,,,,,,,,,,
H3471,Health Alliance Northwest,Health Alliance Northwest Health Plan,The Carle Foundation,No,C,B,N/A,B,,,,,,,,,,,,,,,,,,,,,,,,,,,,,,,,,,,,,,,,,,,,
H3499,Allwell,Coordinated Care Corporation,Centene Corporation,No,N/A,N/A,N/A,N/A,,,,,,,,,,,,,,,,,,,,,,,,,,,,,,,,,,,,,,,,,,,,
H3503,Sanford Heart of America Health Plan,Sanford Heart Of America Health Plan,Sanford,No,B,N/A,N/A,N/A,,,,,,,,,,,,,,,,,,,,,,,,,,,,,,,,,,,,,,,,,,,,
H3528,"ConnectiCare, Inc.","Connecticare, Inc.","EmblemHealth, Inc.",No,C,B,N/A,C,,,,,,,,,,,,,,,,,,,,,,,,,,,,,,,,,,,,,,,,,,,,
H3533,"Humana Health Company of New York, Inc.","Humana Health Company Of New York, Inc.",Humana Inc.,No,C,C,N/A,D,,,,,,,,,,,,,,,,,,,,,,,,,,,,,,,,,,,,,,,,,,,,
H3536,Anthem Blue Cross and Blue Shield,"Matthew Thornton Health Plan, Inc.",Anthem Inc.,No,C,C,N/A,D,,,,,,,,,,,,,,,,,,,,,,,,,,,,,,,,,,,,,,,,,,,,
H3561,"HEALTH NET COMMUNITY SOLUTIONS, INC.","Health Net Community Solutions, Inc.",Centene Corporation,No,D,D,N/A,E,,,,,,,,,,,,,,,,,,,,,,,,,,,,,,,,,,,,,,,,,,,,
H3572,AHF,"Ahf Mco Of Georgia, Inc.",AIDS Healthcare Foundation,No,N/A,N/A,N/A,N/A,,,,,,,,,,,,,,,,,,,,,,,,,,,,,,,,,,,,,,,,,,,,
H3597,Aetna Medicare,Aetna Health Inc. (me),Aetna Inc.,No,C,B,N/A,B,,,,,,,,,,,,,,,,,,,,,,,,,,,,,,,,,,,,,,,,,,,,
H3653,Paramount Elite,"Paramount Care, Inc.",Promedica Health System,No,B,A,N/A,B,,,,,,,,,,,,,,,,,,,,,,,,,,,,,,,,,,,,,,,,,,,,
H3655,Anthem Blue Cross and Blue Shield,Community Insurance Company,Anthem Inc.,No,C,B,N/A,B,,,,,,,,,,,,,,,,,,,,,,,,,,,,,,,,,,,,,,,,,,,,
H3660,SummaCare Medicare Advantage Plans,Summacare Inc.,Summa Health System Community,No,B,A,N/A,B,,,,,,,,,,,,,,,,,,,,,,,,,,,,,,,,,,,,,,,,,,,,
H3664,PrimeTime Health Plan,Aultcare Health Insuring Corporation,Aultman Health Foundation,No,A,A,N/A,A,,,,,,,,,,,,,,,,,,,,,,,,,,,,,,,,,,,,,,,,,,,,
H3668,MediGold,"Mount Carmel Health Plan, Inc.",Trinity Health,No,B,A,N/A,B,,,,,,,,,,,,,,,,,,,,,,,,,,,,,,,,,,,,,,,,,,,,
H3672,The Health Plan,Health Plan Of The Upper Ohio Valley,Health Plan of the Upper Ohio Valley,No,B,B,N/A,B,,,,,,,,,,,,,,,,,,,,,,,,,,,,,,,,,,,,,,,,,,,,
H3706,GlobalHealth,"Globalhealth, Inc.","Momentum Health Holdings, LLC",No,C,C,N/A,D,,,,,,,,,,,,,,,,,,,,,,,,,,,,,,,,,,,,,,,,,,,,
H3708,Tribute Health Plan of Oklahoma,"Oklahoma Superior Select, Inc.","Healthcare Investors, LLC",No,D,G,N/A,F,,,,,,,,,,,,,,,,,,,,,,,,,,,,,,,,,,,,,,,,,,,,
H3749,UnitedHealthcare,"Unitedhealthcare Of Oklahoma, Inc.","UnitedHealth Group, Inc.",No,C,C,N/A,D,,,,,,,,,,,,,,,,,,,,,,,,,,,,,,,,,,,,,,,,,,,,
H3755,CommunityCare Senior Health Plan (HMO),"Community Care Hmo, Inc","CommunityCare Managed Healthcare Plans of OK, Inc.",No,B,A,N/A,B,,,,,,,,,,,,,,,,,,,,,,,,,,,,,,,,,,,,,,,,,,,,
H3765,HeartlandPlains Health,Heartlandplains Health,Catholic Health Initiatives,No,B,B,N/A,B,,,,,,,,,,,,,,,,,,,,,,,,,,,,,,,,,,,,,,,,,,,,
H3794,UnitedHealthcare,Care Improvement Plus Wisconsin Insurance Company,"UnitedHealth Group, Inc.",No,D,G,N/A,F,,,,,,,,,,,,,,,,,,,,,,,,,,,,,,,,,,,,,,,,,,,,
H3805,UnitedHealthcare,"Unitedhealthcare Of Oregon, Inc.","UnitedHealth Group, Inc.",No,B,B,N/A,B,,,,,,,,,,,,,,,,,,,,,,,,,,,,,,,,,,,,,,,,,,,,
H3810,AllCare Advantage,"Allcare Health Plan, Inc.","AllCare Health, Inc.",No,B,A,N/A,B,,,,,,,,,,,,,,,,,,,,,,,,,,,,,,,,,,,,,,,,,,,,
H3811,Samaritan Advantage Health Plan,"Samaritan Health Plans, Inc.",Samaritan Health Services,No,C,C,N/A,D,,,,,,,,,,,,,,,,,,,,,,,,,,,,,,,,,,,,,,,,,,,,
H3813,"Moda Health Plan, Inc.","Moda Health Plan, Inc.","Moda, Inc.",No,A,A,N/A,A,,,,,,,,,,,,,,,,,,,,,,,,,,,,,,,,,,,,,,,,,,,,
H3814,ATRIO Health Plans,Atrio Health Plans,ATRIO Health Plans,No,D,G,N/A,F,,,,,,,,,,,,,,,,,,,,,,,,,,,,,,,,,,,,,,,,,,,,
H3815,Alignment Health Plan,Alignment Health Plan,"Alignment Healthcare USA, LLC",No,C,B,N/A,C,,,,,,,,,,,,,,,,,,,,,,,,,,,,,,,,,,,,,,,,,,,,
H3817,Regence BlueCross BlueShield of Oregon,Regence Bluecross Blueshield Of Oregon,"Cambia Health Solutions, Inc.",No,A,A,N/A,A,,,,,,,,,,,,,,,,,,,,,,,,,,,,,,,,,,,,,,,,,,,,
H3818,FamilyCare Health,"Familycare Health Plans, Inc.",FamilyCare Incorporated,No,D,F,N/A,F,,,,,,,,,,,,,,,,,,,,,,,,,,,,,,,,,,,,,,,,,,,,
H3822,"Blue Cross Blue Shield of IL, MT, NM",Health Care Service Corporation,Health Care Service Corporation,No,B,B,N/A,B,,,,,,,,,,,,,,,,,,,,,,,,,,,,,,,,,,,,,,,,,,,,
H3832,HMSA Akamai Advantage,Hawaii Medical Service Association,Hawaii Medical Service Association,No,A,A,N/A,A,,,,,,,,,,,,,,,,,,,,,,,,,,,,,,,,,,,,,,,,,,,,
H3864,PacificSource Medicare,Pacificsource Community Health Plans,PacificSource Health Plans,No,C,B,N/A,B,,,,,,,,,,,,,,,,,,,,,,,,,,,,,,,,,,,,,,,,,,,,
H3890,Johns Hopkins HealthCare,"Hopkins Health Advantage, Inc.",Johns Hopkins Healthcare LLC,No,C,B,N/A,B,,,,,,,,,,,,,,,,,,,,,,,,,,,,,,,,,,,,,,,,,,,,
H3907,UPMC Health Plan,"Upmc Health Plan, Inc.",UPMC Health System,No,B,A,N/A,B,,,,,,,,,,,,,,,,,,,,,,,,,,,,,,,,,,,,,,,,,,,,
H3909,Personal Choice 65 PPO,Qcc Insurance Company,"Independence Health Group, Inc.",No,A,A,N/A,A,,,,,,,,,,,,,,,,,,,,,,,,,,,,,,,,,,,,,,,,,,,,
H3916,Highmark Senior Health Company,Highmark Senior Health Company,Highmark Health,No,A,A,N/A,A,,,,,,,,,,,,,,,,,,,,,,,,,,,,,,,,,,,,,,,,,,,,
H3923,Capital Advantage Insurance Company,Capital Advantage Insurance Company,Capital BlueCross,No,A,A,N/A,A,,,,,,,,,,,,,,,,,,,,,,,,,,,,,,,,,,,,,,,,,,,,
H3924,Geisinger Gold,Geisinger Indemnity Insurance Company,Geisinger Health System,No,C,B,N/A,B,,,,,,,,,,,,,,,,,,,,,,,,,,,,,,,,,,,,,,,,,,,,
H3928,Coventry Health Care,"Aetna Health, Inc. (la)",Aetna Inc.,No,C,C,N/A,D,,,,,,,,,,,,,,,,,,,,,,,,,,,,,,,,,,,,,,,,,,,,
H3930,Sunrise Advantage Plan,"Spartan Plan Ny, Inc.",Public Sector Pension Investment Board,No,N/A,N/A,N/A,N/A,,,,,,,,,,,,,,,,,,,,,,,,,,,,,,,,,,,,,,,,,,,,
H3931,Aetna Medicare,Aetna Health Inc. (pa),Aetna Inc.,No,C,B,N/A,B,,,,,,,,,,,,,,,,,,,,,,,,,,,,,,,,,,,,,,,,,,,,
H3949,Cigna-HealthSpring,"Bravo Health Pennsylvania, Inc.",CIGNA,No,D,F,N/A,F,,,,,,,,,,,,,,,,,,,,,,,,,,,,,,,,,,,,,,,,,,,,
H3952,Keystone 65 HMO,"Keystone Health Plan East, Inc.","Independence Health Group, Inc.",No,B,A,N/A,B,,,,,,,,,,,,,,,,,,,,,,,,,,,,,,,,,,,,,,,,,,,,
H3954,Geisinger Gold,Geisinger Health Plan,Geisinger Health System,No,C,B,N/A,B,,,,,,,,,,,,,,,,,,,,,,,,,,,,,,,,,,,,,,,,,,,,
H3957,Highmark Choice Company,Highmark Choice Company,Highmark Health,No,B,A,N/A,B,,,,,,,,,,,,,,,,,,,,,,,,,,,,,,,,,,,,,,,,,,,,
H3959,HealthAmerica Pennsylvania,Aetna Health Inc. (pa),Aetna Inc.,No,C,B,N/A,B,,,,,,,,,,,,,,,,,,,,,,,,,,,,,,,,,,,,,,,,,,,,
H3962,"Keystone Health Plan Central, Inc.","Keystone Health Plan Central, Inc.",Capital BlueCross,No,B,A,N/A,B,,,,,,,,,,,,,,,,,,,,,,,,,,,,,,,,,,,,,,,,,,,,
H3979,Blue Cross Blue Shield of OK,"Ghs Health Maintenance Organization, Inc.",Health Care Service Corporation,No,C,B,N/A,D,,,,,,,,,,,,,,,,,,,,,,,,,,,,,,,,,,,,,,,,,,,,
H4003,Medicare y Mucho Mßs,"Mmm Healthcare, Llc",InnovaCare Inc.,Yes,E,H,N/A,G,,,,,,,,,,,,,,,,,,,,,,,,,,,,,,,,,,,,,,,,,,,,
H4004,PMC Medicare Choice,"Mmm Healthcare, Llc",InnovaCare Inc.,Yes,E,H,N/A,G,,,,,,,,,,,,,,,,,,,,,,,,,,,,,,,,,,,,,,,,,,,,
H4005,Triple-S Advantage,"Triple S Advantage, Inc.",Triple-S Management Corporation,Yes,D,D,N/A,C,,,,,,,,,,,,,,,,,,,,,,,,,,,,,,,,,,,,,,,,,,,,
H4007,"HUMANA HEALTH PLANS OF PUERTO RICO, INC.","Humana Health Plans Of Puerto Rico, Inc.",Humana Inc.,Yes,E,H,N/A,G,,,,,,,,,,,,,,,,,,,,,,,,,,,,,,,,,,,,,,,,,,,,
H4036,Anthem Blue Cross and Blue Shield,"Anthem Insurance Companies, Inc.",Anthem Inc.,No,A,A,N/A,A,,,,,,,,,,,,,,,,,,,,,,,,,,,,,,,,,,,,,,,,,,,,
H4069,Anthem Blue Cross and Blue Shield,"Rocky Mountain Hospital And Medical Service, Inc.",Anthem Inc.,No,N/A,N/A,N/A,N/A,,,,,,,,,,,,,,,,,,,,,,,,,,,,,,,,,,,,,,,,,,,,
H4089,UnitedHealthcare,"Unitedhealthcare Of Louisiana, Inc.","UnitedHealth Group, Inc.",No,N/A,N/A,N/A,N/A,,,,,,,,,,,,,,,,,,,,,,,,,,,,,,,,,,,,,,,,,,,,
H4091,SIMPRA Advantage,"Simpra Advantage, Inc.","SeniorSelect, LLC",No,N/A,N/A,N/A,N/A,,,,,,,,,,,,,,,,,,,,,,,,,,,,,,,,,,,,,,,,,,,,
H4093,Provider Partners Pennsylvania Advantage Plan,"Provider Partners Health Plan Of Pennsylvania, Inc","Rifkin Managed Care Holding Company, LLC",No,N/A,N/A,N/A,N/A,,,,,,,,,,,,,,,,,,,,,,,,,,,,,,,,,,,,,,,,,,,,
H4141,"Humana Employers Health Plan of Georgia, Inc.","Humana Employers Health Plan Of Georgia, Inc.",Humana Inc.,No,C,C,N/A,D,,,,,,,,,,,,,,,,,,,,,,,,,,,,,,,,,,,,,,,,,,,,
H4152,Blue Cross & Blue Shield of Rhode Island,Blue Cross & Blue Shield Of Rhode Island,Blue Cross & Blue Shield of Rhode Island,No,B,A,N/A,B,,,,,,,,,,,,,,,,,,,,,,,,,,,,,,,,,,,,,,,,,,,,
H4172,NHC Advantage (HMO SNP),"Nhc Advantage, Llc","Missouri Healthcare Advisors, LLC",No,N/A,N/A,N/A,N/A,,,,,,,,,,,,,,,,,,,,,,,,,,,,,,,,,,,,,,,,,,,,
H4198,CommunityCare Advantage Medicare Plan (HMO),"Communitycare Government Programs, Inc.",St Francis Health System & St John Health System,No,B,A,N/A,B,,,,,,,,,,,,,,,,,,,,,,,,,,,,,,,,,,,,,,,,,,,,
H4213,ARKANSAS BLUE CROSS AND BLUE SHIELD,Usable Mutual Insurance Company,USAble Mutual Insurance Company,No,C,C,N/A,D,,,,,,,,,,,,,,,,,,,,,,,,,,,,,,,,,,,,,,,,,,,,
H4227,VISTA Health Plan Inc.,"Vista Health Plan, Inc.","Independence Health Group, Inc.",No,D,G,N/A,F,,,,,,,,,,,,,,,,,,,,,,,,,,,,,,,,,,,,,,,,,,,,
H4236,Sunrise Advantage Plan,"Spartan Plan Pa, Inc.",Public Sector Pension Investment Board,No,N/A,N/A,N/A,N/A,,,,,,,,,,,,,,,,,,,,,,,,,,,,,,,,,,,,,,,,,,,,
H4262,Blue Cross Blue Shield of Michigan,Bcbs Of Michigan Mutual Insurance Company,Blue Cross Blue Shield of Michigan Mutual Insuranc,No,N/A,N/A,N/A,N/A,,,,,,,,,,,,,,,,,,,,,,,,,,,,,,,,,,,,,,,,,,,,
H4279,UPMC for You,"Upmc For You, Inc",UPMC Health System,No,D,G,N/A,F,,,,,,,,,,,,,,,,,,,,,,,,,,,,,,,,,,,,,,,,,,,,
H4346,Anthem Blue Cross and Blue Shield,"Hmo Colorado, Inc.",Anthem Inc.,No,C,B,N/A,C,,,,,,,,,,,,,,,,,,,,,,,,,,,,,,,,,,,,,,,,,,,,
H4388,"Security Health Plan of Wisconsin, Inc.","Security Health Plan Of Wisconsin, Inc.","Marshfield Clinic Health System, Inc.",No,A,N/A,N/A,N/A,,,,,,,,,,,,,,,,,,,,,,,,,,,,,,,,,,,,,,,,,,,,
H4407,Cigna-HealthSpring,"Healthspring Of Tennessee, Inc.",CIGNA,No,C,D,N/A,D,,,,,,,,,,,,,,,,,,,,,,,,,,,,,,,,,,,,,,,,,,,,
H4454,Cigna-HealthSpring,"Healthspring Of Tennessee, Inc.",CIGNA,No,C,B,N/A,D,,,,,,,,,,,,,,,,,,,,,,,,,,,,,,,,,,,,,,,,,,,,
H4461,Cariten Health Plan Inc.,Cariten Health Plan Inc.,Humana Inc.,No,C,C,N/A,D,,,,,,,,,,,,,,,,,,,,,,,,,,,,,,,,,,,,,,,,,,,,
H4490,Missouri Medicare Select (HMO SNP),"Missouri Medicare Select, Llc","MO Select, LLC",No,D,G,N/A,F,,,,,,,,,,,,,,,,,,,,,,,,,,,,,,,,,,,,,,,,,,,,
H4497,Medical Mutual of Ohio,Medical Mutual Of Ohio,MEDICAL MUTUAL OF OHIO,No,B,A,N/A,B,,,,,,,,,,,,,,,,,,,,,,,,,,,,,,,,,,,,,,,,,,,,
H4506,"Universal American, A WellCare Company","Selectcare Of Texas, Inc.","WellCare Health Plans, Inc.",No,C,B,N/A,B,,,,,,,,,,,,,,,,,,,,,,,,,,,,,,,,,,,,,,,,,,,,
H4513,Cigna-HealthSpring,"Healthspring Life & Health Insurance Company, Inc.",CIGNA,No,C,B,N/A,D,,,,,,,,,,,,,,,,,,,,,,,,,,,,,,,,,,,,,,,,,,,,
H4514,UnitedHealthcare,"Unitedhealthcare Community Plan Of Texas, L.l.c.","UnitedHealth Group, Inc.",No,D,D,N/A,E,,,,,,,,,,,,,,,,,,,,,,,,,,,,,,,,,,,,,,,,,,,,
H4523,Aetna Medicare,Aetna Health Inc. (tx),Aetna Inc.,No,C,C,N/A,D,,,,,,,,,,,,,,,,,,,,,,,,,,,,,,,,,,,,,,,,,,,,
H4527,UnitedHealthcare,"Physicians Health Choice Of Texas, Llc","UnitedHealth Group, Inc.",No,C,D,N/A,D,,,,,,,,,,,,,,,,,,,,,,,,,,,,,,,,,,,,,,,,,,,,
H4564,Baylor Scott & White Health Plan,Scott And White Health Plan,Baylor Scott & White Holdings,No,B,B,N/A,B,,,,,,,,,,,,,,,,,,,,,,,,,,,,,,,,,,,,,,,,,,,,
H4590,UnitedHealthcare,"Unitedhealthcare Benefits Of Texas, Inc.","UnitedHealth Group, Inc.",No,C,B,N/A,C,,,,,,,,,,,,,,,,,,,,,,,,,,,,,,,,,,,,,,,,,,,,
H4604,UnitedHealthcare,"Unitedhealthcare Of Utah, Inc.","UnitedHealth Group, Inc.",No,B,A,N/A,B,,,,,,,,,,,,,,,,,,,,,,,,,,,,,,,,,,,,,,,,,,,,
H4605,Regence BlueCross BlueShield of Utah,Regence Bluecross Blueshield Of Utah,"Cambia Health Solutions, Inc.",No,A,A,N/A,A,,,,,,,,,,,,,,,,,,,,,,,,,,,,,,,,,,,,,,,,,,,,
H4754,PacificSource Medicare,Pacificsource Community Health Plans,PacificSource Health Plans,No,B,A,N/A,B,,,,,,,,,,,,,,,,,,,,,,,,,,,,,,,,,,,,,,,,,,,,
H4778,Sunrise Advantage Plan,"Spartan Plan Il, Inc.",Public Sector Pension Investment Board,No,N/A,N/A,N/A,N/A,,,,,,,,,,,,,,,,,,,,,,,,,,,,,,,,,,,,,,,,,,,,
H4853,Bright Health,Bright Health Company Of Arizona,Bright Health Management,No,N/A,N/A,N/A,N/A,,,,,,,,,,,,,,,,,,,,,,,,,,,,,,,,,,,,,,,,,,,,
H4868,"Universal American, A WellCare Company","Heritage Health Systems Of New York, Inc.","WellCare Health Plans, Inc.",No,N/A,N/A,N/A,N/A,,,,,,,,,,,,,,,,,,,,,,,,,,,,,,,,,,,,,,,,,,,,
H4875,Priority Health Medicare,Priority Health,Spectrum Health System,No,B,B,N/A,B,,,,,,,,,,,,,,,,,,,,,,,,,,,,,,,,,,,,,,,,,,,,
H4876,Constellation Health,"Constellation Health, Llc.","Constellation Health, LLC.",Yes,D,D,N/A,C,,,,,,,,,,,,,,,,,,,,,,,,,,,,,,,,,,,,,,,,,,,,
H4882,HealthPartners,"Healthpartners, Inc.","HealthPartners, Inc.",No,N/A,N/A,N/A,N/A,,,,,,,,,,,,,,,,,,,,,,,,,,,,,,,,,,,,,,,,,,,,
H4909,Anthem Blue Cross and Blue Shield,"Anthem Insurance Companies, Inc.",Anthem Inc.,No,A,A,N/A,A,,,,,,,,,,,,,,,,,,,,,,,,,,,,,,,,,,,,,,,,,,,,
H4922,AgeWell New York,"Agewell New York, Llc","ParkerCare New York, LLC",No,C,B,N/A,B,,,,,,,,,,,,,,,,,,,,,,,,,,,,,,,,,,,,,,,,,,,,
H4931,University Care Advantage,"University Care Advantage, Inc.",Banner Health,No,D,G,N/A,F,,,,,,,,,,,,,,,,,,,,,,,,,,,,,,,,,,,,,,,,,,,,
H5008,UnitedHealthcare,Unitedhealthcare Insurance Company,"UnitedHealth Group, Inc.",No,D,G,N/A,F,,,,,,,,,,,,,,,,,,,,,,,,,,,,,,,,,,,,,,,,,,,,
H5009,Regence BlueShield,Regence Blueshield,"Cambia Health Solutions, Inc.",No,A,A,N/A,A,,,,,,,,,,,,,,,,,,,,,,,,,,,,,,,,,,,,,,,,,,,,
H5010,Asuris Northwest Health,Asuris Northwest Health,"Cambia Health Solutions, Inc.",No,C,A,N/A,D,,,,,,,,,,,,,,,,,,,,,,,,,,,,,,,,,,,,,,,,,,,,
H5042,CDPHP Medicare Choices,"Cdphp Universal Benefits, Inc.","Capital District Physicians' Health Plan, Inc.",No,A,A,N/A,A,,,,,,,,,,,,,,,,,,,,,,,,,,,,,,,,,,,,,,,,,,,,
H5050,Kaiser Foundation Health Plan of Washington,Kaiser Foundation Health Plan Of Washington,"Kaiser Foundation Health Plan, Inc.",No,A,A,N/A,A,,,,,,,,,,,,,,,,,,,,,,,,,,,,,,,,,,,,,,,,,,,,
H5087,Easy Choice Health Plan,Easy Choice Health Plan Inc.,"WellCare Health Plans, Inc.",No,D,D,N/A,C,,,,,,,,,,,,,,,,,,,,,,,,,,,,,,,,,,,,,,,,,,,,
H5106,Highmark Senior Solutions Company,Highmark Senior Solutions Company,Highmark Health,No,C,C,N/A,D,,,,,,,,,,,,,,,,,,,,,,,,,,,,,,,,,,,,,,,,,,,,
H5117,Allwell,"Louisiana Healthcare Connections, Inc.",Centene Corporation,No,N/A,N/A,N/A,N/A,,,,,,,,,,,,,,,,,,,,,,,,,,,,,,,,,,,,,,,,,,,,
H5141,CLOVER HEALTH,Clover Insurance Company,"Clover Health Holdings, Inc.",No,C,D,N/A,D,,,,,,,,,,,,,,,,,,,,,,,,,,,,,,,,,,,,,,,,,,,,
H5190,Allwell,"Sunshine State Health Plan, Inc.",Centene Corporation,No,E,H,N/A,G,,,,,,,,,,,,,,,,,,,,,,,,,,,,,,,,,,,,,,,,,,,,
H5199,WellCare,"Wellcare Health Insurance Of Arizona, Inc.","WellCare Health Plans, Inc.",No,N/A,N/A,N/A,N/A,,,,,,,,,,,,,,,,,,,,,,,,,,,,,,,,,,,,,,,,,,,,
H5209,"Care Wisconsin Health Plan, Inc.","Care Wisconsin Health Plan, Inc.","Care Wisconsin First, Inc.",No,E,H,N/A,G,,,,,,,,,,,,,,,,,,,,,,,,,,,,,,,,,,,,,,,,,,,,
H5211,"Security Health Plan of Wisconsin, Inc.","Security Health Plan Of Wisconsin, Inc.","Marshfield Clinic Health System, Inc.",No,A,A,N/A,A,,,,,,,,,,,,,,,,,,,,,,,,,,,,,,,,,,,,,,,,,,,,
H5215,Network Health Medicare Advantage Plans,Network Health Insurance Corporation,"Network Health, Inc.",No,A,A,N/A,A,,,,,,,,,,,,,,,,,,,,,,,,,,,,,,,,,,,,,,,,,,,,
H5216,Humana Insurance Company,Humana Insurance Company,Humana Inc.,No,C,B,N/A,B,,,,,,,,,,,,,,,,,,,,,,,,,,,,,,,,,,,,,,,,,,,,
H5253,UnitedHealthcare,"Unitedhealthcare Of Wisconsin, Inc.","UnitedHealth Group, Inc.",No,C,C,N/A,D,,,,,,,,,,,,,,,,,,,,,,,,,,,,,,,,,,,,,,,,,,,,
H5256,Medical Associates Clinic Health Plan of Wisconsin,Medical Associates Clinic Health Plan,"Medical Associates Clinic, P.C.",No,A,N/A,N/A,N/A,,,,,,,,,,,,,,,,,,,,,,,,,,,,,,,,,,,,,,,,,,,,
H5262,Senior Preferred,Gundersen Health Plan,University of Wisconsin Hospitals and Clincs Autho,No,A,A,N/A,A,,,,,,,,,,,,,,,,,,,,,,,,,,,,,,,,,,,,,,,,,,,,
H5264,"Dean Health Plan, Inc.","Dean Health Plan, Inc.",SSM Healthcare Corporation,No,A,N/A,N/A,N/A,,,,,,,,,,,,,,,,,,,,,,,,,,,,,,,,,,,,,,,,,,,,
H5294,Allwell,"Superior Health Plan, Inc.",Centene Corporation,No,E,H,N/A,G,,,,,,,,,,,,,,,,,,,,,,,,,,,,,,,,,,,,,,,,,,,,
H5302,Coventry Health Care,Aetna Health Inc. (ga),Aetna Inc.,No,B,B,N/A,B,,,,,,,,,,,,,,,,,,,,,,,,,,,,,,,,,,,,,,,,,,,,
H5322,UnitedHealthcare,Care Improvement Plus South Central Insurance Co.,"UnitedHealth Group, Inc.",No,C,B,N/A,D,,,,,,,,,,,,,,,,,,,,,,,,,,,,,,,,,,,,,,,,,,,,
H5386,Sharp Health Plan,Sharp Health Plan,Sharp Healthcare,No,A,A,N/A,A,,,,,,,,,,,,,,,,,,,,,,,,,,,,,,,,,,,,,,,,,,,,
H5410,"HealthSpring of Florida, Inc.",Healthspring Of Florida,CIGNA,No,C,B,N/A,C,,,,,,,,,,,,,,,,,,,,,,,,,,,,,,,,,,,,,,,,,,,,
H5420,UnitedHealthcare,"Medica Healthcare Plans, Inc.","UnitedHealth Group, Inc.",No,C,B,N/A,C,,,,,,,,,,,,,,,,,,,,,,,,,,,,,,,,,,,,,,,,,,,,
H5422,Blue Cross Blue Shield Healthcare Plan of Georgia,Blue Cross Blue Shield Healthcare Plan Of Georgia,Anthem Inc.,No,C,C,N/A,D,,,,,,,,,,,,,,,,,,,,,,,,,,,,,,,,,,,,,,,,,,,,
H5425,SCAN Health Plan,Scan Health Plan,SCAN Health Plan,No,C,B,N/A,B,,,,,,,,,,,,,,,,,,,,,,,,,,,,,,,,,,,,,,,,,,,,
H5427,"Freedom Health, Inc.","Freedom Health, Inc.","America's 1st Choice Holdings of Florida, LLC",No,C,C,N/A,D,,,,,,,,,,,,,,,,,,,,,,,,,,,,,,,,,,,,,,,,,,,,
H5430,Care1st+,Onecare By Care1st Health Plan Arizona Inc.,"WellCare Health Plans, Inc.",No,E,G,N/A,G,,,,,,,,,,,,,,,,,,,,,,,,,,,,,,,,,,,,,,,,,,,,
H5431,"HealthSun Health Plans, Inc.","Healthsun Health Plans, Inc.","HealthSun Health Plans, Inc",No,C,D,N/A,E,,,,,,,,,,,,,,,,,,,,,,,,,,,,,,,,,,,,,,,,,,,,
H5433,OneCare,Orange County Health Authority,Orange County Health Authority,No,D,G,N/A,F,,,,,,,,,,,,,,,,,,,,,,,,,,,,,,,,,,,,,,,,,,,,
H5434,Florida Blue,"Blue Cross And Blue Shield Of Florida, Inc.",Guidewell Mutual Holding Corporation,No,B,A,N/A,B,,,,,,,,,,,,,,,,,,,,,,,,,,,,,,,,,,,,,,,,,,,,
H5435,UnitedHealthcare,Unitedhealthcare Insurance Company,"UnitedHealth Group, Inc.",No,C,C,N/A,D,,,,,,,,,,,,,,,,,,,,,,,,,,,,,,,,,,,,,,,,,,,,
H5439,Health Net Life Insurance Company,Health Net Life Insurance Company,Centene Corporation,No,C,C,N/A,D,,,,,,,,,,,,,,,,,,,,,,,,,,,,,,,,,,,,,,,,,,,,
H5471,"Simply Healthcare Plans, Inc.","Simply Healthcare Plans, Inc.",Anthem Inc.,No,D,D,N/A,E,,,,,,,,,,,,,,,,,,,,,,,,,,,,,,,,,,,,,,,,,,,,
H5475,MeridianCare,"Meridian Health Plan Of Michigan, Inc.","Caidan Enterprises, Inc.",No,D,F,N/A,F,,,,,,,,,,,,,,,,,,,,,,,,,,,,,,,,,,,,,,,,,,,,
H5496,"Imperial Health Plan of California, Inc.","Imperial Health Plan Of California, Inc.",Imperial Health Plan of California,No,N/A,N/A,N/A,N/A,,,,,,,,,,,,,,,,,,,,,,,,,,,,,,,,,,,,,,,,,,,,
H5521,Aetna Medicare,Aetna Life Insurance Company,Aetna Inc.,No,A,A,N/A,A,,,,,,,,,,,,,,,,,,,,,,,,,,,,,,,,,,,,,,,,,,,,
H5522,HealthAmerica,"Healthassurance Pennsylvania, Inc.",Aetna Inc.,No,B,A,N/A,B,,,,,,,,,,,,,,,,,,,,,,,,,,,,,,,,,,,,,,,,,,,,
H5525,"Humana Benefit Plan of Illinois, Inc.","Humana Benefit Plan Of Illinois, Inc.",Humana Inc.,No,C,C,N/A,D,,,,,,,,,,,,,,,,,,,,,,,,,,,,,,,,,,,,,,,,,,,,
H5526,BlueCross BlueShield of WNY and BlueShield of NENY,Healthnow New York Inc.,HealthNow New York Inc.,No,A,A,N/A,A,,,,,,,,,,,,,,,,,,,,,,,,,,,,,,,,,,,,,,,,,,,,
H5528,EmblemHealth Medicare PPO,Group Health Incorporated,"EmblemHealth, Inc.",No,C,D,N/A,D,,,,,,,,,,,,,,,,,,,,,,,,,,,,,,,,,,,,,,,,,,,,
H5533,UPMC Health Plan,"Upmc Health Network, Inc.",UPMC Health System,No,A,A,N/A,A,,,,,,,,,,,,,,,,,,,,,,,,,,,,,,,,,,,,,,,,,,,,
H5549,VNSNY CHOICE Medicare,Vns Choice,Visiting Nurse Service of New York,No,D,D,N/A,E,,,,,,,,,,,,,,,,,,,,,,,,,,,,,,,,,,,,,,,,,,,,
H5576,"Vantage Health Plan, Inc.","Vantage Health Plan, Inc.","Vantage Holdings, Inc.",No,C,D,N/A,D,,,,,,,,,,,,,,,,,,,,,,,,,,,,,,,,,,,,,,,,,,,,
H5577,MCS Classicare,"Mcs Advantage, Inc.","Medical Card System, Inc.",Yes,E,H,N/A,G,,,,,,,,,,,,,,,,,,,,,,,,,,,,,,,,,,,,,,,,,,,,
H5580,Mercy Care Advantage,Southwest Catholic Health Network Corporation,Southwest Catholic Health Network,No,E,H,N/A,G,,,,,,,,,,,,,,,,,,,,,,,,,,,,,,,,,,,,,,,,,,,,
H5587,Health Choice Generations HMO SNP,"Health Choice Arizona, Inc.",IASIS Healthcare,No,D,G,N/A,F,,,,,,,,,,,,,,,,,,,,,,,,,,,,,,,,,,,,,,,,,,,,
H5590,Allwell,Bridgeway Health Solutions,Centene Corporation,No,E,H,N/A,G,,,,,,,,,,,,,,,,,,,,,,,,,,,,,,,,,,,,,,,,,,,,
H5591,Martin's Point Generations Advantage,"Martin's Point Generations Advantage, Inc.","Martin's Point Health Care, Inc.",No,B,A,N/A,B,,,,,,,,,,,,,,,,,,,,,,,,,,,,,,,,,,,,,,,,,,,,
H5594,"Optimum HealthCare, Inc.","Optimum Healthcare, Inc.","America's 1st Choice Holdings of Florida, LLC",No,C,C,N/A,D,,,,,,,,,,,,,,,,,,,,,,,,,,,,,,,,,,,,,,,,,,,,
H5608,"Denver Health Medical Plan, Inc.","Denver Health Medical Plan, Inc.",Denver Health and Hospital Authority,No,D,G,N/A,F,,,,,,,,,,,,,,,,,,,,,,,,,,,,,,,,,,,,,,,,,,,,
H5613,MVP HEALTH CARE,"Mvp Health Plan, Inc.","MVP Health Care, Inc.",No,A,N/A,N/A,N/A,,,,,,,,,,,,,,,,,,,,,,,,,,,,,,,,,,,,,,,,,,,,
H5619,"Arcadian Health Plan, Inc.","Arcadian Health Plan, Inc.",Humana Inc.,No,C,B,N/A,C,,,,,,,,,,,,,,,,,,,,,,,,,,,,,,,,,,,,,,,,,,,,
H5628,Molina Healthcare of Utah,"Molina Healthcare Of Utah, Inc.","Molina Healthcare, Inc.,",No,D,G,N/A,F,,,,,,,,,,,,,,,,,,,,,,,,,,,,,,,,,,,,,,,,,,,,
H5649,Central Health Medicare Plan,"Central Health Plan Of California, Inc.",AHMC Central Health LLC,No,C,B,N/A,C,,,,,,,,,,,,,,,,,,,,,,,,,,,,,,,,,,,,,,,,,,,,
H5652,UnitedHealthcare,"Sierra Health And Life Insurance Company, Inc.","UnitedHealth Group, Inc.",No,A,A,N/A,A,,,,,,,,,,,,,,,,,,,,,,,,,,,,,,,,,,,,,,,,,,,,
H5656,"Universal American, A WellCare Company","Selectcare Health Plans, Inc.","WellCare Health Plans, Inc.",No,C,C,N/A,D,,,,,,,,,,,,,,,,,,,,,,,,,,,,,,,,,,,,,,,,,,,,
H5703,South Country Health Alliance,South Country Health Alliance,South Country Health Alliance,No,D,G,N/A,F,,,,,,,,,,,,,,,,,,,,,,,,,,,,,,,,,,,,,,,,,,,,
H5746,Amerigroup Community Care of New Mexico,"Amerigroup Community Care Of New Mexico, Inc.",Anthem Inc.,No,D,F,N/A,F,,,,,,,,,,,,,,,,,,,,,,,,,,,,,,,,,,,,,,,,,,,,
H5774,Triple S Advantage,"Triple S Advantage, Inc.",Triple-S Management Corporation,Yes,E,H,N/A,G,,,,,,,,,,,,,,,,,,,,,,,,,,,,,,,,,,,,,,,,,,,,
H5779,MeridianCare,"Meridian Health Plan Of Illinois, Inc.","Caidan Enterprises, Inc.",No,D,E,N/A,F,,,,,,,,,,,,,,,,,,,,,,,,,,,,,,,,,,,,,,,,,,,,
H5793,Aetna Medicare,Aetna Health Inc. (ct),Aetna Inc.,No,C,B,N/A,C,,,,,,,,,,,,,,,,,,,,,,,,,,,,,,,,,,,,,,,,,,,,
H5810,Molina Healthcare of California,Molina Healthcare Of California,"Molina Healthcare, Inc.,",No,D,G,N/A,F,,,,,,,,,,,,,,,,,,,,,,,,,,,,,,,,,,,,,,,,,,,,
H5817,Amerigroup,"Amerigroup Texas, Inc.",Anthem Inc.,No,D,D,N/A,F,,,,,,,,,,,,,,,,,,,,,,,,,,,,,,,,,,,,,,,,,,,,
H5823,"Molina Healthcare of Washington, Inc.","Molina Healthcare Of Washington, Inc.","Molina Healthcare, Inc.,",No,E,H,N/A,G,,,,,,,,,,,,,,,,,,,,,,,,,,,,,,,,,,,,,,,,,,,,
H5826,Community HealthFirst Medicare Advantage Plan,Community Health Plan Of Washington,Community Health Plan of Washington,No,D,F,N/A,F,,,,,,,,,,,,,,,,,,,,,,,,,,,,,,,,,,,,,,,,,,,,
H5852,AHF,Aids Healthcare Foundation,AIDS Healthcare Foundation,No,D,F,N/A,F,,,,,,,,,,,,,,,,,,,,,,,,,,,,,,,,,,,,,,,,,,,,
H5854,Anthem Blue Cross and Blue Shield,"Anthem Health Plans, Inc.",Anthem Inc.,No,D,D,N/A,E,,,,,,,,,,,,,,,,,,,,,,,,,,,,,,,,,,,,,,,,,,,,
H5859,CareOregon Advantage,"Health Plan Of Careoregon, Inc.","CareOregon, Inc.",No,D,G,N/A,F,,,,,,,,,,,,,,,,,,,,,,,,,,,,,,,,,,,,,,,,,,,,
H5883,Blue Care Network,Blue Care Network Of Michigan,Blue Cross Blue Shield of Michigan Mutual Insuranc,No,B,B,N/A,B,,,,,,,,,,,,,,,,,,,,,,,,,,,,,,,,,,,,,,,,,,,,
H5926,Molina Healthcare of Michigan,"Molina Healthcare Of Michigan, Inc.","Molina Healthcare, Inc.,",No,D,G,N/A,F,,,,,,,,,,,,,,,,,,,,,,,,,,,,,,,,,,,,,,,,,,,,
H5928,Care1st Health Plan,Care1st Health Plan,California Physicians' Service,No,D,B,N/A,C,,,,,,,,,,,,,,,,,,,,,,,,,,,,,,,,,,,,,,,,,,,,
H5932,Gateway Health Medicare Assured,"Gateway Health Plan, Inc.","Gateway Health Plan, LP",No,D,G,N/A,F,,,,,,,,,,,,,,,,,,,,,,,,,,,,,,,,,,,,,,,,,,,,
H5937,UCare,Ucare Minnesota,UCare Minnesota,No,N/A,N/A,N/A,N/A,,,,,,,,,,,,,,,,,,,,,,,,,,,,,,,,,,,,,,,,,,,,
H5938,Capital Health Plan,Capital Health Plan,Guidewell Mutual Holding Corporation,No,A,A,N/A,A,,,,,,,,,,,,,,,,,,,,,,,,,,,,,,,,,,,,,,,,,,,,
H5943,VillageHealth,Scan Health Plan,SCAN Health Plan,No,D,G,N/A,F,,,,,,,,,,,,,,,,,,,,,,,,,,,,,,,,,,,,,,,,,,,,
H5945,Prominence Health Plan,Prominence Healthfirst,"Universal Health Services, Inc.",No,C,B,N/A,B,,,,,,,,,,,,,,,,,,,,,,,,,,,,,,,,,,,,,,,,,,,,
H5959,Blue Cross Blue Shield of Minnesota,Blue Cross And Blue Shield Of Minnesota,"Aware Integrated, Inc.",No,N/A,N/A,N/A,N/A,,,,,,,,,,,,,,,,,,,,,,,,,,,,,,,,,,,,,,,,,,,,
H5969,AlohaCare,Alohacare,AlohaCare,No,D,D,N/A,E,,,,,,,,,,,,,,,,,,,,,,,,,,,,,,,,,,,,,,,,,,,,
H5970,Humana Insurance Company of New York,Humana Insurance Company Of New York,Humana Inc.,No,C,B,N/A,B,,,,,,,,,,,,,,,,,,,,,,,,,,,,,,,,,,,,,,,,,,,,
H5989,CenterLight Healthcare,"Centerlight Healthcare, Inc.","CenterLight Health System, Inc.",No,E,D,N/A,E,,,,,,,,,,,,,,,,,,,,,,,,,,,,,,,,,,,,,,,,,,,,
H5991,Affinity Health Plan,"Affinity Health Plan, Inc.","Affinity Health Services Holdings, Inc.",No,D,D,N/A,E,,,,,,,,,,,,,,,,,,,,,,,,,,,,,,,,,,,,,,,,,,,,
H5992,Senior Whole Health of New York,"Senior Whole Health Of New York, Inc.","SWH Holdings, Inc.",No,D,D,N/A,E,,,,,,,,,,,,,,,,,,,,,,,,,,,,,,,,,,,,,,,,,,,,
H5995,ATRIO Health Plans,Atrio Health Plans,ATRIO Health Plans,No,D,G,N/A,F,,,,,,,,,,,,,,,,,,,,,,,,,,,,,,,,,,,,,,,,,,,,
H6050,Kaiser Permanente Medicare Cost,"Kaiser Foundation Hp, Inc.","Kaiser Foundation Health Plan, Inc.",No,A,N/A,N/A,N/A,,,,,,,,,,,,,,,,,,,,,,,,,,,,,,,,,,,,,,,,,,,,
H6052,Kaiser Permanente Medicare Cost,"Kaiser Foundation Hp, Inc.","Kaiser Foundation Health Plan, Inc.",No,A,N/A,N/A,N/A,,,,,,,,,,,,,,,,,,,,,,,,,,,,,,,,,,,,,,,,,,,,
H6154,Medica Health Plans,Medica Health Plans,Medica Holding Company,No,N/A,N/A,N/A,N/A,,,,,,,,,,,,,,,,,,,,,,,,,,,,,,,,,,,,,,,,,,,,
H6237,Regence BlueCross BlueShield of Oregon,Regence Bluecross Blueshield Of Oregon,"Cambia Health Solutions, Inc.",No,C,B,N/A,B,,,,,,,,,,,,,,,,,,,,,,,,,,,,,,,,,,,,,,,,,,,,
H6306,FirstMedicare Direct,Firstcarolinacare Insurance Company,"FirstHealth of the Carolinas, Inc.",No,C,B,N/A,B,,,,,,,,,,,,,,,,,,,,,,,,,,,,,,,,,,,,,,,,,,,,
H6320,Fresenius Health Plans,"Fresenius Health Plans Of North Carolina, Inc.",Fresenius Medicare Care AG & Co. KGaA,No,D,G,N/A,F,,,,,,,,,,,,,,,,,,,,,,,,,,,,,,,,,,,,,,,,,,,,
H6328,Care NÆ Care Insurance Company,"Care N' Care Insurance Company, Inc.",North Texas Specialty Physicians,No,B,A,N/A,B,,,,,,,,,,,,,,,,,,,,,,,,,,,,,,,,,,,,,,,,,,,,
H6348,Allwell,Coordinated Care Corporation,Centene Corporation,No,N/A,N/A,N/A,N/A,,,,,,,,,,,,,,,,,,,,,,,,,,,,,,,,,,,,,,,,,,,,
H6351,Liberty Advantage (HMO SNP),"Liberty Advantage, Llc",Liberty Healthcare Insurance,No,N/A,N/A,N/A,N/A,,,,,,,,,,,,,,,,,,,,,,,,,,,,,,,,,,,,,,,,,,,,
H6396,CareSource,Caresource,CareSource Management Group Co.,No,N/A,N/A,N/A,N/A,,,,,,,,,,,,,,,,,,,,,,,,,,,,,,,,,,,,,,,,,,,,
H6453,HMO Louisiana,"Hmo Louisiana, Inc.",Louisiana Health Service & Indemnity Company,No,C,B,N/A,B,,,,,,,,,,,,,,,,,,,,,,,,,,,,,,,,,,,,,,,,,,,,
H6502,Blue Cross and Blue Shield of Kansas City (Blue KC,Missouri Valley Life And Health Insurance Company,Blue Cross and Blue Shield of Kansas City,No,N/A,N/A,N/A,N/A,,,,,,,,,,,,,,,,,,,,,,,,,,,,,,,,,,,,,,,,,,,,
H6526,UnitedHealthcare,"Unitedhealthcare Of New Mexico, Inc.","UnitedHealth Group, Inc.",No,N/A,N/A,N/A,N/A,,,,,,,,,,,,,,,,,,,,,,,,,,,,,,,,,,,,,,,,,,,,
H6528,UnitedHealthcare,Care Improvement Plus South Central Insurance Co.,"UnitedHealth Group, Inc.",No,C,C,N/A,D,,,,,,,,,,,,,,,,,,,,,,,,,,,,,,,,,,,,,,,,,,,,
H6550,Allwell,"Sunflower State Health Plan, Inc.",Centene Corporation,No,N/A,N/A,N/A,N/A,,,,,,,,,,,,,,,,,,,,,,,,,,,,,,,,,,,,,,,,,,,,
H6622,Humana WI Health Organization Insurance Corp,Humana Wi Health Organization Insurance Corp,Humana Inc.,No,C,B,N/A,D,,,,,,,,,,,,,,,,,,,,,,,,,,,,,,,,,,,,,,,,,,,,
H6672,Eon Health,"Eon Health, Inc. (ga)","Eon Health Plan, LLC",No,N/A,N/A,N/A,N/A,,,,,,,,,,,,,,,,,,,,,,,,,,,,,,,,,,,,,,,,,,,,
H6723,Medical Mutual of Ohio,Medical Mutual Of Ohio,MEDICAL MUTUAL OF OHIO,No,C,C,N/A,D,,,,,,,,,,,,,,,,,,,,,,,,,,,,,,,,,,,,,,,,,,,,
H6743,ATRIO Health Plans,Atrio Health Plans,ATRIO Health Plans,No,C,B,N/A,B,,,,,,,,,,,,,,,,,,,,,,,,,,,,,,,,,,,,,,,,,,,,
H6750,"Harvard Pilgrim Health Care of New England, Inc.","Harvard Pilgrim Health Care Of New England, Inc.","Harvard Pilgrim Health Care, Inc.",No,B,A,N/A,B,,,,,,,,,,,,,,,,,,,,,,,,,,,,,,,,,,,,,,,,,,,,
H6776,RiverSpring Health Plans,"Elderserve Health, Inc.",Riverspring Health Holding Corp.,No,N/A,N/A,N/A,N/A,,,,,,,,,,,,,,,,,,,,,,,,,,,,,,,,,,,,,,,,,,,,
H6786,Anthem Blue Cross and Blue Shield,"Anthem Health Plans Of Maine, Inc.",Anthem Inc.,No,A,A,N/A,A,,,,,,,,,,,,,,,,,,,,,,,,,,,,,,,,,,,,,,,,,,,,
H6815,"Health Net Health Plan of Oregon, Inc.",Health Net Health Plan Of Oregon,Centene Corporation,No,C,B,N/A,B,,,,,,,,,,,,,,,,,,,,,,,,,,,,,,,,,,,,,,,,,,,,
H6864,GuildNet,"Guildnet, Inc.",Jewish Guild for the Blind,No,E,D,N/A,E,,,,,,,,,,,,,,,,,,,,,,,,,,,,,,,,,,,,,,,,,,,,
H6947,QualChoice Advantage,Qualchoice Advantage,Catholic Health Initiatives,No,C,C,N/A,D,,,,,,,,,,,,,,,,,,,,,,,,,,,,,,,,,,,,,,,,,,,,
H6988,Centers Plan for Healthy Living,"Centers Plan For Healthy Living, Llc","Centers Plan for Healthy Living, LLC",No,D,F,N/A,F,,,,,,,,,,,,,,,,,,,,,,,,,,,,,,,,,,,,,,,,,,,,
H7006,ATRIO Health Plans,Atrio Health Plans,ATRIO Health Plans,No,A,A,N/A,A,,,,,,,,,,,,,,,,,,,,,,,,,,,,,,,,,,,,,,,,,,,,
H7020,Cigna-HealthSpring,"Cigna Healthcare Of South Carolina, Inc.",CIGNA,No,C,C,N/A,D,,,,,,,,,,,,,,,,,,,,,,,,,,,,,,,,,,,,,,,,,,,,
H7115,Memorial Hermann Health Plan,Memorial Hermann Health Plan,Memorial Hermann Health System,No,B,A,N/A,B,,,,,,,,,,,,,,,,,,,,,,,,,,,,,,,,,,,,,,,,,,,,
H7149,Coventry Health Care,Aetna Health Inc. (pa),Aetna Inc.,No,C,C,N/A,D,,,,,,,,,,,,,,,,,,,,,,,,,,,,,,,,,,,,,,,,,,,,
H7165,Blue Cross Blue Shield of South Carolina,Bluecross And Blueshield Of South Carolina,BlueCross BlueShield of South Carolina (BCBSSC),No,N/A,N/A,N/A,N/A,,,,,,,,,,,,,,,,,,,,,,,,,,,,,,,,,,,,,,,,,,,,
H7173,Allwell,"Peach State Health Plan, Inc.",Centene Corporation,No,E,H,N/A,G,,,,,,,,,,,,,,,,,,,,,,,,,,,,,,,,,,,,,,,,,,,,
H7200,Amerigroup,"Amerigroup Tennessee, Inc.",Anthem Inc.,No,D,G,N/A,F,,,,,,,,,,,,,,,,,,,,,,,,,,,,,,,,,,,,,,,,,,,,
H7220,Indiana University Health Plans - Medicare,"Indiana University Health Plans, Inc.",Indiana University Health,No,C,A,N/A,B,,,,,,,,,,,,,,,,,,,,,,,,,,,,,,,,,,,,,,,,,,,,
H7245,Premera Blue Cross Medicare Advantage,Premera Blue Cross,Premera,No,B,A,N/A,B,,,,,,,,,,,,,,,,,,,,,,,,,,,,,,,,,,,,,,,,,,,,
H7301,Coventry Health Care,"Coventry Health Care Of Illinois, Inc.",Aetna Inc.,No,B,A,N/A,B,,,,,,,,,,,,,,,,,,,,,,,,,,,,,,,,,,,,,,,,,,,,
H7317,Essential Advantage,Hawaii Medical Service Association (hmsa),Hawaii Medical Service Association,No,N/A,N/A,N/A,N/A,,,,,,,,,,,,,,,,,,,,,,,,,,,,,,,,,,,,,,,,,,,,
H7326,WellCare,"Wellcare Of South Carolina, Inc.","WellCare Health Plans, Inc.",No,N/A,N/A,N/A,N/A,,,,,,,,,,,,,,,,,,,,,,,,,,,,,,,,,,,,,,,,,,,,
H7445,UnitedHealthcare,"Unitedhealthcare Of Illinois, Inc.","UnitedHealth Group, Inc.",No,N/A,N/A,N/A,N/A,,,,,,,,,,,,,,,,,,,,,,,,,,,,,,,,,,,,,,,,,,,,
H7464,UnitedHealthcare,"Unitedhealthcare Of The Mid-atlantic, Inc.","UnitedHealth Group, Inc.",No,N/A,N/A,N/A,N/A,,,,,,,,,,,,,,,,,,,,,,,,,,,,,,,,,,,,,,,,,,,,
H7511,Great Plains Medicare Advantage,"Good Samaritan Insurance Plan Of Nebraska, Inc.","Good Samaritan Insurance Plan, LLC",No,N/A,N/A,N/A,N/A,,,,,,,,,,,,,,,,,,,,,,,,,,,,,,,,,,,,,,,,,,,,
H7522,Medicare y Mucho Mßs,"Mmm Healthcare, Llc",InnovaCare Inc.,Yes,D,D,N/A,C,,,,,,,,,,,,,,,,,,,,,,,,,,,,,,,,,,,,,,,,,,,,
H7678,"Molina Healthcare of Texas, Inc.","Molina Healthcare Of Texas, Inc.","Molina Healthcare, Inc.,",No,E,H,N/A,G,,,,,,,,,,,,,,,,,,,,,,,,,,,,,,,,,,,,,,,,,,,,
H7680,Prominence Health Plan,Prominence Healthfirst Of Texas,"Universal Health Services, Inc.",No,C,D,N/A,D,,,,,,,,,,,,,,,,,,,,,,,,,,,,,,,,,,,,,,,,,,,,
H7728,Anthem Blue Cross and Blue Shield,"Anthem Health Plans Of New Hampshire, Inc.",Anthem Inc.,No,A,A,N/A,A,,,,,,,,,,,,,,,,,,,,,,,,,,,,,,,,,,,,,,,,,,,,
H7787,Cigna-HealthSpring,"Healthspring Life & Health Insurance Company, Inc.",CIGNA,No,C,C,N/A,D,,,,,,,,,,,,,,,,,,,,,,,,,,,,,,,,,,,,,,,,,,,,
H7802,Sunrise Advantage Plan,"Spartan Plan Va, Inc.",Public Sector Pension Investment Board,No,N/A,N/A,N/A,N/A,,,,,,,,,,,,,,,,,,,,,,,,,,,,,,,,,,,,,,,,,,,,
H7853,Bright Health,Bright Health Insurance Company,Bright Health Management,No,N/A,N/A,N/A,N/A,,,,,,,,,,,,,,,,,,,,,,,,,,,,,,,,,,,,,,,,,,,,
H7917,BlueCross BlueShield of Tennessee,"Bluecross Blueshield Of Tennessee, Inc.",BlueCross BlueShield of Tennessee,No,C,B,N/A,D,,,,,,,,,,,,,,,,,,,,,,,,,,,,,,,,,,,,,,,,,,,,
H7971,Horizon Blue Cross Blue Shield of New Jersey,Horizon Insurance Company,"Horizon Healthcare Services, Inc.",No,A,A,N/A,A,,,,,,,,,,,,,,,,,,,,,,,,,,,,,,,,,,,,,,,,,,,,
H8003,Blue Cross Blue Shield of South Carolina,Bluecross And Blueshield Of South Carolina,BlueCross BlueShield of South Carolina (BCBSSC),No,N/A,N/A,N/A,N/A,,,,,,,,,,,,,,,,,,,,,,,,,,,,,,,,,,,,,,,,,,,,
H8064,FirstMedicare Direct,Firstcarolinacare Insurance Company,"FirstHealth of the Carolinas, Inc.",No,C,B,N/A,B,,,,,,,,,,,,,,,,,,,,,,,,,,,,,,,,,,,,,,,,,,,,
H8067,Provider Partners Maryland Advantage Plan,"Provider Partners Health Plan, Inc.","Rifkin Managed Care Holding Company, LLC",No,D,D,N/A,E,,,,,,,,,,,,,,,,,,,,,,,,,,,,,,,,,,,,,,,,,,,,
H8130,Molina Healthcare of Florida,"Molina Healthcare Of Florida, Inc.","Molina Healthcare, Inc.,",No,E,H,N/A,G,,,,,,,,,,,,,,,,,,,,,,,,,,,,,,,,,,,,,,,,,,,,
H8133,Blue Cross and Blue Shield of Texas,Ghs Insurance Company,Health Care Service Corporation,No,C,B,N/A,C,,,,,,,,,,,,,,,,,,,,,,,,,,,,,,,,,,,,,,,,,,,,
H8142,Baylor Scott & White Health Plan,Scott And White Health Plan,Baylor Scott & White Holdings,No,N/A,N/A,N/A,N/A,,,,,,,,,,,,,,,,,,,,,,,,,,,,,,,,,,,,,,,,,,,,
H8145,Humana Insurance Company,Humana Insurance Company,Humana Inc.,No,C,C,N/A,D,,,,,,,,,,,,,,,,,,,,,,,,,,,,,,,,,,,,,,,,,,,,
H8170,America's 1st Choice of South Carolina,"America's 1st Choice Of South Carolina, Inc.","AmericaÆs 1st Choice of South Carolina, Inc.",No,C,E,N/A,D,,,,,,,,,,,,,,,,,,,,,,,,,,,,,,,,,,,,,,,,,,,,
H8189,Allwell,"Managed Health Services, Wisconsin",Centene Corporation,No,E,H,N/A,G,,,,,,,,,,,,,,,,,,,,,,,,,,,,,,,,,,,,,,,,,,,,
H8211,UnitedHealthcare,Mamsi Life And Health Insurance Company,"UnitedHealth Group, Inc.",No,N/A,N/A,N/A,N/A,,,,,,,,,,,,,,,,,,,,,,,,,,,,,,,,,,,,,,,,,,,,
H8237,Baylor Scott & White Health Plan,Insurance Company Of Scott And White,Baylor Scott & White Holdings,No,C,B,N/A,B,,,,,,,,,,,,,,,,,,,,,,,,,,,,,,,,,,,,,,,,,,,,
H8266,Constellation Health,"Constellation Health, Llc.","Constellation Health, LLC.",Yes,D,D,N/A,E,,,,,,,,,,,,,,,,,,,,,,,,,,,,,,,,,,,,,,,,,,,,
H8280,Bright Health,"Bright Health Insurance Company Of Alabama, Inc.",Bright Health Management,No,N/A,N/A,N/A,N/A,,,,,,,,,,,,,,,,,,,,,,,,,,,,,,,,,,,,,,,,,,,,
H8298,Horizon Blue Cross Blue Shield of New Jersey,"Horizon Healthcare Of New Jersey, Inc.","Horizon Healthcare Services, Inc.",No,N/A,N/A,N/A,N/A,,,,,,,,,,,,,,,,,,,,,,,,,,,,,,,,,,,,,,,,,,,,
H8432,Empire BlueCross BlueShield,"Empire Healthchoice Hmo, Inc.",Anthem Inc.,No,D,F,N/A,F,,,,,,,,,,,,,,,,,,,,,,,,,,,,,,,,,,,,,,,,,,,,
H8506,"Moda Health Plan, Inc.","Moda Health Plan, Inc.","Moda, Inc.",No,C,C,N/A,D,,,,,,,,,,,,,,,,,,,,,,,,,,,,,,,,,,,,,,,,,,,,
H8552,Anthem Blue Cross Life and Health Insurance Co.,Anthem Blue Cross Life And Health Ins Company,Anthem Inc.,No,A,A,N/A,A,,,,,,,,,,,,,,,,,,,,,,,,,,,,,,,,,,,,,,,,,,,,
H8554,Blue Cross and Blue Shield of Texas,Ghs Insurance Company,Health Care Service Corporation,No,C,D,N/A,D,,,,,,,,,,,,,,,,,,,,,,,,,,,,,,,,,,,,,,,,,,,,
H8578,Health New England Medicare Advantage Plans,"Health New England, Inc.","Baystate Health, Inc.",No,A,A,N/A,A,,,,,,,,,,,,,,,,,,,,,,,,,,,,,,,,,,,,,,,,,,,,
H8604,The Health Plan,Thp Insurance Company,Health Plan of the Upper Ohio Valley,No,B,A,N/A,B,,,,,,,,,,,,,,,,,,,,,,,,,,,,,,,,,,,,,,,,,,,,
H8634,"Blue Cross and Blue Shield of IL, NM, OK",Health Care Service Corporation,Health Care Service Corporation,No,A,A,N/A,A,,,,,,,,,,,,,,,,,,,,,,,,,,,,,,,,,,,,,,,,,,,,
H8649,Altius Health Plans,"Aetna Health Of Utah, Inc",Aetna Inc.,No,B,A,N/A,B,,,,,,,,,,,,,,,,,,,,,,,,,,,,,,,,,,,,,,,,,,,,
H8748,UnitedHealthcare,Unitedhealthcare Insurance Company,"UnitedHealth Group, Inc.",No,C,C,N/A,D,,,,,,,,,,,,,,,,,,,,,,,,,,,,,,,,,,,,,,,,,,,,
H8764,Aspire Health Plan,Aspire Health Plan,Montage Health,No,B,A,N/A,B,,,,,,,,,,,,,,,,,,,,,,,,,,,,,,,,,,,,,,,,,,,,
H8768,UnitedHealthcare,Unitedhealthcare Insurance Co Of The River Valley,"UnitedHealth Group, Inc.",No,N/A,N/A,N/A,N/A,,,,,,,,,,,,,,,,,,,,,,,,,,,,,,,,,,,,,,,,,,,,
H8854,University of Maryland Health Advantage,"University Of Maryland Health Advantage, Inc.",University of Maryland Medical System Corporation,No,D,F,N/A,F,,,,,,,,,,,,,,,,,,,,,,,,,,,,,,,,,,,,,,,,,,,,
H8908,"Humana Medical Plan of Michigan, Inc.","Humana Medical Plan Of Michigan, Inc.",Humana Inc.,No,C,C,N/A,D,,,,,,,,,,,,,,,,,,,,,,,,,,,,,,,,,,,,,,,,,,,,
H8967,Great Plains Medicare Advantage,"Good Samaritan Insurance Plan Of North Dakota, Llc","Good Samaritan Insurance Plan, LLC",No,N/A,N/A,N/A,N/A,,,,,,,,,,,,,,,,,,,,,,,,,,,,,,,,,,,,,,,,,,,,
H9001,Fallon Health,Fallon Community Health Plan,Fallon Community Health Plan,No,C,B,N/A,C,,,,,,,,,,,,,,,,,,,,,,,,,,,,,,,,,,,,,,,,,,,,
H9003,Kaiser Permanente,Kaiser Foundation Hp Of The N W,"Kaiser Foundation Health Plan, Inc.",No,A,A,N/A,A,,,,,,,,,,,,,,,,,,,,,,,,,,,,,,,,,,,,,,,,,,,,
H9047,Providence Health Assurance,Providence Health Assurance,Providence Health & Services,No,B,A,N/A,B,,,,,,,,,,,,,,,,,,,,,,,,,,,,,,,,,,,,,,,,,,,,
H9082,"Molina Healthcare of New Mexico, Inc.","Molina Healthcare Of New Mexico, Inc.","Molina Healthcare, Inc.,",No,D,G,N/A,F,,,,,,,,,,,,,,,,,,,,,,,,,,,,,,,,,,,,,,,,,,,,
H9096,Dean Advantage,"Dean Health Plan, Inc.",SSM Healthcare Corporation,No,A,A,N/A,A,,,,,,,,,,,,,,,,,,,,,,,,,,,,,,,,,,,,,,,,,,,,
H9104,SCAN Health Plan,Scan Health Plan,SCAN Health Plan,No,C,B,N/A,C,,,,,,,,,,,,,,,,,,,,,,,,,,,,,,,,,,,,,,,,,,,,
H9153,West Virginia Senior Advantage (HMO SNP),"West Virginia Senior Advantage, Inc.","Stonerise Senior Advantage Holdings, LLC",No,N/A,N/A,N/A,N/A,,,,,,,,,,,,,,,,,,,,,,,,,,,,,,,,,,,,,,,,,,,,
H9190,Gateway Health Medicare Assured,"Gateway Health Plan Of Ohio, Inc.","Gateway Health Plan, LP",No,D,F,N/A,F,,,,,,,,,,,,,,,,,,,,,,,,,,,,,,,,,,,,,,,,,,,,
H9207,Health Partners Medicare,"Health Partners Plans, Inc.","Health Partners Plans, Inc.",No,D,F,N/A,F,,,,,,,,,,,,,,,,,,,,,,,,,,,,,,,,,,,,,,,,,,,,
H9208,RiverLink Health,Riverlink Health,Catholic Health Initiatives,No,B,A,N/A,B,,,,,,,,,,,,,,,,,,,,,,,,,,,,,,,,,,,,,,,,,,,,
H9276,Allwell,"Sunshine Health Community Solutions, Inc.",Centene Corporation,No,N/A,N/A,N/A,N/A,,,,,,,,,,,,,,,,,,,,,,,,,,,,,,,,,,,,,,,,,,,,
H9287,Allwell,"Health Net Community Solutions Of Arizona, Inc.",Centene Corporation,No,N/A,N/A,N/A,N/A,,,,,,,,,,,,,,,,,,,,,,,,,,,,,,,,,,,,,,,,,,,,
H9302,Soundpath Health,Soundpath Health,Catholic Health Initiatives,No,B,A,N/A,B,,,,,,,,,,,,,,,,,,,,,,,,,,,,,,,,,,,,,,,,,,,,
H9312,Fresenius Health Plans,Fresenius Health Plans Insurance Company,Fresenius Medicare Care AG & Co. KGaA,No,D,F,N/A,F,,,,,,,,,,,,,,,,,,,,,,,,,,,,,,,,,,,,,,,,,,,,
H9403,Eon Health,"Eon Health, Inc. (sc)","Eon Health Plan, LLC",No,N/A,N/A,N/A,N/A,,,,,,,,,,,,,,,,,,,,,,,,,,,,,,,,,,,,,,,,,,,,
H9408,Vibra Health Plan,"Vibra Health Plan, Inc.",Capital BlueCross,No,N/A,N/A,N/A,N/A,,,,,,,,,,,,,,,,,,,,,,,,,,,,,,,,,,,,,,,,,,,,
H9412,Geisinger Gold,"Geisinger Quality Options, Inc.",Geisinger Health System,No,B,A,N/A,B,,,,,,,,,,,,,,,,,,,,,,,,,,,,,,,,,,,,,,,,,,,,
H9460,Cigna-HealthSpring,"Cigna Healthcare Of St Louis, Inc.",CIGNA,No,C,C,N/A,D,,,,,,,,,,,,,,,,,,,,,,,,,,,,,,,,,,,,,,,,,,,,
H9525,Anthem Blue Cross and Blue Shield,Compcare Health Services Insurance Corporation,Anthem Inc.,No,C,C,N/A,D,,,,,,,,,,,,,,,,,,,,,,,,,,,,,,,,,,,,,,,,,,,,
H9572,Blue Cross Blue Shield of Michigan,Bcbs Of Michigan Mutual Insurance Company,Blue Cross Blue Shield of Michigan Mutual Insuranc,No,A,A,N/A,A,,,,,,,,,,,,,,,,,,,,,,,,,,,,,,,,,,,,,,,,,,,,
H9585,BMC HealthNet Plan Senior Care Options,"Boston Medical Center Health Plan, Inc.","BMC Health System, Inc.",No,E,D,N/A,E,,,,,,,,,,,,,,,,,,,,,,,,,,,,,,,,,,,,,,,,,,,,
H9589,Eon Health,"Eon Health, Inc. (ga)","Eon Health Plan, LLC",No,N/A,N/A,N/A,N/A,,,,,,,,,,,,,,,,,,,,,,,,,,,,,,,,,,,,,,,,,,,,
H9595,Molina Healthcare of Virginia,"Molina Healthcare Of Virginia, Inc.","Molina Healthcare, Inc.,",No,N/A,N/A,N/A,N/A,,,,,,,,,,,,,,,,,,,,,,,,,,,,,,,,,,,,,,,,,,,,
H9615,MVP HEALTH CARE,"Mvp Health Plan, Inc.","MVP Health Care, Inc.",No,A,A,N/A,A,,,,,,,,,,,,,,,,,,,,,,,,,,,,,,,,,,,,,,,,,,,,
H9630,Allwell,"Arkansas Health And Wellness Health Plan, Inc",Centene Corporation,No,N/A,N/A,N/A,N/A,,,,,,,,,,,,,,,,,,,,,,,,,,,,,,,,,,,,,,,,,,,,
H9699,Health Advantage,"Hmo Partners, Inc.",USAble Mutual Insurance Company,No,C,C,N/A,D,,,,,,,,,,,,,,,,,,,,,,,,,,,,,,,,,,,,,,,,,,,,
H9725,Cigna-HealthSpring,"Cigna Healthcare Of North Carolina, Inc.",CIGNA,No,C,C,N/A,D,,,,,,,,,,,,,,,,,,,,,,,,,,,,,,,,,,,,,,,,,,,,
H9730,WellCare,"Wellcare Health Insurance Company Of Kentucky, Inc","WellCare Health Plans, Inc.",No,D,F,N/A,F,,,,,,,,,,,,,,,,,,,,,,,,,,,,,,,,,,,,,,,,,,,,
H9808,HealthTeam Advantage,Care N' Care Insurance Company Of North Carolina,Moses H. Cone Memorial Hospital Corp.,No,B,B,N/A,B,,,,,,,,,,,,,,,,,,,,,,,,,,,,,,,,,,,,,,,,,,,,
H9811,Allwell,"Magnolia Health Plan, Inc.",Centene Corporation,No,N/A,N/A,N/A,N/A,,,,,,,,,,,,,,,,,,,,,,,,,,,,,,,,,,,,,,,,,,,,
H9834,Senior Preferred,Gundersen Health Plan Of Minnesota,University of Wisconsin Hospitals and Clincs Autho,No,A,A,N/A,A,,,,,,,,,,,,,,,,,,,,,,,,,,,,,,,,,,,,,,,,,,,,
H9870,Passport Advantage,"University Health Care, Inc.","University Health Care, Inc.",No,D,G,N/A,F,,,,,,,,,,,,,,,,,,,,,,,,,,,,,,,,,,,,,,,,,,,,
H9877,Virginia Premier,"Virginia Premier Health Plan, Inc.",Virginia Cwlth University Hlth System Authority,No,N/A,N/A,N/A,N/A,,,,,,,,,,,,,,,,,,,,,,,,,,,,,,,,,,,,,,,,,,,,
H9886,Anthem Blue Cross and Blue Shield,"Hmo Missouri, Inc.",Anthem Inc.,No,C,C,N/A,D,,,,,,,,,,,,,,,,,,,,,,,,,,,,,,,,,,,,,,,,,,,,
H9915,"MedStar Family Choice, Inc","Medstar Family Choice, Inc.","Medstar Health, Inc.",No,C,D,N/A,D,,,,,,,,,,,,,,,,,,,,,,,,,,,,,,,,,,,,,,,,,,,,
H9954,Anthem Blue Cross and Blue Shield,"Anthem Insurance Companies, Inc.",Anthem Inc.,No,C,E,N/A,D,,,,,,,,,,,,,,,,,,,,,,,,,,,,,,,,,,,,,,,,,,,,
R0110,Humana Insurance Company,Humana Insurance Company,Humana Inc.,No,D,F,N/A,F,,,,,,,,,,,,,,,,,,,,,,,,,,,,,,,,,,,,,,,,,,,,
R0865,Humana Insurance Company,Humana Insurance Company,Humana Inc.,No,D,F,N/A,F,,,,,,,,,,,,,,,,,,,,,,,,,,,,,,,,,,,,,,,,,,,,
R0923,Humana Insurance Company,Humana Insurance Company,Humana Inc.,No,D,F,N/A,F,,,,,,,,,,,,,,,,,,,,,,,,,,,,,,,,,,,,,,,,,,,,
R1390,Humana Insurance Company,Humana Insurance Company,Humana Inc.,No,D,F,N/A,F,,,,,,,,,,,,,,,,,,,,,,,,,,,,,,,,,,,,,,,,,,,,
R1532,Humana Insurance Company,Humana Insurance Company,Humana Inc.,No,D,F,N/A,F,,,,,,,,,,,,,,,,,,,,,,,,,,,,,,,,,,,,,,,,,,,,
R1548,UnitedHealthcare,Unitedhealthcare Insurance Co Of The River Valley,"UnitedHealth Group, Inc.",No,N/A,N/A,N/A,N/A,,,,,,,,,,,,,,,,,,,,,,,,,,,,,,,,,,,,,,,,,,,,
R3175,UnitedHealthcare,Unitedhealthcare Insurance Company,"UnitedHealth Group, Inc.",No,D,G,N/A,F,,,,,,,,,,,,,,,,,,,,,,,,,,,,,,,,,,,,,,,,,,,,
R3332,Florida Blue,"Blue Cross And Blue Shield Of Florida, Inc.",Guidewell Mutual Holding Corporation,No,B,A,N/A,B,,,,,,,,,,,,,,,,,,,,,,,,,,,,,,,,,,,,,,,,,,,,
R3392,Humana Insurance Company,Humana Insurance Company,Humana Inc.,No,D,F,N/A,F,,,,,,,,,,,,,,,,,,,,,,,,,,,,,,,,,,,,,,,,,,,,
R3444,UnitedHealthcare,Care Improvement Plus South Central Insurance Co.,"UnitedHealth Group, Inc.",No,D,F,N/A,F,,,,,,,,,,,,,,,,,,,,,,,,,,,,,,,,,,,,,,,,,,,,
R3887,Humana Insurance Company,Humana Insurance Company,Humana Inc.,No,D,F,N/A,F,,,,,,,,,,,,,,,,,,,,,,,,,,,,,,,,,,,,,,,,,,,,
R4182,Humana Insurance Company,Humana Insurance Company,Humana Inc.,No,D,F,N/A,F,,,,,,,,,,,,,,,,,,,,,,,,,,,,,,,,,,,,,,,,,,,,
R4845,Humana Insurance Company,Humana Insurance Company,Humana Inc.,No,D,F,N/A,F,,,,,,,,,,,,,,,,,,,,,,,,,,,,,,,,,,,,,,,,,,,,
R5329,UnitedHealthcare,"Sierra Health And Life Insurance Company, Inc.","UnitedHealth Group, Inc.",No,N/A,N/A,N/A,N/A,,,,,,,,,,,,,,,,,,,,,,,,,,,,,,,,,,,,,,,,,,,,
R5342,UnitedHealthcare,Unitedhealthcare Insurance Company Of New York,"UnitedHealth Group, Inc.",No,C,C,N/A,D,,,,,,,,,,,,,,,,,,,,,,,,,,,,,,,,,,,,,,,,,,,,
R5361,Humana Insurance Company,Humana Insurance Company,Humana Inc.,No,D,F,N/A,F,,,,,,,,,,,,,,,,,,,,,,,,,,,,,,,,,,,,,,,,,,,,
R5495,Humana Insurance Company,Humana Insurance Company,Humana Inc.,No,D,F,N/A,F,,,,,,,,,,,,,,,,,,,,,,,,,,,,,,,,,,,,,,,,,,,,
R5826,Humana Insurance Company,Humana Insurance Company,Humana Inc.,No,C,C,N/A,D,,,,,,,,,,,,,,,,,,,,,,,,,,,,,,,,,,,,,,,,,,,,
R5941,Anthem Blue Cross and Blue Shield,"Anthem Insurance Companies, Inc.",Anthem Inc.,No,C,C,N/A,D,,,,,,,,,,,,,,,,,,,,,,,,,,,,,,,,,,,,,,,,,,,,
R6694,Aetna Medicare,Aetna Life Insurance Company,Aetna Inc.,No,B,A,N/A,B,,,,,,,,,,,,,,,,,,,,,,,,,,,,,,,,,,,,,,,,,,,,
R6801,UnitedHealthcare,Care Improvement Plus Of Texas Insurance Company,"UnitedHealth Group, Inc.",No,C,D,N/A,D,,,,,,,,,,,,,,,,,,,,,,,,,,,,,,,,,,,,,,,,,,,,
R7220,Humana Insurance Company,Humana Insurance Company,Humana Inc.,No,D,F,N/A,F,,,,,,,,,,,,,,,,,,,,,,,,,,,,,,,,,,,,,,,,,,,,
R7315,Humana Insurance Company,Humana Insurance Company,Humana Inc.,No,D,F,N/A,F,,,,,,,,,,,,,,,,,,,,,,,,,,,,,,,,,,,,,,,,,,,,
R7444,UnitedHealthcare,Unitedhealthcare Insurance Company,"UnitedHealth Group, Inc.",No,C,B,N/A,B,,,,,,,,,,,,,,,,,,,,,,,,,,,,,,,,,,,,,,,,,,,,
S0522,UnitedHealthcare,"Symphonix Health Insurance, Inc.","UnitedHealth Group, Inc.",No,N/A,N/A,D,N/A,,,,,,,,,,,,,,,,,,,,,,,,,,,,,,,,,,,,,,,,,,,,
S0586,MVP Health Care,"Mvp Health Plan, Inc.","MVP Health Care, Inc.",No,N/A,N/A,C,N/A,,,,,,,,,,,,,,,,,,,,,,,,,,,,,,,,,,,,,,,,,,,,
S0655,Tufts Health Plan,Tufts Insurance Company,"Tufts Associated HMO, Inc.",No,N/A,N/A,A,N/A,,,,,,,,,,,,,,,,,,,,,,,,,,,,,,,,,,,,,,,,,,,,
S1030,BlueRx (PDP),Bcbs Of Alabama & Utic Insurance Company,BlueCross BlueShield of Alabama,No,N/A,N/A,C,N/A,,,,,,,,,,,,,,,,,,,,,,,,,,,,,,,,,,,,,,,,,,,,
S1140,BlueCross BlueShield of WNY and BlueShield of NENY,Healthnow New York Inc.,HealthNow New York Inc.,No,N/A,N/A,D,N/A,,,,,,,,,,,,,,,,,,,,,,,,,,,,,,,,,,,,,,,,,,,,
S1822,HealthPartners National PDP,"Healthpartners, Inc.","HealthPartners, Inc.",No,N/A,N/A,A,N/A,,,,,,,,,,,,,,,,,,,,,,,,,,,,,,,,,,,,,,,,,,,,
S2468,Blue Shield of California,California Physicians' Service,California Physicians' Service,No,N/A,N/A,B,N/A,,,,,,,,,,,,,,,,,,,,,,,,,,,,,,,,,,,,,,,,,,,,
S2668,Farm Bureau Health Plans,Members Health Insurance Company,Tennessee Rural Health Improvement Association,No,N/A,N/A,N/A,N/A,,,,,,,,,,,,,,,,,,,,,,,,,,,,,,,,,,,,,,,,,,,,
S2874,"Humana Insurance of Puerto Rico, Inc.","Humana Insurance Of Puerto Rico, Inc.",Humana Inc.,Yes,N/A,N/A,C,N/A,,,,,,,,,,,,,,,,,,,,,,,,,,,,,,,,,,,,,,,,,,,,
S2893,Blue MedicareRx,Anthem Insurance Co. & Bcbsma & Bcbsri & Bcbsvt,Anthem Insurance Co. & BCBSMA & BCBSRI & BCBSVT,No,N/A,N/A,B,N/A,,,,,,,,,,,,,,,,,,,,,,,,,,,,,,,,,,,,,,,,,,,,
S3389,UPMC Health Plan,"Upmc Health Benefits, Inc.",UPMC Health System,No,N/A,N/A,A,N/A,,,,,,,,,,,,,,,,,,,,,,,,,,,,,,,,,,,,,,,,,,,,
S3521,"Excellus Health Plan, Inc","Excellus Health Plan, Inc.","Lifetime Healthcare, Inc.",No,N/A,N/A,B,N/A,,,,,,,,,,,,,,,,,,,,,,,,,,,,,,,,,,,,,,,,,,,,
S3875,Granite Alliance,Granite Alliance Insurance Company,"Magellan Health, Inc.",No,N/A,N/A,B,N/A,,,,,,,,,,,,,,,,,,,,,,,,,,,,,,,,,,,,,,,,,,,,
S3994,HMSAs Medicare Rx Plan,Hawaii Medical Service Association (hmsa),Hawaii Medical Service Association,No,N/A,N/A,N/A,N/A,,,,,,,,,,,,,,,,,,,,,,,,,,,,,,,,,,,,,,,,,,,,
S4054,Senior Care Plus,Hometown Health Plan,Renown Health,No,N/A,N/A,C,N/A,,,,,,,,,,,,,,,,,,,,,,,,,,,,,,,,,,,,,,,,,,,,
S4219,Health Alliance Medicare Prescription Plan,Health Alliance Medical Plans,The Carle Foundation,No,N/A,N/A,A,N/A,,,,,,,,,,,,,,,,,,,,,,,,,,,,,,,,,,,,,,,,,,,,
S4501,Pharmacy Benefit Dimensions PDP,Independent Health Benefits Corporation,"Independent Health Association, Inc.",No,N/A,N/A,C,N/A,,,,,,,,,,,,,,,,,,,,,,,,,,,,,,,,,,,,,,,,,,,,
S4607,Magellan Rx Medicare,Merit Health Insurance Company,"Magellan Health, Inc.",No,N/A,N/A,D,N/A,,,,,,,,,,,,,,,,,,,,,,,,,,,,,,,,,,,,,,,,,,,,
S4802,WellCare,"Wellcare Prescription Insurance, Inc.","WellCare Health Plans, Inc.",No,N/A,N/A,D,N/A,,,,,,,,,,,,,,,,,,,,,,,,,,,,,,,,,,,,,,,,,,,,
S5450,SecurityCare of Tennessee,"Securitycare Of Tennessee, Inc.",BlueCross BlueShield of Tennessee,No,N/A,N/A,N/A,N/A,,,,,,,,,,,,,,,,,,,,,,,,,,,,,,,,,,,,,,,,,,,,
S5540,Blue Cross and Blue Shield of North Carolina,Blue Cross And Blue Shield Of North Carolina,Blue Cross and Blue Shield of North Carolina,No,N/A,N/A,B,N/A,,,,,,,,,,,,,,,,,,,,,,,,,,,,,,,,,,,,,,,,,,,,
S5552,Humana Insurance Company of New York,Humana Insurance Company Of New York,Humana Inc.,No,N/A,N/A,C,N/A,,,,,,,,,,,,,,,,,,,,,,,,,,,,,,,,,,,,,,,,,,,,
S5584,Blue Cross Blue Shield of Michigan,Bcbs Of Michigan Mutual Insurance Company,Blue Cross Blue Shield of Michigan Mutual Insuranc,No,N/A,N/A,C,N/A,,,,,,,,,,,,,,,,,,,,,,,,,,,,,,,,,,,,,,,,,,,,
S5588,Paramount Prescription Drug Plan,Paramount Insurance Company,Promedica Health System,No,N/A,N/A,C,N/A,,,,,,,,,,,,,,,,,,,,,,,,,,,,,,,,,,,,,,,,,,,,
S5593,HM Health Insurance Company,Hm Health Insurance Company,Highmark Health,No,N/A,N/A,B,N/A,,,,,,,,,,,,,,,,,,,,,,,,,,,,,,,,,,,,,,,,,,,,
S5596,Blue MedicareRx,"Anthem Insurance Companies, Inc.",Anthem Inc.,No,N/A,N/A,B,N/A,,,,,,,,,,,,,,,,,,,,,,,,,,,,,,,,,,,,,,,,,,,,
S5601,SilverScript,Silverscript Insurance Company,CVS Health Corporation,No,N/A,N/A,D,N/A,,,,,,,,,,,,,,,,,,,,,,,,,,,,,,,,,,,,,,,,,,,,
S5609,Asuris Northwest Health,Asuris Northwest Health,"Cambia Health Solutions, Inc.",No,N/A,N/A,B,N/A,,,,,,,,,,,,,,,,,,,,,,,,,,,,,,,,,,,,,,,,,,,,
S5617,Cigna-HealthSpring Rx,Cigna Health And Life Insurance Company,CIGNA,No,N/A,N/A,D,N/A,,,,,,,,,,,,,,,,,,,,,,,,,,,,,,,,,,,,,,,,,,,,
S5660,Express Scripts Medicare,Medco Containment Life And Medco Containment Ny,Express Scripts Holding Company,No,N/A,N/A,C,N/A,,,,,,,,,,,,,,,,,,,,,,,,,,,,,,,,,,,,,,,,,,,,
S5715,"HISC - Blue Cross Blue Shield of IL, NM, OK, TX",Hcsc Insurance Services Company,Health Care Service Corporation,No,N/A,N/A,B,N/A,,,,,,,,,,,,,,,,,,,,,,,,,,,,,,,,,,,,,,,,,,,,
S5726,Blue MedicareRx,Blue Cross And Blue Shield Of Kansas,Blue Cross Blue Shield of Kansas,No,N/A,N/A,B,N/A,,,,,,,,,,,,,,,,,,,,,,,,,,,,,,,,,,,,,,,,,,,,
S5743,MedicareBlue Rx,"Wellmark  Ia & Sd, & Bcbs Mn, Mt, Ne, Nd,& Wy","BCBS MN, MT, NE, ND, WY, Wellmark IA and SD",No,N/A,N/A,B,N/A,,,,,,,,,,,,,,,,,,,,,,,,,,,,,,,,,,,,,,,,,,,,
S5753,WPS Health Insurance,Wisconsin Physicians Service Insurance Corporation,Wisconsin Physicians Service Ins Corporation.,No,N/A,N/A,B,N/A,,,,,,,,,,,,,,,,,,,,,,,,,,,,,,,,,,,,,,,,,,,,
S5768,First Health Part D,First Health Life & Health Insurance Company,Aetna Inc.,No,N/A,N/A,C,N/A,,,,,,,,,,,,,,,,,,,,,,,,,,,,,,,,,,,,,,,,,,,,
S5795,ARKANSAS BLUE CROSS AND BLUE SHIELD,Usable Mutual Insurance Company,USAble Mutual Insurance Company,No,N/A,N/A,B,N/A,,,,,,,,,,,,,,,,,,,,,,,,,,,,,,,,,,,,,,,,,,,,
S5805,UnitedHealthcare,Unitedhealthcare Insurance Company Of New York,"UnitedHealth Group, Inc.",No,N/A,N/A,B,N/A,,,,,,,,,,,,,,,,,,,,,,,,,,,,,,,,,,,,,,,,,,,,
S5810,Aetna Medicare,Aetna Life Insurance Company,Aetna Inc.,No,N/A,N/A,D,N/A,,,,,,,,,,,,,,,,,,,,,,,,,,,,,,,,,,,,,,,,,,,,
S5820,UnitedHealthcare,Unitedhealthcare Insurance Company,"UnitedHealth Group, Inc.",No,N/A,N/A,C,N/A,,,,,,,,,,,,,,,,,,,,,,,,,,,,,,,,,,,,,,,,,,,,
S5857,Priority Health Medicare,Priority Health Insurance Company,Spectrum Health System,No,N/A,N/A,A,N/A,,,,,,,,,,,,,,,,,,,,,,,,,,,,,,,,,,,,,,,,,,,,
S5877,EMI Health,Educators Mutual Insurance Association,Educators Mutual Insurance Association,No,N/A,N/A,A,N/A,,,,,,,,,,,,,,,,,,,,,,,,,,,,,,,,,,,,,,,,,,,,
S5884,Humana Insurance Company,Humana Insurance Company,Humana Inc.,No,N/A,N/A,C,N/A,,,,,,,,,,,,,,,,,,,,,,,,,,,,,,,,,,,,,,,,,,,,
S5904,Florida Blue,"Blue Cross And Blue Shield Of Florida, Inc.",Guidewell Mutual Holding Corporation,No,N/A,N/A,B,N/A,,,,,,,,,,,,,,,,,,,,,,,,,,,,,,,,,,,,,,,,,,,,
S5916,Regence BlueShield of Idaho and Regence BC BS Utah,Regence Blueshield Of Idaho And Regence Bc Bs Utah,"Cambia Health Solutions, Inc.",No,N/A,N/A,B,N/A,,,,,,,,,,,,,,,,,,,,,,,,,,,,,,,,,,,,,,,,,,,,
S5921,UnitedHealthcare,Unitedhealthcare Ins. Co. And Unitedhealthcare Ny,"UnitedHealth Group, Inc.",No,N/A,N/A,C,N/A,,,,,,,,,,,,,,,,,,,,,,,,,,,,,,,,,,,,,,,,,,,,
S5953,Blue Cross Blue Shield of South Carolina,Bluecross And Blueshield Of South Carolina,BlueCross BlueShield of South Carolina (BCBSSC),No,N/A,N/A,B,N/A,,,,,,,,,,,,,,,,,,,,,,,,,,,,,,,,,,,,,,,,,,,,
S5960,UniCare,Unicare Life & Health Insurance Company,Anthem Inc.,No,N/A,N/A,B,N/A,,,,,,,,,,,,,,,,,,,,,,,,,,,,,,,,,,,,,,,,,,,,
S5966,EmblemHealth Medicare PDP,Group Health Incorporated,"EmblemHealth, Inc.",No,N/A,N/A,A,N/A,,,,,,,,,,,,,,,,,,,,,,,,,,,,,,,,,,,,,,,,,,,,
S5975,"Moda Health Plan, Inc.","Moda Health Plan, Inc.","Moda, Inc.",No,N/A,N/A,A,N/A,,,,,,,,,,,,,,,,,,,,,,,,,,,,,,,,,,,,,,,,,,,,
S5983,Express Scripts Medicare,Medco Containment Insurance Company Of New York,Express Scripts Holding Company,No,N/A,N/A,D,N/A,,,,,,,,,,,,,,,,,,,,,,,,,,,,,,,,,,,,,,,,,,,,
S5993,Horizon Blue Cross Blue Shield of New Jersey,Horizon Insurance Company,"Horizon Healthcare Services, Inc.",No,N/A,N/A,B,N/A,,,,,,,,,,,,,,,,,,,,,,,,,,,,,,,,,,,,,,,,,,,,
S6506,Blue Cross and Blue Shield of Arizona,"Blue Cross And Blue Shield Arizona, Inc.",Blue Cross Blue Shield of Arizona,No,N/A,N/A,C,N/A,,,,,,,,,,,,,,,,,,,,,,,,,,,,,,,,,,,,,,,,,,,,
S6875,Select Option,Qcc Insurance Company,"Independence Health Group, Inc.",No,N/A,N/A,A,N/A,,,,,,,,,,,,,,,,,,,,,,,,,,,,,,,,,,,,,,,,,,,,
S6986,"MII Life, Inc.","Mii Life, Inc.","Aware Integrated, Inc.",No,N/A,N/A,N/A,N/A,,,,,,,,,,,,,,,,,,,,,,,,,,,,,,,,,,,,,,,,,,,,
S7694,EnvisionRx Plus,Envision Insurance Company,Rite Aid Corporation,No,N/A,N/A,D,N/A,,,,,,,,,,,,,,,,,,,,,,,,,,,,,,,,,,,,,,,,,,,,
S8067,Avalon Insurance Company,Avalon Insurance Company,Capital BlueCross,No,N/A,N/A,C,N/A,,,,,,,,,,,,,,,,,,,,,,,,,,,,,,,,,,,,,,,,,,,,
S8841,"Optum Insurance of Ohio, Inc.","Optum Insurance Of Ohio, Inc.","UnitedHealth Group, Inc.",No,N/A,N/A,B,N/A,,,,,,,,,,,,,,,,,,,,,,,,,,,,,,,,,,,,,,,,,,,,
S8899,"TakeCare Insurance Company, Inc.","Takecare Insurance Company, Inc.",TakeCare Health Systems,No,N/A,N/A,N/A,N/A,,,,,,,,,,,,,,,,,,,,,,,,,,,,,,,,,,,,,,,,,,,,
S9579,Transamerica Life Insurance Company,Transamerica Life Insurance Company,Aegon N.V.,No,N/A,N/A,B,N/A,,,,,,,,,,,,,,,,,,,,,,,,,,,,,,,,,,,,,,,,,,,,
S9701,Navitus MedicareRx,"Dean Health Insurance, Inc.",SSM Healthcare Corporation,No,N/A,N/A,A,N/A,,,,,,,,,,,,,,,,,,,,,,,,,,,,,,,,,,,,,,,,,,,,
